Bairro,Numero de quartos,Metros quadrados,Vagas de Garagem,Numero de Banheiros,Preço
Waldemar Hauer,2,136,2,3,460000
Conjunto Residencial Marajoara,2,45,1,1,190000
Centro,4,650,2,5,2500000
Jardim São Tomás,3,85,2,1,350000
Residencial Vila Romana,2,53,1,1,260000
Dom Pedro,3,140,4,2,1280000
Gleba Ribeirão Limeiro,1,44,1,1,198000
Jardim Athenas,2,70,1,1,240000
Terra Bonita,2,62,3,2,580000
Vale dos Tucanos,3,71,1,2,330000
Jardim Shangri-la A,5,390,1,5,1400000
Gleba Fazenda Palhano,2,47,1,1,250000
Conjunto Farid Libos,2,85,2,1,230000
Guanabara Parque Boulevard,3,84,1,2,585000
Paraíso,2,47,1,1,147000
Gleba Fazenda Palhano,2,103,3,3,1350000
Jardim Maria Luiza,3,100,4,2,369650
Residencial José Lázaro Gouvea,3,300,4,4,3300000
Jardim Colúmbia D,3,120,1,2,455000
Vale dos Tucanos,2,118,1,3,350000
Centro,3,89,1,2,317000
Vivendas do Arvoredo,3,280,2,2,2800000
Brasília,3,100,2,2,510000
Terra Bonita,4,400,4,3,2000000
Centro,3,63,1,1,250000
Jardim Morumbi,1,50,1,1,295000
Brasília,3,266,5,4,1150000
Parque Residencial Joaquim Toledo Piza,3,135,2,2,695000
Gleba Fazenda Palhano,3,162,2,4,1290000
Centro,2,51,1,1,340000
Jardim Santa Cruz,2,50,1,1,130000
Conjunto Habitacional Jamile Dequech,3,55,1,1,170000
Jardim Prefeito Milton Menezes,4,154,5,3,725000
Jardim Imagawa,2,250,1,1,220000
Vale dos Tucanos,3,85,2,3,600000
Gleba Fazenda Palhano,3,221,3,5,2150000
Pacaembu,3,90,2,2,500000
Leonor,2,46,1,1,180000
Cafezal,3,200,4,2,647000
Jardim Maria Celina,3,70,1,1,290000
Centro,3,90,1,3,410000
Vivendas do Arvoredo,4,285,4,5,2800000
Conjunto Habitacional Mister Thomas,4,220,3,2,215000
Amaro,3,110,5,2,600000
Nova Olinda,2,56,1,1,175000
Vila Ernest,3,95,1,2,325000
Esperança,3,450,3,5,3500000
Condomínio Vale do Arvoredo,4,220,4,2,1450000
Centro,3,74,1,2,320000
Leonor,3,79,2,3,345000
Jardim Alvorada,4,280,2,2,780000
Centro,1,43,1,1,480000
Colúmbia,3,98,2,1,380000
Brasília,3,187,4,5,1600000
Centro,3,95,2,2,490000
Gleba Fazenda Palhano,3,139,2,5,1600000
Residencial Verona,2,105,1,1,380000
Centro,3,204,2,5,1240000
Jardim Higienópolis,4,97,1,2,389000
Cidade Industrial 2,2,60,1,1,210000
Gleba Fazenda Palhano,3,75,1,2,640000
Parque Residencial Joaquim Toledo Piza,3,75,2,1,170000
Gleba Fazenda Palhano,2,43,1,1,265000
Jardim Europa,5,146,4,2,650000
Residencial José B Almeida,3,75,1,1,460000
Parque Jamaica,3,59,1,1,220000
Esperança,4,297,2,5,2990000
Centro,3,108,1,1,399000
Esperança,5,283,2,5,3200000
Guanabara,3,269,4,5,3400000
Jardim Alvorada,3,190,4,1,850000
Esperança,3,202,4,5,1850000
Gleba Fazenda Palhano,2,103,2,3,950000
Aragarça,5,250,1,3,2300000
Cidade Industrial 2,2,45,1,1,164790
Colinas,2,47,1,1,205000
Guanabara,4,668,4,5,5900000
Gleba Fazenda Palhano,2,47,1,1,280000
Jardim Presidente,2,71,2,2,791000
Gleba Fazenda Palhano,3,216,3,3,2100000
Gleba Fazenda Palhano,2,81,2,2,910000
Brasília,3,175,2,2,479000
Aurora,3,74,1,2,580000
Vivendas do Arvoredo,3,70,2,2,579000
Conjunto Habitacional Milton Gavetti,2,100,2,1,295000
Parque Jamaica,3,120,1,2,600000
Gleba Fazenda Palhano,3,139,2,4,1550000
Jardim do Leste,3,132,3,1,350000
Gleba Fazenda Palhano,3,164,2,4,1400000
Aquilles Sthengel,3,109,2,1,248000
Panorama,2,57,1,1,165000
Ouro Verde,2,45,1,1,160000
Olímpico,2,55,1,1,300000
Gleba Fazenda Palhano,3,68,2,1,500000
Centro,2,117,1,2,399000
Gleba Fazenda Palhano,3,195,2,4,2099000
Jardim Shangri-la A,3,67,1,2,400000
Vila Filipin,2,50,1,1,190000
Waldemar Hauer,3,134,1,3,480000
Gleba Fazenda Palhano,1,45,1,2,550000
Jardim Continental,3,69,1,1,215000
Vila Larsen 1,2,45,1,2,360000
Colúmbia,3,72,1,1,318000
São Vicente,2,50,1,1,269000
Gleba Fazenda Palhano,2,46,1,1,339550
Antares,3,65,1,1,235000
Jardim Palermo,3,127,1,3,480000
Centro,3,74,1,2,580000
Jardim Higienópolis,5,240,2,2,900000
Califórnia,3,604,2,2,600000
Gleba Fazenda Palhano,3,286,4,5,3100000
Granville Parque Residencial,3,270,4,3,1490000
Gleba Fazenda Palhano,2,62,1,2,669000
Jardim Vale Verde,3,80,2,1,290000
Pacaembu,3,220,3,1,600000
Brasília,3,135,2,3,575000
Esperança,4,267,2,5,2990000
Jardim Tropical,3,99,2,2,330000
Alto da Boa Vista,3,90,4,2,460000
Centro,2,56,1,2,444900
Vivendas do Arvoredo,5,690,3,5,5250000
Jardim Nova Esperança,3,90,2,2,200000
Mediterrâneo,5,549,4,2,3500000
Jardim Moema,2,75,1,1,278000
Terra Bonita,3,84,2,2,860000
Gleba Fazenda Palhano,3,80,2,2,580000
Conjunto Habitacional Alexandre Urbanas,3,250,4,4,1489740
Colinas,3,85,2,2,340000
Antares,3,66,1,2,240000
Jardim Continental,4,286,4,2,630000
Gleba Fazenda Palhano,3,112,2,2,1250000
Centro,3,170,2,4,550000
Gleba Fazenda Palhano,4,234,4,5,2550000
Pinheiros,3,103,3,2,500000
Colonial,3,310,2,4,950000
Petrópolis,3,78,1,2,650000
Paulista,5,173,3,3,560000
Terra Bonita,3,70,1,1,550000
Esperança,4,600,5,5,5200000
Gleba Fazenda Palhano,3,122,2,3,1400000
Jardim Padovani,3,79,2,2,265000
Vila Fujita,3,102,2,1,370000
Santa Rosa,3,108,3,1,1300000
Gleba Fazenda Palhano,3,133,2,3,1480000
Aurora,2,51,1,1,410000
Gleba Fazenda Palhano,3,64,1,2,480000
Brasília,3,74,1,2,385000
Centro,1,46,1,1,320000
Centro,1,31,1,1,150000
Jardim Tókio,2,58,1,2,220000
Nossa Senhora de Lourdes,3,74,1,2,530000
Santa Rosa,3,323,4,3,3850000
Jardim São Paulo II,2,63,1,2,250000
Santa Rosa,3,132,3,5,1490000
Aragarça,3,84,2,1,340000
Gleba Fazenda Palhano,3,181,2,4,2790000
Paraíso,2,51,1,1,175000
Brasília,3,140,1,3,650000
Vale dos Tucanos,3,76,1,2,469000
Santa Izabel,3,73,1,2,240000
Panorama,2,55,1,1,155000
Luiz de Sá,2,78,1,1,180000
Leonor,3,100,4,2,260000
Brasília,3,148,4,3,795000
Cláudia,3,72,1,2,350000
Centro,3,123,2,3,590000
Gleba Fazenda Palhano,3,139,2,4,1600000
São Vicente,3,67,1,2,445000
Parque Jamaica,3,248,4,4,1490000
Gleba Fazenda Palhano,2,46,1,1,285000
Parigot de Souza 2,3,130,2,2,250000
Conjunto Habitacional Alexandre Urbanas,3,144,4,3,1150000
Conjunto Café,3,75,1,1,200000
Andrade,3,71,1,3,280000
Petrópolis,3,103,2,2,1249900
Gleba Fazenda Palhano,3,195,3,4,2290000
Jardim Europa,3,68,1,1,240000
Operária,4,265,4,5,1490000
Gleba Fazenda Palhano,3,81,2,1,750000
Gleba Simon Frazer,3,79,1,2,450000
Kennedy,3,280,2,4,1560000
Jardim São Jorge,3,95,2,2,140000
Jardim Portal dos Pioneiros,3,100,2,2,480000
Vila Casoni,3,69,1,1,270000
Jardim Montecatini,2,72,2,1,360000
Jardim Belém,2,82,1,1,250000
Centro,3,74,1,2,560000
Gleba Fazenda Palhano,2,47,1,1,250000
Brasília,2,51,1,1,365000
Perobinha,2,43,1,1,115000
Jardim Higienópolis,1,47,1,1,185000
Gleba Fazenda Palhano,3,185,3,5,1950000
Conjunto Habitacional Alexandre Urbanas,3,267,4,3,1700000
Champagnat,3,58,2,2,398000
Andrade,4,196,4,4,770000
Jardim Maria Luiza,3,141,2,2,580000
Colinas,2,72,2,2,260000
Vila Brasil,3,193,4,3,700000
Gleba Fazenda Palhano,2,114,2,3,1375000
Residencial Verona,2,58,1,2,230000
Vila Ipiranga,2,52,1,1,290000
Jardim Shangri-la A,3,67,1,2,580000
Recanto do Salto,4,280,4,5,2700000
Conjunto Residencial Marajoara,3,120,2,3,378000
Pacaembu,2,80,5,2,260000
Centro,3,168,1,4,540000
Sabará III,3,90,2,2,359380
Indusville,2,70,1,1,425000
Centro,2,51,1,1,360000
Jardim Morumbi,3,156,4,2,1100000
Brasília,3,64,1,2,471750
Antares,3,180,4,1,600000
São Pedro,4,89,3,2,614000
Guanabara,3,269,3,5,3800000
Brasília,3,200,3,2,297000
Colinas,3,88,1,2,350000
Residencial José B Almeida,3,250,3,2,630000
Ouro Branco,3,100,3,2,470000
Brasília,2,81,2,2,850000
Centro,4,280,3,5,1250000
Jardim Morumbi,4,211,4,5,1640000
Brasília,4,204,4,5,1790000
Centro,3,111,1,3,435000
Conceição,3,87,1,2,399000
Jardim do Sol,5,390,2,5,1200000
Vila Siam,2,71,1,2,620000
Recanto do Salto,3,256,2,5,2690000
Bela Suiça,3,108,4,3,650000
Marumbi,3,162,2,3,1050000
Esperança,3,184,4,3,1149000
Centro,3,70,1,2,240000
Parque Jamaica,2,41,1,1,159000
Centro,3,81,1,2,665000
Centro,3,204,2,5,1150000
Esperança,3,216,4,5,2350000
Bela Suiça,3,108,4,3,650000
Jardim Portal de Itamaracá,3,90,2,2,350000
Jardim Morumbi,2,53,1,1,350000
Jardim Portal de Itamaracá,3,84,2,2,350000
Alpes,3,170,2,3,400000
Caravelle,3,270,4,4,1200000
Aragarça,3,163,4,2,1280000
Industrial,5,202,5,2,538000
Jardim Nações Unidas,2,45,1,1,215000
Aurora,2,64,2,2,490000
Terras de Santana II,3,185,4,4,1650000
Lago Parque,4,364,5,5,2450000
Cidade Industrial 2,2,45,1,1,220000
Colinas,2,71,1,1,280000
Brasília,3,115,2,2,712000
Brasília,3,130,2,2,348000
Leonor,3,80,1,2,310000
Gleba Fazenda Palhano,2,50,1,1,325000
Gleba Fazenda Palhano,3,185,3,4,1796700
Jardim Morumbi,3,60,1,1,245000
Leonor,3,95,1,1,245000
Terra Bonita,3,67,1,1,360000
Centro,3,86,2,2,799000
Nikko,5,460,5,5,5000000
Leonor,2,63,4,1,275000
Jardim Strass,2,50,1,1,120000
Vale dos Tucanos,2,46,1,1,215000
Jardim Maria Luiza,2,41,1,1,189000
Centro,3,108,1,3,480000
Jardim dos Estados,2,80,2,2,335000
Quebec,3,251,2,1,700000
Brasília,3,260,2,3,644000
Cafezal,3,170,4,2,789000
Vila Filipin,2,43,1,1,175000
Jardim Presidente,3,71,1,2,650000
Gleba Fazenda Palhano,3,110,3,3,1250000
Gleba Fazenda Palhano,3,97,2,2,680000
Jardim do Lago,3,217,2,5,1670000
Gleba Fazenda Palhano,2,45,2,1,325000
Jardim Vilas Boas,3,120,1,2,750000
Colúmbia,3,84,2,1,490000
Aurora,3,75,1,2,580000
Gleba Fazenda Palhano,3,183,2,4,1925000
Jardim Vale Azul,5,180,2,4,650000
Gleba Fazenda Palhano,3,122,2,1,1250000
Jardim Sabará,2,47,1,1,180000
Brasília,2,45,1,1,198000
Jardim Planalto,3,111,1,2,530000
Terra Bonita,2,63,1,2,450000
Gleba Fazenda Palhano,2,76,1,1,550000
Gleba Fazenda Palhano,3,173,2,5,1890000
Residencial José Lázaro Gouvea,1,79,2,2,540000
Jardim Maria Luiza,2,45,1,1,190000
Colinas,2,65,2,2,320000
Santa Rosa,2,69,2,2,619000
Centro,3,108,1,2,470000
Vila Larsen 1,1,58,1,2,535000
Mediterrâneo,5,500,4,5,1599999
Conjunto Habitacional Jamile Dequech,2,130,1,1,245000
Bela Suiça,3,115,2,3,1250000
Vivendas do Arvoredo,5,500,4,5,4300000
Aurora,3,70,1,2,460000
Santa Mônica,3,180,1,3,720000
Guanabara Parque Boulevard,3,89,2,2,930000
Gleba Fazenda Palhano,3,79,2,2,570000
Califórnia,3,170,2,3,575000
Jardim Londrilar,3,166,2,4,1450000
Califórnia,4,246,1,1,570000
Gleba Ribeirão Limeiro,3,146,4,2,1180000
Parque Jamaica,2,45,1,1,180000
Parque Jamaica,3,66,1,2,325000
Centro,3,126,3,3,450000
Gleba Simon Frazer,3,144,2,2,595000
Santa Mônica,3,89,2,2,330000
Brasília,2,74,1,1,223000
Centro,1,37,1,1,320000
Terra Bonita,3,69,1,2,385000
Vale dos Tucanos,2,53,1,1,255000
Jardim Agari,3,75,1,2,335000
Santa Mônica,3,160,1,1,370000
Brasília,3,250,3,2,430000
Portal de Versalhes 1,2,55,1,1,230000
Santa Rosa,3,245,3,3,3390000
Heimtal,3,51,2,1,195000
Centro,3,148,2,3,800000
Conjunto Habitacional Alexandre Urbanas,3,190,2,4,1590000
Colinas,1,86,5,2,399000
Brasília,3,155,2,3,869000
Brasília,3,78,2,2,629000
Santa Rosa,3,127,2,3,1414000
Brasília,3,86,2,2,420000
Lagoa Dourada,2,55,1,1,140000
Gleba Fazenda Palhano,3,110,2,3,1250000
Centro,2,65,1,2,225000
Bela Suiça,2,70,2,2,550000
Gleba Fazenda Palhano,3,103,2,2,860000
Heimtal,3,97,1,2,540000
Leonor,3,360,4,2,820000
Vivendas do Arvoredo,3,178,2,5,2990000
Aspen Park Residence,4,280,4,4,1650000
Igapó,3,204,2,2,750000
Vila Shimabokuro,1,36,1,1,160000
Esperança,3,183,4,4,2100000
Jardim Santo André,3,105,3,1,210000
Colinas,2,65,1,1,248000
Brasília,2,45,1,1,207000
Jardim Agari,3,137,2,3,800000
Conceição,3,70,1,2,340000
Charrua,3,83,1,2,225000
Vitória,3,69,1,2,659000
Brasília,3,180,3,2,370000
Vila Ipiranga,2,66,1,2,405000
Jardim São Francisco de Assis,2,100,3,1,250000
Loteamento Chamonix,2,65,2,2,330000
Alpes,3,195,4,1,470000
Jardim Império do Sol,3,186,5,1,420000
Jardim Pérola,3,186,2,3,750000
Jardim Alvorada,4,280,3,4,1400000
Santa Rosa,3,86,2,2,890000
Jardim São Paulo,3,113,1,1,412000
Jardim Colúmbia D,2,90,2,1,410000
Parque Residencial Joaquim Toledo Piza,3,135,2,2,695000
Brasília,2,90,2,2,410000
Gleba Fazenda Palhano,4,211,4,4,1200000
Conjunto Habitacional Alexandre Urbanas,3,150,4,4,1050000
Conjunto Habitacional Doutor Farid Libos,2,43,1,1,195000
Iguaçu,4,400,4,4,950000
Brasília,2,47,1,1,250000
Jardim Morumbi,2,79,2,2,320000
Jardim Londrilar,3,133,1,2,580000
Jardim Tókio,3,70,4,1,250000
Antares,3,76,1,1,230000
Centro,3,148,2,5,1550000
Jardim Sabará,3,90,2,2,595000
Lima Azevedo,4,252,5,4,1900000
Residencial Santa Clara,3,250,2,2,1290000
Terras de Santana II,4,280,2,4,1600000
Jardim Maria Celina,1,62,2,1,129000
Jardim Morumbi,2,44,1,1,175000
Judith,3,110,2,2,770000
Vivendas do Arvoredo,3,81,1,2,540000
Brasília,3,59,1,1,396000
Centro,3,75,1,2,430000
Gleba Fazenda Palhano,2,68,2,2,570000
Brasília,2,69,2,2,636000
Conjunto Habitacional Alexandre Urbanas,3,175,2,1,479000
Industrial,2,47,1,1,148000
Conjunto Habitacional Alexandre Urbanas,3,140,2,1,890000
Gleba Simon Frazer,3,148,2,4,1180000
Santa Izabel,3,99,1,2,285000
Centro,2,75,1,2,580000
Gleba Fazenda Palhano,2,78,1,1,756000
Jardim Morumbi,2,47,1,1,275000
Jardim Maria Celina,2,55,1,1,80000
Colinas,2,80,1,2,369000
Jardim Delta,3,157,2,3,530000
Marumbi,2,49,1,1,139000
Centro,2,67,1,1,200000
Santa Rosa,2,77,1,2,850000
Rodocentro,5,500,4,5,4000000
Mediterrâneo,5,467,2,5,2850000
Esperança,3,216,3,4,2350000
Veraliz,3,71,2,2,547900
Gleba Fazenda Palhano,2,75,2,2,820000
Conjunto Farid Libos,2,62,1,1,265000
Brasília,3,186,3,3,425000
Ouro Verde,3,135,2,1,430000
Gleba Fazenda Palhano,3,138,2,5,1670000
Jardim Belo Horizonte,3,90,1,1,400000
Centro,2,59,1,1,325000
Santa Rosa,3,108,2,3,1280000
Santa Rosa,3,245,3,4,2500000
Terra Bonita,3,92,2,2,925000
Caravelle,5,330,4,4,1400000
Gleba Fazenda Palhano,2,47,1,1,260000
Tietê,3,70,1,1,165000
Jardim Novo Sabará,3,102,2,3,390000
Brasília,3,115,1,3,520000
Brasília,1,80,2,2,298000
Recanto Nobre,5,846,5,5,11900000
Heimtal,3,90,2,2,540000
Vivendas do Arvoredo,4,330,4,5,3980000
Gleba Fazenda Palhano,2,104,2,2,1200000
Jardim São Paulo,3,118,2,3,385000
Kennedy,3,182,1,4,1300000
San Fernando,3,150,2,3,240000
Quebec,4,285,4,5,950000
Lago Parque,4,360,4,5,1450000
Jardim Nações Unidas,2,45,1,1,219000
Gleba Fazenda Palhano,3,67,1,2,600000
Jardim Morumbi,3,152,4,3,970000
Leonor,3,134,2,3,270000
Recanto do Salto,4,320,5,5,4290000
Gleba Fazenda Palhano,3,220,2,4,2000085
Gleba Fazenda Palhano,3,236,3,5,3250000
Aurora,2,109,1,1,580000
Gleba Fazenda Palhano,3,127,2,3,1450000
Conjunto Café,2,69,1,2,320000
Bela Suiça,4,427,4,5,6050000
Conjunto Habitacional Santiago II,3,80,2,1,270000
Gleba Fazenda Palhano,3,136,2,4,1550000
Gleba Fazenda Palhano,3,162,2,4,1200000
Jardim Tarumã,4,290,4,3,980000
Brasília,3,172,4,2,1190000
Centro,3,122,2,1,590000
Parque Residencial Joaquim Toledo Piza,3,195,2,1,770000
Centro,3,110,1,3,480000
Aurora,3,64,1,2,450000
Califórnia,2,93,3,1,295000
Heimtal,2,89,2,1,480000
Cidade Industrial 2,2,46,1,1,290000
Brasília,3,55,1,1,290000
Centro,1,50,1,1,250000
Santa Rosa,3,127,2,4,1450000
Brasília,2,65,1,2,470000
Jardim Vale Azul,3,140,5,2,900000
Champagnat,4,325,4,5,1500000
Gleba Fazenda Palhano,2,47,1,1,270000
Gleba Fazenda Palhano,3,216,3,5,2350000
Jardim San Diego,3,111,1,1,520000
Bela Suiça,4,419,4,5,4250000
Parque Residencial Elizabeth,2,70,1,1,210000
Centro,4,160,2,3,830000
Santa Rita 3,3,160,2,3,450000
Jardim Presidente,3,71,2,2,735000
Brasília,3,72,2,2,296000
Centro,3,65,1,2,460000
Brasília,2,54,1,1,244000
Jardim das Américas,3,58,1,1,170000
Centro,3,116,1,2,510000
Vivendas do Arvoredo,3,400,4,5,5250000
Centro,3,204,2,5,1150000
Gávea,3,122,2,3,580000
Gleba Fazenda Palhano,3,173,2,5,1600000
Gleba Fazenda Palhano,1,58,1,2,615000
Conjunto Habitacional Alexandre Urbanas,3,130,2,2,760000
Gleba Fazenda Palhano,3,87,1,2,860000
Jardim das Américas,2,54,1,1,164900
Nova Olinda,2,51,1,1,125000
Esperança,3,157,4,4,1290000
Terras de Santana II,4,220,2,4,1500000
Brasília,3,179,4,3,400000
Gleba Fazenda Palhano,3,110,2,2,1170000
Jardim Santa Alice,3,166,2,4,850000
Santa Rita 2,2,54,1,1,122000
Gleba Fazenda Palhano,2,48,1,1,256000
Jardim ltaparica,3,140,2,1,495000
Brasília,2,72,1,2,265000
Jardim Maria Celina,2,43,1,1,260000
Santa Rosa,3,245,3,5,3000000
João Paz,3,100,1,1,150000
Jardim Pequena Londres,3,78,1,2,335000
Recanto do Salto,4,376,4,4,3900000
Jardim América,2,91,1,2,290000
Gleba Simon Frazer,3,143,2,3,595000
Gleba Fazenda Palhano,3,164,2,5,1500000
Guanabara Parque Boulevard,3,104,2,2,1100000
Jardim do Lago,3,212,2,4,1750000
Esperança,4,283,4,5,3200000
Guanabara Parque Boulevard,3,89,2,2,910000
Veraliz,5,180,2,5,500000
Aurora,2,51,1,1,394000
Conjunto Residencial Vivendas do Arvoredo,2,136,4,2,1200000
Gleba Fazenda Palhano,2,72,1,2,700000
Centro,3,86,2,2,850000
Vale dos Tucanos,3,76,1,2,560000
Gleba Ribeirão Limeiro,2,44,1,1,180000
Brasília,2,42,1,1,130000
Gleba Fazenda Palhano,3,95,2,2,890000
Jardim Lolata,5,200,2,2,700000
Gleba Fazenda Palhano,3,112,2,2,1200000
Centro,3,65,1,2,450000
Vale dos Tucanos,2,45,1,1,190000
Jardim Colúmbia D,2,66,2,1,182000
Esperança,5,610,5,1,9999070
João Paz,3,82,1,1,230000
Brasília,2,45,1,1,185000
Vale dos Tucanos,2,64,1,1,185000
Esperança,4,350,4,5,3800000
Cidade Industrial 2,3,208,4,2,1270000
Parque Jamaica,2,49,1,1,160000
Conjunto Habitacional Santiago II,2,46,1,1,285000
Colina Verde,3,185,3,5,2100000
Gleba Simon Frazer,3,250,4,4,1500000
Brasília,2,51,1,1,365000
Jardim Imagawa,2,131,2,1,320000
Jardim Nações Unidas,2,45,1,1,155000
Gleba Fazenda Palhano,3,87,2,3,860000
Jardim San Diego,4,320,2,4,850000
Califórnia,3,215,3,2,1290000
São Vicente,2,58,1,2,280000
Esperança,2,41,1,1,220000
Centro,3,90,1,2,379000
Jardim Presidente,2,70,2,2,770000
Centro,5,650,3,5,2500000
Nikko,3,198,2,4,2250000
Jardim Jóquei Club,1,35,1,1,181000
Jardim Agari,3,840,3,2,2950000
Jardim Burle Marx,3,137,2,3,790000
Estância Santa Paula,4,270,2,4,2200000
Jardim Maria Celina,2,42,1,1,240000
Centro,1,50,1,1,185000
Centro,3,86,2,2,790000
Parque Jamaica,3,128,2,2,595000
Recanto do Salto,4,585,4,5,10000000
Colúmbia,2,55,1,1,200000
Jardim Nações Unidas,1,40,1,1,140000
Jardim Alto do Cafezal,3,110,2,2,475000
Paraíso,2,51,1,1,180000
Ideal,3,275,1,1,550000
Bandeirantes,3,144,2,1,500000
Terra Bonita,3,70,1,2,470000
Conjunto Farid Libos,2,81,1,1,275000
Colinas,1,83,2,2,350000
Ideal,2,80,1,1,270000
Brasília,2,125,1,1,238000
Andes,3,175,3,3,965000
Champagnat,3,58,1,1,330000
Mediterrâneo,4,500,5,5,1950000
Centro,4,467,2,5,1700000
Centro,3,74,1,2,370000
Jerumenha,3,77,1,2,370000
Centro,3,106,2,4,650000
Esperança,3,313,4,4,3500000
Guanabara Parque Boulevard,3,104,2,2,1100000
Aeroporto,3,193,5,2,780000
Gleba Fazenda Palhano,2,44,1,1,340000
Gleba Fazenda Palhano,3,165,2,3,1500000
Gleba Fazenda Palhano,3,108,2,3,1240000
Santa Rosa,3,323,4,5,4250000
Jardim Agari,3,197,4,3,450000
Judith,3,127,2,1,770000
Gleba Simon Frazer,3,77,2,2,450000
Terra Bonita,2,62,2,2,650000
Califórnia,3,255,3,2,850000
Vivendas do Arvoredo,4,275,4,5,4130000
Santos Dumont,5,385,5,5,2500000
Centro,3,106,1,3,480000
Heimtal,2,48,1,1,220000
Mediterrâneo,5,380,4,5,2100000
Centro,3,107,1,3,479000
Leonor,2,46,1,1,185000
Jardim Morumbi,2,79,1,2,329000
Jardim Vilas Boas,3,83,1,1,180500
Conjunto Café,4,135,2,3,450000
Conjunto Habitacional Alexandre Urbanas,3,180,4,2,1650000
Vale dos Tucanos,2,109,1,1,329000
Jardim ltaparica,3,158,3,2,420000
Brasília,3,69,1,2,389000
Colúmbia,2,190,2,2,450000
Colúmbia,2,50,1,1,220000
Santa Rita 1,2,100,2,1,380000
Interlagos,2,135,3,2,180000
Gleba Fazenda Palhano,1,52,1,1,580000
Brasília,3,86,3,2,430000
Brasília,3,140,2,4,1150000
Parque Residencial Michael Licha,3,130,2,1,375000
Gleba Fazenda Palhano,2,62,1,1,615000
Centro,3,98,1,2,550000
Centro,4,231,2,3,890000
Parque Jamaica,3,115,2,2,540000
Leonor,2,46,1,1,190000
Gleba Fazenda Palhano,2,62,1,2,650000
Gleba Fazenda Palhano,3,100,2,2,1150000
Gleba Fazenda Palhano,3,130,2,4,1600000
Quebec,4,600,2,3,1700000
Brasília,3,58,2,1,359000
Vila Goes,3,184,5,2,798000
Jardim Burle Marx,1,32,1,1,200000
Centro,3,81,1,1,340000
Indústrias Leves,3,73,2,2,399000
Jardim Higienópolis,2,74,1,2,750000
Gleba Ribeirão Limeiro,2,50,1,1,260000
Nova Olinda,2,46,1,1,159000
Condomínio Vale do Arvoredo,4,220,4,4,1400000
Santa Rosa,3,69,1,2,595000
Gleba Simon Frazer,3,140,4,4,950000
Gleba Fazenda Palhano,3,64,1,2,515000
Aurora,2,75,1,2,595000
Colinas,2,44,1,1,200000
Leonor,2,62,1,1,285000
Vila Filipin,2,53,2,1,185000
Centro,1,36,1,1,170000
Lindóia,3,230,5,2,630000
Cidade Industrial 2,3,145,4,2,1175000
Brasília,3,90,1,2,600000
Esperança,3,215,4,4,2350000
Brasília,2,70,1,2,270000
Brasília,4,135,2,3,476000
Jardim das Américas,2,54,1,1,164900
Residencial José Lázaro Gouvea,3,69,1,2,575000
Gleba Fazenda Palhano,3,77,1,2,530000
Tucano,4,800,5,5,4200000
Brasília,3,130,2,2,460000
Gleba Fazenda Palhano,3,114,2,3,1050000
Ouro Verde,5,146,1,4,250000
Santa Rosa,2,75,1,2,790000
Aurora,3,66,1,2,385000
Guanabara,4,383,4,5,5980000
Gleba Fazenda Palhano,2,214,3,5,3300000
Itamarati,3,400,2,4,2000000
Brasília,2,300,2,2,550000
Centro,3,410,2,5,1400000
Leonor,5,650,5,5,2000000
Waldemar Hauer,3,100,2,2,350000
Lago Parque,5,800,5,5,2500000
Quebec,4,489,4,3,1990000
Jardim Londrilar,3,330,4,5,2690000
Aeroporto,3,60,1,1,185000
Andes,3,70,2,1,310000
Vivendas do Arvoredo,4,480,4,5,4900000
Andes,3,98,2,1,430000
Tucano,4,330,4,5,1350000
Brasília,2,47,1,1,200000
Brasília,3,140,3,3,1280000
Jardim Santa Cruz,2,44,1,1,128000
Jardim Colúmbia D,2,59,1,1,250000
Parque Residencial Michael Licha,1,84,1,2,350000
Conjunto Habitacional Santiago II,2,53,1,2,223700
Dom Bosco,3,85,1,2,350000
Condomínio Vale do Arvoredo,4,305,4,5,1900000
Santa Rosa,3,323,4,5,5800000
Judith,3,195,2,2,900000
Leonor,3,130,2,2,600000
Gleba Fazenda Palhano,3,68,1,2,460000
Jardim dos Estados,2,80,1,1,315000
Gleba Fazenda Palhano,2,46,1,1,320000
Condomínio Vale do Arvoredo,4,240,4,3,1500000
Gleba Fazenda Palhano,2,85,2,2,980000
Jardim Vale Azul,2,80,1,2,310000
Paraíso,1,100,2,1,230000
Leonor,1,131,1,1,420000
Bela Suiça,2,70,2,2,565000
Terra Bonita,2,62,3,2,580000
Marumbi,2,79,1,2,318760
Conjunto Habitacional João Turquino,2,51,1,1,430000
Jardim Tarumã,3,134,3,2,470000
Jardim Maria Celina,2,53,1,1,200000
Recanto do Salto,4,333,3,5,3980000
Conjunto Cafezal 1,3,170,2,1,230000
Conjunto Professora Hilda Mandarino,3,80,2,2,330000
Brasília,3,96,2,2,450000
Portal de Versalhes 2,3,125,2,2,450000
Centro,4,580,3,5,2800000
Santa Rosa,3,182,2,4,2020000
Gleba Fazenda Palhano,3,75,1,2,675000
Alto da Boa Vista,3,142,2,3,455000
Marabá,3,200,2,2,600000
Jardim Barcelona,3,60,1,1,195000
Conjunto Habitacional José Garcia Molina,2,45,1,1,168000
Parque Jamaica,3,66,1,2,360000
Jardim Londrilar,4,205,3,5,1550000
Gleba Fazenda Palhano,3,138,2,3,1680000
Colinas,2,47,1,1,190000
Boa Vista,3,86,1,2,350000
Heimtal,5,239,2,4,700000
Gleba Fazenda Palhano,2,89,1,2,850000
Santa Rosa,3,323,4,5,4350000
Gleba Fazenda Palhano,4,346,5,5,4700000
Vila Filipin,2,50,1,2,270000
Recanto do Salto,3,265,2,4,3950000
Centro,4,300,3,5,1360000
Olímpico,2,45,1,1,185000
Centro,4,157,2,4,695000
Marumbi,2,120,1,1,397000
Bela Suiça,4,427,4,5,5990000
Jardim Santa Alice,3,76,2,2,320000
Recanto do Salto,4,380,4,4,4000000
Jardim Santa Cruz,3,70,1,1,134999
Vila Brasil,3,61,1,1,180000
Parque Leblon,3,160,2,3,450000
Mediterrâneo,5,549,5,1,2900000
Guanabara Parque Boulevard,3,104,2,3,1100000
Centro,4,279,2,5,1500000
Gleba Fazenda Palhano,3,166,2,5,1450000
Gleba Fazenda Palhano,3,87,3,2,1090000
Brasília,4,120,5,4,580000
Gleba Fazenda Palhano,3,130,2,5,1450000
Terras de Santana II,4,350,4,3,1790000
Conjunto Habitacional José Garcia Molina,2,46,1,1,164000
Parigot de Souza 2,2,188,2,2,395000
Recreio,2,50,1,1,160000
Gleba Fazenda Palhano,2,82,2,2,776000
Jardim Itatiaia 2,3,201,2,2,1500000
Jardim Morumbi,3,160,2,2,1400000
Gleba Fazenda Palhano,2,87,2,2,700000
Jardim Maria Celina,3,110,1,1,350000
Gleba Fazenda Palhano,3,111,2,2,1250000
Condomínio Vale do Arvoredo,4,220,2,2,1330000
Pacaembu,3,146,2,2,450000
Boa Vista,2,55,1,1,270000
Jardim América,3,320,1,2,640000
Jardim Continental,3,178,2,2,573000
Centro,3,117,2,3,480000
Jardim Maria Celina,2,42,1,1,210045
Jardim Burle Marx,1,32,1,1,200000
Gleba Fazenda Palhano,3,83,2,1,294123
Centro,3,128,3,2,1400000
Colinas,2,44,1,1,199000
Centro,2,60,1,2,270000
Antares,3,76,1,1,293000
Vivendas do Arvoredo,4,275,4,5,3980000
Gleba Fazenda Palhano,2,81,2,2,880000
Jardim Colúmbia D,3,85,2,2,330000
Brasília,3,100,2,2,420000
Andrade,3,125,2,3,1250000
Esperança,3,230,2,3,2000000
Guanabara Parque Boulevard,3,104,2,3,1100000
Nossa Senhora de Lourdes,2,47,1,1,310000
Gleba Fazenda Palhano,3,122,2,3,1240000
Loteamento Chamonix,3,115,1,1,870000
Centro,2,85,1,2,400000
Cidade Industrial 2,2,45,1,1,220000
Estância Santa Paula,3,244,5,5,2500000
Nossa Senhora de Lourdes,3,65,1,2,235000
Gleba Simon Frazer,3,144,3,4,1175000
Brasília,2,41,1,1,165000
Vânia,3,140,2,2,550000
Gleba Fazenda Palhano,3,120,2,3,1100000
Petrópolis,3,72,2,2,720000
Gleba Fazenda Palhano,2,54,1,1,410000
Caravelle,5,395,5,4,1430000
Jardim Jerônimo Nogueira de Figueiredo,2,60,1,1,135000
Centro,3,71,1,2,525000
Gleba Fazenda Palhano,1,48,1,1,475000
Judith,3,84,1,2,650000
Brasília,2,125,1,1,238000
Gleba Simon Frazer,3,140,4,4,1125000
Coliseu,4,300,4,4,850000
Jardim Roveri,4,260,5,2,799000
Gleba Fazenda Palhano,2,47,1,1,340000
Santa Rosa,3,77,1,2,630000
Gleba Fazenda Palhano,4,209,3,3,2350000
Esperança,3,224,4,5,2900000
Heimtal,3,161,2,4,1050000
Conjunto Habitacional Alexandre Urbanas,3,202,4,4,1790000
Jardim São Paulo II,3,90,2,1,290000
Brasília,2,47,1,1,190000
Jardim Ilha do Mel,2,70,1,1,264210
Vila Siam,3,71,1,2,680000
Santa Rosa,3,246,3,5,3390000
Leonor,3,130,4,2,595000
Jardim Moema,3,75,1,1,290000
Terra Bonita,2,70,2,2,730000
Centro,3,120,2,3,450000
Centro,3,103,1,2,500000
Perobinha,2,2,1,1,90000
Gleba Fazenda Palhano,3,216,4,3,2350000
Brasília,3,74,1,2,580000
Centro,4,107,2,4,630000
Olímpico,2,77,2,3,380000
Gleba Fazenda Palhano,3,130,2,4,1450000
Conjunto Habitacional José Garcia Molina,2,70,1,1,250000
Jardim Santos Paulo,3,112,1,2,460000
Centro,3,90,1,2,500000
Residencial Portal do Sol,3,84,1,2,355000
Conjunto Habitacional Maria Cecília Serrano de Oliveira,3,150,1,4,280000
Centro,3,120,1,1,550000
Jardim Presidente,3,71,1,2,639000
Vila Siam,2,70,2,2,580000
Centro,1,28,1,1,150000
Gleba Fazenda Palhano,1,58,1,2,630000
Jardim Morumbi,2,64,1,1,330000
Gleba Fazenda Palhano,2,89,3,3,850000
Centro,3,128,2,3,1090000
Santa Rosa,3,323,4,4,3850000
Gleba Fazenda Palhano,4,720,4,5,13500000
Colinas,2,65,2,1,320000
Califórnia,2,100,2,2,510000
Jardim Alvorada,3,291,2,3,650000
Centro,2,60,1,1,320000
Gleba Simon Frazer,3,78,2,2,450000
Brasília,3,90,1,2,350000
Centro,2,60,1,1,279997
Conjunto Habitacional Doutor Farid Libos,2,43,1,1,199000
Residencial Professora Madalena Cardoso,3,71,1,1,210000
Alpes,4,335,4,5,990000
Maringá,5,193,2,3,2130000
Jardim Maria Luiza,2,45,1,1,190000
Brasília,2,95,1,2,330000
Califórnia,2,48,1,1,247380
Gleba Fazenda Palhano,2,45,1,1,235000
Gleba Fazenda Palhano,3,83,2,1,850000
Heimtal,3,109,2,3,539000
Gleba Fazenda Palhano,1,51,1,1,720000
Vila Ipiranga,4,120,2,3,700000
Centro,3,107,1,4,550000
Gleba Fazenda Palhano,3,83,2,2,650000
Santa Mônica,3,157,3,3,499000
Centro,3,147,2,4,800000
Centro,4,340,1,2,770000
Judith,2,47,1,1,320000
Vivendas do Arvoredo,3,192,2,5,2650000
Centro,3,150,2,3,700000
Alpes,3,170,2,3,400000
São Vicente,3,66,1,1,459000
Gleba Fazenda Palhano,3,79,2,2,580000
Parque Leblon,3,134,2,3,490000
Gleba Fazenda Palhano,3,79,2,2,590000
Conjunto Habitacional Doutor Farid Libos,2,45,1,1,180000
Conjunto Farid Libos,2,200,2,1,191000
Conjunto Habitacional Doutor Farid Libos,2,45,1,1,230000
Jardim Montecatini,3,70,1,1,266000
Conjunto Habitacional Santiago II,2,55,1,1,260000
Residencial José B Almeida,3,295,4,3,700000
Caravelle,3,178,3,3,1190000
Mediterrâneo,5,500,4,5,1600000
Centro,3,120,1,2,550000
Alto da Boa Vista,3,160,3,1,450000
Santa Rosa,1,190,2,3,2000000
Gleba Fazenda Palhano,2,92,1,2,1100000
Brasília,2,64,1,1,270000
Parigot de Souza 2,2,45,1,1,199000
Parque Jamaica,2,47,1,1,273990
Gleba Fazenda Palhano,3,93,2,2,790000
Centro,3,70,2,2,610000
Nikko,3,198,3,3,2250000
Portal de Versalhes 1,3,120,1,2,700000
Jardim Arapongas,3,110,2,2,250000
Esperança,3,335,2,5,3590000
Residencial Abussafe,2,144,2,1,429000
Gleba Fazenda Palhano,3,151,2,5,1800000
Esperança,3,280,2,5,2880000
Conjunto Cafezal 1,4,297,1,2,250000
Centro,1,37,1,1,385000
São Lourenço,4,288,2,1,1500000
Centro,3,120,1,3,550000
Vivendas do Arvoredo,4,260,3,5,3500000
Brasília,3,76,2,2,318000
Nova,4,302,3,3,635000
Vila Casoni,5,430,1,1,900000
Nossa Senhora de Lourdes,3,110,2,3,250000
Jardim Itatiaia 2,3,239,4,4,1750000
Brasília,3,184,4,3,625000
Vivendas do Arvoredo,1,500,4,5,3990000
Jardim Ilha do Mel,3,42,3,1,200000
Brasília,3,55,1,1,295020
Boa Vista,2,124,4,2,415000
Terras de Santana II,3,160,4,3,1500000
Jardim Novo Sabará,4,140,2,4,370000
Parque Jamaica,2,72,2,2,590000
Aragarça,3,70,1,2,360000
Jardim Honda 2,2,112,2,1,400000
Jardim Europa,3,67,1,1,220000
Brasília,2,60,1,1,140000
Jardim Montecatini,3,228,2,4,1700000
Brasília,3,125,2,2,350000
Terra Bonita,2,63,1,1,570000
Brasília,2,57,2,1,240000
Gleba Fazenda Palhano,2,73,2,2,570000
Vivendas do Arvoredo,4,414,4,5,4300000
Santa Rosa,2,69,1,2,645000
Centro,3,171,2,5,1000000
Gleba Fazenda Palhano,3,139,2,4,1590000
Jardim Agari,4,138,2,5,819000
Shangri-lá,3,135,4,2,420000
Operária,5,249,4,4,3500000
Centro,3,95,1,3,360000
Gleba Fazenda Palhano,1,44,1,1,270000
Brasília,4,270,4,3,900000
Vila Filipin,2,48,1,2,215000
Gleba Fazenda Palhano,3,69,1,2,570000
Lima Azevedo,3,59,1,1,250000
Residencial Vila Romana,2,125,1,2,555000
San Remo,4,330,3,4,1490000
Colinas,2,78,1,1,290000
Gleba Fazenda Palhano,3,130,2,2,1100000
Jardim do Leste,3,153,3,3,670000
Brasília,2,70,1,2,270000
Vila Larsen 1,3,71,2,2,450000
Gleba Ribeirão Limeiro,2,47,1,1,245000
Conjunto Habitacional Doutor Farid Libos,2,52,1,1,98000
Brasília,3,155,2,4,540000
Mediterrâneo,5,400,4,4,1650000
Campo Belo,3,115,2,4,890000
Centro,3,177,1,2,805000
Heimtal,3,112,2,3,585000
Jardim Santa Cruz,2,44,1,1,130000
Vila Siam,3,71,1,2,580000
Jardim América,2,54,1,1,190000
Jardim Agari,3,65,1,1,159900
São Pedro,3,159,1,2,530000
Cafezal,3,274,2,2,800000
Heimtal,2,87,2,1,250000
Jardim Planalto,3,102,2,1,530000
Colúmbia,3,110,2,3,470000
Centro,3,87,1,3,380000
Vale dos Tucanos,2,44,1,1,300000
Esperança,3,131,1,2,670000
Pacaembu,3,60,1,1,240000
Parque Residencial Joaquim Toledo Piza,5,214,5,5,850000
Guanabara Parque Boulevard,3,80,2,2,690000
Aurora,2,69,1,2,560000
Centro,3,131,1,3,530000
Conjunto Professora Hilda Mandarino,3,120,1,2,193000
Alpes,3,1,1,2,396900
Aurora,2,50,1,1,450000
Portal de Versalhes 1,3,156,3,2,750000
Vila Ipiranga,2,61,1,2,371000
Centro,3,148,2,5,1200000
Conjunto Habitacional Maria Cecília Serrano de Oliveira,2,100,1,1,170000
Gleba Fazenda Palhano,3,130,2,2,1190000
Gleba Fazenda Palhano,2,122,2,3,1350000
Colúmbia,3,112,1,2,420000
Gleba Fazenda Palhano,2,81,2,2,670000
Bela Suiça,5,650,2,5,3500000
Conjunto Habitacional Alexandre Urbanas,3,216,4,4,1550000
Alto da Colina,2,53,1,1,185000
Gleba Fazenda Palhano,3,70,2,2,495000
Parque Jamaica,2,61,1,2,430000
Jardim Agari,4,138,2,4,820000
Conjunto Habitacional Doutor Farid Libos,2,47,1,1,180000
Centro,2,65,1,1,200000
Brasília,3,55,1,1,162000
Brasília,4,157,2,3,680000
Centro,3,168,1,1,530000
Jardim Tókio,3,58,1,1,240000
Brasília,3,186,3,3,425000
Centro,3,85,1,2,280000
Gleba Fazenda Palhano,4,235,3,5,2950000
Gleba Fazenda Palhano,2,64,1,2,615000
Bela Suiça,3,232,4,4,2850000
Jardim São Paulo,2,66,1,1,250000
Gleba Fazenda Palhano,2,112,2,3,1250000
Operária,3,270,3,1,1500000
Jardim Morumbi,2,56,1,2,218820
Gleba Fazenda Palhano,1,58,1,2,640000
Ideal,4,185,4,3,1500000
Jardim da Luz,3,80,1,2,330000
Kennedy,3,80,1,2,630000
Paraíso,3,80,1,1,350000
Judith,2,56,1,1,250000
Residencial Abussafe,3,84,2,2,435000
Boa Vista,3,75,1,1,350000
Parque Jamaica,3,72,1,2,448000
Gleba Fazenda Palhano,3,216,4,5,2500000
Santa Mônica,3,129,3,2,520000
Esperança,3,300,4,1,3000000
Boa Vista,3,83,1,3,290000
Gleba Fazenda Palhano,3,125,2,2,1200000
Jardim Presidente,4,620,5,5,2000000
Jardim São Jorge,5,600,5,5,6000000
Gleba Ribeirão Limeiro,2,43,1,1,200000
Jardim das Américas,3,58,1,1,150000
Gleba Fazenda Palhano,3,130,2,3,995000
Gleba Fazenda Palhano,4,446,4,5,4200000
Centro,2,69,1,1,350000
Brasília,1,49,1,1,140000
Jardim Morumbi,3,199,4,3,1420000
Gleba Fazenda Palhano,3,68,2,2,460000
Centro,3,120,1,2,583000
Gleba Fazenda Palhano,4,446,4,5,4300000
Brasília,4,285,4,4,850000
São Lourenço,3,118,2,1,215000
Tucano,4,343,4,5,1500000
Brasília,3,173,3,2,425000
Califórnia,2,213,1,1,500000
Califórnia,3,216,2,3,990000
Brasília,3,94,2,1,550000
Brasília,3,77,1,2,392000
Centro,3,67,1,2,595000
Jardim do Leste,3,110,2,2,350000
Lago Parque,4,240,4,4,990000
Guanabara Parque Boulevard,3,104,2,3,980000
Operária,4,190,4,3,1300000
Tietê,2,42,1,1,145000
Estância Santa Paula,4,357,4,4,3500000
Esperança,4,283,4,5,3200000
Coliseu,3,127,2,3,550000
Esperança,5,283,4,5,3200000
Califórnia,3,172,2,1,480000
Jardim Montecatini,3,78,1,1,395000
Vale dos Tucanos,3,77,1,1,490000
Gleba Fazenda Palhano,3,78,2,2,710000
Conjunto Farid Libos,3,124,2,2,270000
Santa Rita 1,4,102,1,3,340000
Centro,3,117,1,3,470000
Gleba Fazenda Palhano,3,126,2,3,1400000
Centro,3,90,2,2,435000
Jardim Pérola,2,250,1,1,1750000
Gleba Fazenda Palhano,4,514,5,5,3500000
Gleba Fazenda Palhano,2,89,2,3,880000
Gleba Fazenda Palhano,2,78,1,2,900000
Jardim Presidente,2,71,1,2,650000
Terra Bonita,2,62,1,2,620000
Gleba Fazenda Palhano,2,94,2,2,845000
Petrópolis,4,167,1,2,850000
Brasília,3,150,5,2,390000
Vivendas do Arvoredo,3,183,4,4,2400000
Nova Olinda,2,47,1,1,190000
Jardim Morumbi,2,79,2,2,309900
Gleba Fazenda Palhano,3,179,2,5,1730000
Centro,3,64,1,1,280000
Gleba Fazenda Palhano,2,45,1,1,280000
Guanabara,4,378,4,5,7200000
Jardim Vilas Boas,3,56,1,1,170000
Arco Íris,3,150,2,1,899030
Centro,3,86,2,2,780000
Jardim Adriana I,3,90,4,1,450000
Gleba Simon Frazer,3,144,4,4,1175000
Leonor,2,46,1,1,150000
Jardim Santa Cruz,3,250,2,2,220000
Esperança,3,220,2,3,1680000
Aurora,4,419,4,5,5200000
Centro,2,86,2,2,720000
Residencial Vila Romana,3,72,1,1,260000
Brasília,2,89,2,2,850000
Terra Bonita,2,84,1,2,896000
Santa Rosa,3,245,3,4,3550000
Ouro Branco,3,150,2,3,550000
Brasília,4,193,5,3,700000
Jardim Burle Marx,4,118,2,3,850000
Jardim Belo Horizonte,3,90,1,2,400000
Gleba Fazenda Palhano,3,77,2,2,655000
Jardim Presidente,3,71,1,2,640000
Santa Izabel,3,89,2,2,290000
Giovani Lunardelli,3,144,4,3,599000
Portal de Versalhes 1,2,55,1,1,230000
Brasília,3,125,4,4,399000
Brasília,3,250,3,2,280000
Ideal,2,60,1,1,280000
Parigot de Souza 2,2,80,2,2,175000
Residencial Santa Clara,3,114,4,2,935000
Colinas,2,44,1,1,215000
Colinas,2,61,2,2,270000
Monte Belo,3,230,3,1,750000
Champagnat,3,259,4,3,1260000
Cafezal,3,100,1,3,450000
Jardim São Paulo II,3,64,1,1,220000
Centro,2,50,1,1,295000
Centro,3,136,1,2,430000
Santa Rosa,3,245,3,5,2300000
Residencial Professora Madalena Cardoso,3,63,1,1,232000
Leonor,2,57,1,1,255000
Aragarça,3,155,4,2,1300000
Gleba Fazenda Palhano,4,346,4,5,6500000
Vale dos Tucanos,2,45,1,1,195000
Cidade Industrial 2,2,41,1,1,200000
Condominio Residencial Habitten Santa Regina,2,120,2,3,240000
Califórnia,3,110,4,3,670000
Gleba Fazenda Palhano,3,130,2,3,1350000
Colina Verde,4,302,4,3,1650000
Jardim Agari,3,93,1,3,515000
Hedy,3,181,2,1,650000
Gleba Fazenda Palhano,3,216,4,5,2400000
Gleba Fazenda Palhano,3,248,4,3,3500000
Brasília,2,47,1,1,180000
Esperança,4,350,5,4,3800000
Colúmbia,3,84,1,2,370000
Jardim Burle Marx,1,32,1,1,200000
Centro,3,162,1,3,645000
Parque Residencial Alcântara,3,491,4,3,2500000
Igapó,2,64,1,2,140000
Centro,3,85,2,2,680000
Jardim Shangri-la A,3,67,1,1,400000
Esperança,3,292,4,5,3200000
Vila Shimabokuro,2,58,1,1,265000
Califórnia,3,69,1,1,480000
Parque Residencial Alcântara,4,470,4,4,1700000
Residencial José Lázaro Gouvea,3,318,4,5,3500000
Rodocentro,2,50,1,1,145000
Centro,4,155,2,3,500000
Califórnia,3,216,2,3,990000
Brasília,4,175,4,3,753000
Antares,3,78,1,1,280000
Santa Rosa,4,209,3,3,2400000
Guanabara Parque Boulevard,3,89,2,2,250000
Residencial Abussafe,3,120,2,2,450000
Cafezal,3,300,2,1,435000
Terra Bonita,3,290,4,5,2500000
Messiânico,3,139,2,1,490000
Brasília,3,98,2,2,480000
Jardim Portal de Itamaracá,3,84,2,2,350000
Ouro Verde,2,110,2,2,280000
Gleba Fazenda Palhano,3,74,1,2,590000
Guanabara Parque Boulevard,2,89,2,2,900000
Mediterrâneo,5,400,4,5,1600000
Gleba Fazenda Palhano,3,74,1,2,590000
Residencial Quadra Norte,2,69,2,1,265000
Conjunto Habitacional Doutor Farid Libos,2,48,1,1,165000
Bela Suiça,2,69,2,2,565000
Centro,3,107,1,2,580000
Centro,3,204,2,5,1650000
Conjunto Habitacional Alexandre Urbanas,4,204,4,5,1650000
Jardim Morumbi,3,120,1,2,290000
Gleba Fazenda Palhano,3,130,2,2,1240000
Esperança,4,500,3,5,3900000
Gleba Fazenda Palhano,3,160,2,3,1080000
Jardim do Lago,3,217,2,5,1850000
Santa Izabel,2,48,1,1,155000
Jardim Jerônimo Nogueira de Figueiredo,1,67,3,1,350000
Gleba Fazenda Palhano,2,44,1,1,270000
Centro,3,80,1,3,330000
Aragarça,2,95,1,2,420000
Leonor,2,131,4,1,460000
Conjunto Habitacional Santiago II,3,100,2,2,400000
Gleba Fazenda Palhano,3,200,3,5,1950000
Centro,3,90,1,2,440000
Conjunto Café,3,161,4,2,480000
Cláudia,2,47,1,1,279000
Jardim Montecatini,3,75,1,2,375000
Gleba Fazenda Palhano,2,214,3,5,3300000
Vila Brasil,2,55,1,1,360000
Residencial Professora Marieta,2,160,2,2,600000
Parigot de Souza 2,3,82,1,2,299760
Terra Bonita,3,226,4,4,1650000
Brasília,2,47,1,1,371000
Brasília,2,51,1,1,365000
Santa Rosa,3,127,2,5,1475000
Leonor,2,99,2,1,295000
Gleba Fazenda Palhano,3,87,1,2,850000
Alpes,3,321,4,4,980000
Ricardo,3,84,2,2,280000
Santiago,4,180,2,2,399000
Jardim Shangri-la A,3,67,2,2,540000
Vila Larsen 1,3,66,1,1,330000
Gleba Fazenda Palhano,3,200,3,5,1890000
Bela Suiça,3,74,1,2,481000
Moradias do Cabo Frio,2,119,3,3,190000
Gleba Fazenda Palhano,2,100,2,3,1240000
Andrade,3,124,2,3,1298000
Bela Suiça,4,232,3,5,3500000
Brasília,3,209,3,2,720000
Industrial,3,99,2,3,390000
Centro,2,45,1,1,250000
Campo Belo,4,173,2,4,890000
Gleba Fazenda Palhano,3,124,3,2,1350000
Gleba Simon Frazer,3,144,2,4,950000
Brasília,2,46,1,1,276000
Bom Retiro,2,90,4,1,250000
Gleba Fazenda Palhano,4,225,3,5,2795625
Gleba Fazenda Palhano,4,445,4,5,4300000
Centro,3,70,1,1,200000
Judith,3,97,2,1,620000
Brasília,1,125,1,1,220000
Centro,3,67,1,2,529900
Conjunto Habitacional Santiago II,3,59,1,2,230000
Gleba Fazenda Palhano,2,65,2,1,650000
Jardim Moema,3,70,1,1,290000
Conjunto Habitacional Alexandre Urbanas,3,152,4,3,1350000
Centro,3,70,1,2,630000
Gleba Fazenda Palhano,3,346,4,4,6500000
Vila Larsen 1,3,75,1,1,308000
Gleba Fazenda Palhano,4,680,4,5,5850000
Centro,3,95,1,2,360000
Brasília,2,81,1,2,595000
Gleba Fazenda Palhano,2,54,1,1,359000
Jardim Vale do Cedro,3,160,3,2,585000
Esperança,3,300,4,5,3950000
Jardim Morumbi,3,94,1,3,330000
Jardim Agari,3,197,3,3,450000
Gleba Fazenda Palhano,3,216,4,5,2350000
Gleba Fazenda Palhano,4,288,4,4,3750000
Jardim Athenas,3,160,1,2,350000
Conjunto Semiramis Barros Braga,3,72,2,1,280000
Recanto do Salto,3,286,4,5,3200000
Brasília,3,130,2,5,1395000
Centro,2,64,1,1,235000
Guanabara,4,388,4,5,6950000
Brasília,3,200,2,2,250000
Vila Santa Terezinha,2,64,1,2,430000
Terra Bonita,2,84,2,2,780000
Rodocentro,3,360,2,3,1200000
Santa Mônica,3,93,1,2,680000
Gleba Fazenda Palhano,3,236,4,4,2390000
Esperança,3,240,4,4,2450000
Ernani Moura Lima,2,60,1,1,220000
Santa Mônica,3,145,3,3,690000
Recanto do Salto,4,198,4,4,2300000
Andrade,3,124,2,3,1250000
Bandeirantes,3,74,2,2,360000
Jardim Jóquei Club,2,40,1,1,160000
Gleba Fazenda Palhano,2,45,1,1,240000
Brasília,2,73,2,2,375000
Ideal,3,71,2,2,260000
Estância Santa Paula,4,198,4,4,2300000
Centro,3,90,1,2,550000
Gleba Fazenda Palhano,2,59,1,1,375000
Brasília,3,79,1,2,550000
Gleba Fazenda Palhano,2,74,1,2,780000
Jardim Indianápolis,3,80,1,1,300000
Jardim Maria Luiza,2,45,1,1,145000
Jardim do Lago,3,212,2,5,1850000
Conjunto Habitacional Doutor Farid Libos,2,47,1,1,230000
Vila Fujita,3,148,2,3,770000
Vila Santa Terezinha,2,51,1,1,355000
Jardim Morumbi,3,146,2,5,1000000
Gleba Ribeirão Limeiro,2,44,1,1,235000
Centro,1,43,1,1,410000
Gleba Fazenda Palhano,3,81,1,2,699000
Brasília,2,72,1,1,265000
Jardim Morumbi,3,215,2,4,1690000
Terras de Santana II,4,316,4,4,2500000
Centro,4,300,2,5,1600000
Gleba Fazenda Palhano,2,121,2,4,1500000
Vila Brasil,2,55,1,2,340000
Esperança,3,270,4,5,1790000
Brasília,2,44,1,1,180000
Gleba Fazenda Palhano,3,120,2,3,1050000
Jardim Montecatini,3,80,2,1,395000
Jardim América,3,320,5,3,680000
Conjunto Residencial Marajoara,2,45,1,1,140000
Gleba Fazenda Palhano,3,99,2,2,920000
Vera Cruz,3,100,1,2,399000
Jardim Continental,2,130,3,3,440000
Terra Bonita,3,75,1,2,555000
Jardim Vale Verde,3,80,2,2,270000
Recanto do Salto,4,350,3,5,3980000
Brasília,2,67,2,1,250000
Jardim São Tomás,3,61,4,1,447000
Jardim das Américas,2,58,1,1,140000
Gleba Ribeirão Limeiro,2,49,1,1,270000
Heimtal,3,90,2,2,540000
Jardim Vale do Cedro,3,160,2,2,585000
Brasília,3,150,4,4,1050000
Andrade,5,390,4,2,1300000
Igapó,1,96,1,1,358100
Gleba Fazenda Palhano,3,182,2,3,1050000
Nova Olinda,2,56,1,1,125000
Brasília,2,45,1,1,160000
Mediterrâneo,4,500,4,2,1700000
Jardim Morumbi,2,52,1,1,230000
Brasília,3,131,4,3,499000
Dom Pedro I,5,450,5,2,1180000
Brasília,2,70,1,1,300000
Centro,4,363,2,5,1600000
Parque Jamaica,3,71,1,2,495000
Campo Belo,3,245,4,3,850000
Jardim Guararapes,3,156,2,2,869000
Universitário,3,160,3,3,800000
Centro,4,211,2,4,920000
Esperança,5,550,5,5,5000000
Jardim Londrilar,3,146,2,2,799999
Jardim Bandeirantes,3,62,1,2,160000
Jardim Planalto,3,111,2,2,540000
Guanabara Parque Boulevard,3,104,2,4,980000
Parque Residencial Porto Serguro 2,3,180,2,4,550000
Messiânico,3,170,2,3,960000
Ricardo,2,50,1,1,150000
Jardim Planalto,3,111,3,2,530000
Jardim do Leste,3,153,2,1,670000
Jardim dos Estados,2,80,1,2,320000
Esperança,4,497,3,5,5900000
Conceição,3,70,1,2,339000
Colina Verde,4,650,4,5,2250000
Paraíso,2,51,1,1,165000
Bandeirantes,3,85,1,2,480000
Gleba Fazenda Palhano,3,151,2,5,1900000
Jardim Tropical,2,70,1,1,299320
Vila Ipiranga,2,56,1,1,339900
Rodocentro,3,277,3,5,2590000
Progresso,2,104,1,2,185000
Gleba Fazenda Palhano,2,87,1,2,750000
Bela Suiça,3,156,2,4,1700000
Gleba Fazenda Palhano,3,82,2,2,785000
Brasília,2,48,1,1,265000
Bela Vista,3,77,1,2,370000
Andrade,3,55,1,1,280000
Gleba Fazenda Palhano,3,81,2,2,730000
Jardim Roveri,2,60,4,1,600000
Centro,4,405,3,3,2300000
Gleba Ribeirão Limeiro,2,44,1,1,235000
Jardim Morumbi,3,175,2,3,1500000
Santa Izabel,2,48,1,1,205000
Jardim Shangri-la A,4,319,3,5,1300000
Esperança,5,426,4,2,4900000
Califórnia,3,55,1,1,180000
Gleba Fazenda Palhano,3,185,2,1,1880000
Centro,3,123,2,3,550000
Gleba Fazenda Palhano,3,131,2,5,1600000
Esperança,5,480,3,5,7800000
Conjunto Parigot de Souza 1,3,130,3,1,360000
Gleba Fazenda Palhano,3,110,3,4,1350000
Luiz de Sá,3,68,1,1,170000
Heimtal,3,87,2,2,280000
Centro,2,58,1,1,450000
Centro,4,171,2,4,870000
Vera Cruz,3,115,2,2,499000
Gleba Fazenda Palhano,4,231,3,5,1850000
Ouro Verde,2,45,1,1,185000
Gleba Fazenda Palhano,3,181,3,5,1950000
Brasília,3,68,1,2,530000
Jardim Morumbi,3,183,4,1,1480000
Jardim do Leste,3,226,3,3,949890
Jardim Marissol,3,200,1,3,300000
Parque Jamaica,2,49,1,1,160000
Brasília,4,200,4,3,680000
Alpes,2,67,2,1,250000
Jardim Tókio,3,58,1,1,220000
Centro,1,37,1,1,160000
Parque Residencial Alcântara,3,412,4,5,2200000
Vila Larsen 1,2,63,2,1,440000
Residencial José Lázaro Gouvea,3,69,2,2,509560
Ouro Verde,2,48,1,1,225000
Jardim Tókio,4,116,4,3,550000
Messiânico,3,88,2,2,569000
Colúmbia,2,83,2,2,490000
Conjunto Residencial Marajoara,2,46,1,1,160000
Vivendas do Arvoredo,4,275,2,5,3500000
Gleba Fazenda Palhano,2,45,1,1,240000
Guanabara,4,378,4,5,5800000
Pacaembu,3,110,2,2,330000
Gleba Fazenda Palhano,2,74,1,2,620000
Portal de Versalhes 2,4,264,2,4,950000
Terra Bonita,3,70,1,1,565000
Terra Bonita,2,63,2,2,480000
Jardim Higienópolis,2,138,2,1,550000
Gleba Fazenda Palhano,3,113,2,4,1300000
Vila Santa Terezinha,2,51,1,1,360000
Conjunto Farid Libos,3,120,1,1,250000
Brasília,3,75,1,1,328000
Marumbi,2,79,1,2,320000
Centro,3,204,3,5,700000
Jardim Alvorada,3,220,1,1,165000
Conjunto Residencial Marajoara,2,45,1,1,180000
Vila Ipiranga,3,126,2,3,380000
Residencial Abussafe,3,84,1,2,440000
Brasília,4,480,2,5,2400000
Gleba Fazenda Palhano,2,47,1,1,300000
Gleba Fazenda Palhano,3,236,3,1,2790000
Gleba Fazenda Palhano,3,181,2,5,2080000
Gleba Fazenda Palhano,2,81,1,2,709460
Esperança,5,314,4,2,3350000
Quebec,5,779,4,5,3050000
Esperança,3,216,4,4,2350000
Conjunto Habitacional Alexandre Urbanas,3,175,2,2,480000
Gleba Fazenda Palhano,3,173,2,3,2100000
Jardim Bandeirantes,3,54,1,1,150000
Brasília,3,90,2,2,365000
Gleba Fazenda Palhano,3,122,2,2,1275000
Esperança,4,312,4,2,3500000
Centro,3,74,1,3,350000
Parque Jamaica,3,225,2,2,1500000
Jardim Morumbi,3,98,1,2,475000
Esperança,3,266,2,4,2100000
Brasília,3,92,2,2,470000
Jardim Maravilha,2,40,1,1,50000
Brasília,3,83,1,2,309000
Jardim Oriente,2,150,3,1,540000
Aurora,2,144,2,2,890000
Esperança,4,700,5,5,9900000
Jardim dos Estados,1,87,1,1,315000
Canaã,4,436,4,5,2500000
Conjunto Habitacional José Giordano,2,80,1,1,215000
Centro,3,73,1,3,340000
Vale dos Tucanos,2,108,1,2,330000
Gleba Fazenda Palhano,3,67,1,2,490000
Jardim Nápoles,5,396,5,5,1350000
Califórnia,4,390,4,2,1150000
Jardim Continental,2,78,2,2,290000
Gleba Fazenda Palhano,3,165,2,5,1850000
Vivendas do Arvoredo,4,360,5,5,4500000
Gleba Fazenda Palhano,3,123,2,4,1320000
Gleba Fazenda Palhano,3,115,2,3,980000
Ricardo,2,87,5,2,320000
Industrial,2,47,1,1,180000
Andrade,3,88,1,3,380000
Parque Residencial Alcântara,3,500,2,5,2200000
Ernani Moura Lima,3,95,2,1,530000
Heimtal,3,52,1,1,230000
Jardim São Jorge,4,1200,4,5,6000000
Gleba Fazenda Palhano,3,112,2,3,1340000
Jardim Guararapes,3,83,1,2,424000
Centro,1,62,1,1,240000
Champagnat,3,58,1,1,329230
Gleba Fazenda Palhano,2,60,1,2,756200
Monte Belo,3,88,2,2,400000
Gleba Fazenda Palhano,2,54,1,1,440000
Centro,2,66,1,1,270000
Gleba Fazenda Palhano,3,114,2,2,1600000
Jardim São Paulo II,2,48,1,1,220000
Conjunto Farid Libos,1,62,1,1,265000
Mediterrâneo,4,400,4,5,1620000
Gleba Fazenda Palhano,2,84,2,2,940000
Vila Santa Terezinha,3,647,4,4,500000
Vale dos Tucanos,3,77,1,2,550000
Conjunto Habitacional Alexandre Urbanas,3,190,4,4,1490000
Brasília,3,250,3,2,280000
Gleba Fazenda Palhano,3,123,3,4,1400000
Coliseu,5,193,3,4,795000
Parque Jamaica,3,62,1,2,390000
Monte Carlo,3,118,2,2,690000
Bandeirantes,2,309,1,3,310000
Esperança,3,194,4,5,1400000
Conjunto Habitacional Maria Cecília Serrano de Oliveira,3,150,2,2,362000
Jardim Maria Luiza,2,42,1,1,180000
Aragarça,3,85,1,2,380000
Aurora,2,112,2,2,650000
Conjunto Habitacional Alexandre Urbanas,3,216,4,4,1550000
Ouro Verde,2,45,1,1,148000
Jardim Graziela,3,76,2,2,290000
Centro,3,85,2,1,720000
Colinas,2,45,1,1,175000
Centro,1,50,1,2,470000
Centro,3,128,2,4,850000
Helena,5,660,5,5,1900000
Gleba Fazenda Palhano,3,205,3,4,1300000
Brasília,3,177,2,2,897000
Jardim Tarumã,3,155,3,5,580000
Colúmbia,3,110,2,2,415000
Quebec,3,208,4,2,1100000
Conjunto Professora Hilda Mandarino,4,62,2,2,230000
Conjunto Habitacional Alexandre Urbanas,3,196,4,4,1700000
Vivendas do Arvoredo,3,178,4,5,2990000
Gleba Fazenda Palhano,3,122,2,3,1390000
Esperança,3,215,4,5,2350000
Centro,3,104,2,2,590000
Jardim Maria Luiza,2,45,1,1,230000
Jardim Alvorada,4,257,5,5,900000
Vila Nova,2,55,1,2,280000
Gleba Fazenda Palhano,3,185,3,5,1850000
Paraíso,2,49,1,1,195000
Gleba Fazenda Palhano,3,181,2,5,2450000
Campo Belo,3,98,1,3,350000
Parque Jamaica,3,57,1,2,350000
Centro,3,110,1,3,520000
Esperança,2,45,1,1,250000
Gleba Fazenda Palhano,2,89,3,3,850000
Brasília,2,45,1,1,212000
Brasília,2,45,1,1,190000
Ernani Moura Lima,3,230,1,1,190000
Centro,3,133,1,3,580000
Vivendas do Arvoredo,4,520,4,5,4900000
Santa Rosa,3,183,2,5,2049000
Bandeirantes,3,127,2,4,850000
Vitória,3,83,2,2,450000
Brasília,3,68,1,2,250000
Industrial,2,55,1,1,160000
Giovani Lunardelli,4,160,1,3,470000
Cafezal,3,170,2,1,375000
Brasília,3,82,1,2,400000
Heimtal,3,80,1,2,230000
Brasília,3,240,4,3,850000
Gleba Fazenda Palhano,2,62,1,2,585000
Lagoa Dourada,2,45,1,1,140000
Centro,2,160,2,2,1100000
Gleba Fazenda Palhano,3,68,1,2,515000
Brasília,3,63,1,1,210000
Jardim Presidente,2,71,1,2,650000
Jardim Santa Alice,4,142,3,3,687000
Vivendas do Arvoredo,2,54,1,1,450000
Centro,3,84,1,2,330000
Esperança,5,374,4,4,4950000
Aurora,3,69,1,1,360000
Parque Jamaica,3,109,4,1,530000
Vila Ziober,3,61,1,1,195000
Conjunto Habitacional Maria Cecília Serrano de Oliveira,3,140,3,2,460000
Canaã,5,400,4,5,1900000
Recanto do Salto,3,190,5,4,1495000
Jardim Presidente,2,71,1,2,590000
Conjunto Habitacional Jesualdo Garcia Pessoa,2,100,1,2,140000
Gleba Fazenda Palhano,3,75,1,2,849000
Parque Residencial Joaquim Toledo Piza,3,130,2,2,695000
Gleba Fazenda Palhano,2,46,1,1,328000
Leonor,2,74,1,1,210000
Vila Fujita,3,120,1,2,498000
Jardim Planalto,2,104,1,1,360000
Gleba Fazenda Palhano,3,122,3,3,1380000
Colonial,4,757,4,5,4200000
Gleba Fazenda Palhano,3,167,2,3,2050000
Colinas,2,44,1,1,199000
Gleba Fazenda Palhano,3,75,1,2,675000
Jardim dos Estados,3,100,4,2,480000
Ouro Verde,5,510,5,5,700000
Gleba Fazenda Palhano,3,186,2,5,2150000
Vila Ipiranga,1,45,1,1,180000
Esperança,4,284,2,5,3300000
Gleba Fazenda Palhano,3,72,1,2,550000
Jardim Montecatini,1,76,2,2,340000
Caiçaras,4,209,3,4,1600000
Parque Leblon,4,250,2,3,700000
Gleba Fazenda Palhano,3,122,2,3,1245000
Conjunto Habitacional Alexandre Urbanas,3,150,2,3,1150000
Gleba Fazenda Palhano,2,92,1,2,989000
Vale dos Tucanos,2,46,1,1,210000
Bela Suiça,3,154,2,5,2000000
Brasília,3,96,2,2,680000
Brasília,3,97,3,3,420000
Gleba Fazenda Palhano,3,83,2,2,635000
Alpes,1,60,2,1,240000
Centro,3,123,2,1,500000
Centro,5,231,2,5,950000
Bancários,3,285,4,5,1550000
Centro,1,56,1,1,485000
Conjunto Habitacional Alexandre Urbanas,3,197,2,4,1589900
Conjunto Habitacional José Garcia Molina,3,108,4,2,480000
Condomínio Vale do Arvoredo,4,305,2,4,2000000
Andrade,3,193,3,4,780000
Jardim Higienópolis,2,74,1,2,750000
Recanto do Salto,5,744,5,5,8000000
Centro,3,75,1,2,600000
Gleba Fazenda Palhano,4,416,2,5,3800000
Gleba Fazenda Palhano,2,67,1,2,550000
Jardim Novo Sabará,3,200,4,3,1200000
Brasília,5,231,2,3,890000
Armindo Guazzi,2,200,3,2,320000
Gleba Fazenda Palhano,3,114,2,1,1550000
Gleba Fazenda Palhano,3,82,2,2,800000
Centro,3,90,1,2,890000
Hedy,3,140,2,2,390000
Vitória,3,69,1,2,660000
Aurora,2,50,1,1,400000
Centro,3,95,1,2,250000
Brasília,2,70,1,1,220000
Gleba Fazenda Palhano,3,236,3,4,2790000
Parque Jamaica,3,72,2,2,600000
Jardim Morumbi,2,46,1,1,150000
Recanto do Salto,3,226,4,5,3000000
Eucaliptos,2,200,2,1,215000
Rodocentro,3,137,2,2,650000
Vila Matarazzo,5,226,1,1,530000
Terra Bonita,2,62,1,2,623900
Gleba Fazenda Palhano,3,108,2,1,1300000
Jardim São Paulo II,2,45,1,1,215000
Jardim Tókio,2,100,2,2,450000
Jardim Montecatini,3,92,1,1,365000
Residencial Quadra Norte,2,82,2,1,250000
Gleba Simon Frazer,4,250,2,5,1500000
Bandeirantes,3,80,2,2,424000
Heimtal,3,80,2,1,530000
Jardim Montecatini,3,92,1,1,365000
Parigot de Souza 2,2,70,2,2,250000
Jardim Tókio,2,57,1,1,320000
Centro,2,51,1,1,412000
Industrial,3,99,2,3,395000
Champagnat,3,58,2,1,350000
Gleba Fazenda Palhano,2,45,1,1,230000
Conjunto Farid Libos,2,62,1,1,265000
Colúmbia,1,257,3,2,740000
Pinheiros,3,162,3,2,500000
Gleba Fazenda Palhano,3,114,2,2,1300000
Centro,3,204,2,3,2640000
Gleba Fazenda Palhano,2,78,1,2,850000
Vila Filipin,2,51,1,2,175000
Ouro Verde,2,45,1,1,190000
Gleba Fazenda Palhano,3,137,2,3,1600000
Ideal,2,45,1,1,220000
Alpes,4,178,2,2,630000
Centro,3,90,1,2,450000
Portal de Versalhes 1,3,214,4,4,980000
Gleba Fazenda Palhano,3,76,1,2,650000
Gleba Fazenda Palhano,3,173,2,5,1950000
Jardim São Paulo II,2,50,1,1,230000
Guanabara,3,330,2,3,1500000
Jardim Jóquei Club,2,46,1,1,230000
Gleba Fazenda Palhano,3,78,2,2,635840
Gleba Fazenda Palhano,3,181,2,5,2200000
Califórnia,3,136,2,2,700000
Conjunto Habitacional José Garcia Molina,2,45,1,1,130000
Brasília,3,90,1,2,600000
Centro,4,273,5,3,901000
Mediterrâneo,3,250,4,1,1680000
Bela Suiça,4,419,4,5,4250000
Centro,3,88,1,3,375000
Jardim Belo Horizonte,3,87,2,1,470000
Gleba Fazenda Palhano,3,114,2,3,1600000
Centro,3,70,2,2,610000
Vila Rodrigues,5,183,1,2,390000
Colúmbia,3,108,2,3,320000
Vila Filipin,2,48,1,2,220000
Jardim Maria Celina,2,49,1,1,220000
Jardim Moema,3,70,1,1,290000
Gleba Ribeirão Limeiro,2,43,1,1,200000
Leonor,3,125,3,1,259000
Campo Belo,4,182,2,3,750000
Santa Rosa,3,182,2,4,2180000
Brasília,3,173,2,4,549000
Bela Suiça,2,115,2,2,1150000
Antares,3,129,2,3,550000
Gleba Fazenda Palhano,3,69,2,1,470000
Brasília,3,212,4,2,1940000
Estância Santa Paula,4,600,4,5,4200000
Brasília,3,100,2,2,480000
Santa Rosa,3,108,2,3,1289000
Ouro Verde,2,45,1,1,175000
Gleba Fazenda Palhano,3,68,1,2,550000
Vivendas do Arvoredo,3,89,2,2,970000
Gleba Simon Frazer,4,217,4,4,2300000
Conjunto Residencial Marajoara,2,45,1,1,160000
Gleba Fazenda Palhano,2,44,1,1,260000
Tucano,4,510,2,4,1550000
Vila Brasil,3,65,1,2,510000
Conjunto Habitacional Milton Gavetti,2,110,2,1,279999
Jardim Colúmbia D,1,116,1,3,329370
Califórnia,2,68,2,1,299000
Jardim Morumbi,2,52,1,1,230000
Recanto do Salto,4,311,2,5,3200000
Jardim Morumbi,3,64,1,1,365000
Jardim do Lago,3,217,2,3,1749000
Leonor,2,40,1,1,173000
Jardim Esperança,3,331,3,4,900000
Parque Jamaica,2,72,1,2,449610
Jardim Morumbi,2,50,1,1,290000
Gleba Fazenda Palhano,3,77,1,2,600000
Jardim Itatiaia 2,3,120,5,3,2700000
Centro,3,87,1,2,580000
Esperança,4,433,4,5,5500000
Recanto do Salto,3,288,2,5,3350000
Conjunto Habitacional Violim,3,100,2,1,185000
Antares,3,86,2,1,660000
Esperança,3,137,2,3,880000
Residencial Quadra Norte,3,136,2,2,550000
Conjunto Habitacional Jamile Dequech,2,60,2,1,80000
Gleba Fazenda Palhano,3,131,2,5,1330000
Heimtal,3,110,2,1,700000
Alpes,3,173,4,2,580000
Paraíso,3,120,1,1,500000
Gleba Fazenda Palhano,3,222,4,5,1990000
Brasília,3,89,1,3,315000
Brasília,3,98,2,3,585000
Jardim Nova Londrina,5,430,5,5,2300000
San Fernando,2,45,1,1,158000
Marumbi,3,212,2,4,1550000
Jardim Santo Antônio,4,263,5,3,1200000
Gleba Simon Frazer,4,211,4,5,1650000
Conjunto Parigot de Souza 1,3,89,2,1,289000
Jardim Maria Celina,2,58,1,1,195000
Maravilha,3,220,3,4,1700000
Jardim das Américas,2,44,1,1,160000
Centro,3,85,1,3,450000
Leonor,2,46,1,1,190000
Igapó,3,50,1,2,200000
Bela Suiça,3,232,3,5,2700000
Ideal,2,75,1,2,280000
Nikko,3,198,2,4,2300000
Pacaembu,1,143,2,3,545000
Jardim Morumbi,3,152,4,2,1400000
Esperança,3,250,4,4,2690000
Jardim Agari,3,93,1,2,515000
Bela Suiça,2,70,2,2,595000
Vivendas do Arvoredo,4,499,4,5,4650000
Ideal,3,190,2,4,1790000
Jardim Maria Celina,2,45,1,1,170000
Nova Olinda,2,63,1,2,210000
Gleba Fazenda Palhano,3,180,2,5,1950000
Brasília,3,90,2,2,430000
Residencial Quadra Norte,3,96,1,2,310000
Vila Ipiranga,4,130,5,1,840000
Centro,3,86,2,2,800000
Jardim Shangri-la A,2,67,1,2,580000
Conjunto Habitacional Alexandre Urbanas,3,150,4,4,1000000
Mediterrâneo,5,450,4,5,1600000
Jardim América,4,200,2,3,650000
Centro,3,135,1,2,480000
Centro,1,56,1,1,450000
Jardim Montecatini,3,190,4,4,1815000
Jardim Morumbi,3,111,1,3,290000
Conjunto Café,3,62,1,1,210000
Centro,3,148,2,4,1200000
Jardim Vilas Boas,3,60,2,1,220000
Esperança,3,267,4,4,2990000
Centro,3,80,1,2,650000
Bela Suiça,4,102,2,2,720000
Guanabara,3,150,2,1,1600000
Brasília,2,52,1,1,130000
Jacomo Violin,1,60,1,1,220000
Gávea,3,121,2,3,550000
Jardim Tókio,2,70,1,1,299520
Brasília,2,67,1,1,230000
Recanto do Salto,3,298,4,5,3000000
Gleba Fazenda Palhano,3,79,2,2,570000
Portal de Versalhes 2,3,125,2,3,550000
Jardim Morumbi,3,370,4,4,1800000
Colúmbia,2,70,1,1,195000
Jardim do Lago,4,217,2,4,1650000
Jardim Santa Cruz,3,57,1,1,150000
Monte Belo,4,425,1,1,650000
Jardim Santa Cruz,2,44,1,1,130000
Jardim Santa Cruz,2,45,1,1,125000
Brasília,4,290,2,5,2490000
Gleba Fazenda Palhano,2,46,1,1,350000
Santa Rosa,3,100,2,1,1190000
Gleba Fazenda Palhano,3,95,2,2,920000
Portal de Versalhes 1,2,55,1,1,230000
Jardim das Américas,2,54,1,1,149900
Terra Bonita,4,298,5,4,2300000
Jardim Alto do Cafezal,2,70,3,1,300000
Centro,3,70,2,1,606000
Gleba Fazenda Palhano,3,173,2,5,1980000
Gleba Simon Frazer,3,231,4,4,1600000
Gleba Fazenda Palhano,3,165,3,5,1500000
Gleba Fazenda Palhano,2,54,1,1,400000
Vale das Araucárias,4,450,5,5,3380000
Esperança,4,329,4,5,2700000
Terra Bonita,3,146,1,3,820000
Vale dos Tucanos,3,64,1,1,235000
Brasília,3,157,2,3,598700
Parque do Lago Juliana,3,936,4,4,2500000
Gleba Fazenda Palhano,4,510,4,5,3600000
Jardim Morumbi,3,199,4,4,1300000
Vivendas do Arvoredo,4,357,4,5,4500000
Gleba Fazenda Palhano,4,445,4,5,4500000
Gleba Ribeirão Limeiro,2,46,1,1,259000
Jardim São Paulo II,3,63,1,2,275000
Santa Rosa,2,87,1,2,910000
Jardim Colúmbia D,3,85,2,2,330000
Centro,2,65,1,1,239000
Vila Larsen 1,3,109,1,2,310000
Ouro Verde,2,45,1,1,192000
Centro,3,109,1,3,429000
Brasília,2,74,1,1,223000
Mediterrâneo,4,450,4,5,2700000
Santa Rosa,3,77,2,2,640000
Loteamento Chamonix,3,95,2,1,419000
Colúmbia,3,56,2,1,265000
Esperança,3,152,4,4,1250000
Gleba Fazenda Palhano,3,155,2,5,1600000
Esperança,3,260,4,4,2350000
Jardim Portal de Itamaracá,3,117,1,2,610000
Portal de Versalhes 1,2,55,1,1,230000
Cidade Industrial 2,2,41,1,1,195000
Portal de Versalhes 1,3,120,2,3,550000
Terra Bonita,2,79,2,2,899000
Conjunto Cafezal 1,5,220,4,3,640000
Marumbi,3,161,2,1,1050000
João Paz,3,122,2,1,320000
Condomínio Vale do Arvoredo,4,164,2,3,1295000
Jardim Moema,3,125,1,1,315000
Centro,3,120,1,2,550000
Centro,3,71,1,2,250000
Conjunto Habitacional José Garcia Molina,3,140,4,3,650000
Jardim Continental,2,130,2,2,440000
Quebec,4,882,4,5,1200000
Esperança,2,42,1,1,245000
Gleba Fazenda Palhano,3,92,3,3,850000
Aurora,3,71,1,2,410000
Jardim Morumbi,3,70,1,1,280000
Jardim Imagawa,2,80,1,2,170000
Gleba Fazenda Palhano,3,131,2,5,1550000
Gleba Fazenda Palhano,3,85,2,2,850000
Jardim Lolata,3,260,3,3,1000000
Jardim Higienópolis,2,74,1,2,670000
Petrópolis,3,104,2,3,1109900
Marumbi,3,163,2,3,1050000
Vila Larsen 1,2,56,1,2,380000
Gleba Fazenda Palhano,3,75,2,2,670000
Jardim Atlanta,1,60,3,1,220000
Cafezal,4,80,3,2,240000
Gleba Fazenda Palhano,1,45,1,1,510000
Gleba Fazenda Palhano,3,167,2,3,1900000
Jardim das Américas,3,82,2,2,400000
Gleba Fazenda Palhano,2,72,1,2,630000
Centro,3,77,1,2,370000
Cidade Industrial 2,2,47,1,1,260000
Áurea,3,300,4,5,990000
Jardim Sumaré,3,61,3,4,1390000
Brasília,3,118,4,2,550000
Colina Verde,2,49,1,1,210000
Conjunto Habitacional Alexandre Urbanas,3,150,4,4,1050000
Brasília,2,47,1,1,195000
Centro,4,404,3,5,2300000
Heimtal,3,128,2,3,650000
Leonor,2,40,1,1,173000
Brasília,2,90,2,1,230000
Gleba Fazenda Palhano,3,83,2,2,750000
Jardim Graziela,3,85,1,2,450000
Vila Ipiranga,3,95,1,1,269000
Gleba Fazenda Palhano,3,77,1,2,550000
Bela Suiça,4,119,2,2,615000
Esperança,3,196,4,4,1439000
Gleba Simon Frazer,3,143,2,2,595000
Andrade,2,65,1,1,249080
Jardim Vale do Cedro,2,106,2,3,360000
Vivendas do Arvoredo,3,261,4,5,4200000
Centro,3,77,1,1,315000
Conjunto Residencial Vivendas do Arvoredo,3,220,3,2,750000
Industrial,4,180,2,2,690000
Jardim Presidente,5,330,2,3,950000
Jerumenha,3,77,1,2,368000
Centro,1,26,1,1,245000
Gleba Fazenda Palhano,3,92,2,2,780000
Jardim Santo André,3,106,3,1,250000
Gleba Fazenda Palhano,3,74,2,2,700000
Centro,3,160,2,3,760000
Gleba Fazenda Palhano,2,58,1,2,680000
Recanto do Salto,3,265,2,5,2740000
Recanto do Salto,3,200,5,1,3200000
Residencial José Lázaro Gouvea,3,70,1,2,550000
Centro,3,74,1,2,580000
Colinas,2,42,1,1,220000
Cidade Industrial 2,2,50,1,1,269000
Gleba Fazenda Palhano,3,181,4,5,2400000
Brasília,4,190,2,5,850000
Conjunto Semiramis Barros Braga,3,90,2,1,240000
Gleba Fazenda Palhano,3,114,2,3,1280000
Parque Jamaica,3,66,1,2,330000
Jardim São Paulo II,2,49,1,1,240000
Nossa Senhora de Lourdes,3,75,1,1,270000
Vivendas do Arvoredo,3,178,2,4,2990000
Vila Filipin,2,51,1,2,180000
Colinas,2,83,1,1,245000
Jardim São Paulo II,2,48,1,1,190000
Armindo Guazzi,3,140,2,3,580000
Jardim São Francisco de Assis,3,152,5,2,485000
Andrade,3,260,4,5,1490000
São Vicente,3,67,1,2,460000
Gleba Fazenda Palhano,3,122,2,4,1300000
Jardim São Paulo,3,65,2,1,280000
Bela Suiça,4,102,2,1,650000
Jardim Belo Horizonte,4,175,4,3,759000
Jardim Nova Londrina,4,421,5,5,2500000
Terra Bonita,2,62,1,2,650000
Conjunto Habitacional Alexandre Urbanas,3,187,4,3,1599000
Centro,3,86,2,2,850000
Gleba Fazenda Palhano,3,79,2,2,580000
Jardim Europa,3,76,1,2,280000
Terras de Santana II,3,185,4,4,1580000
Gleba Fazenda Palhano,2,55,2,1,440000
Gleba Fazenda Palhano,2,45,1,1,280000
Taliana,2,47,1,1,180000
Antares,3,82,1,1,380000
Brasília,2,45,1,1,130000
Aurora,2,75,1,2,595000
João Paz,3,90,3,3,380000
Cafezal,2,150,3,2,350000
Terra Bonita,1,70,1,1,710000
Gleba Fazenda Palhano,3,129,2,3,979900
Santa Rosa,3,100,2,3,1150000
Centro,3,158,2,4,695000
Califórnia,3,153,1,1,690000
Bela Suiça,4,256,3,3,3190000
Vila Brasil,2,55,1,2,340000
Jardim Maria Celina,2,47,1,1,210000
Gleba Fazenda Palhano,2,75,2,2,620000
Brasília,3,129,2,3,739000
Residencial José B Almeida,3,80,2,2,350000
Vitória Régia,3,65,1,1,180000
Santa Rosa,2,86,2,2,890000
Centro,3,120,1,2,550000
São Vicente,2,61,1,2,215000
Gleba Fazenda Palhano,3,111,2,3,1151000
Granville Parque Residencial,3,280,3,3,1300000
Centro,1,58,1,2,280000
Portuguesa,3,175,3,3,650000
Gleba Fazenda Palhano,2,122,2,2,1350000
Gleba Fazenda Palhano,2,62,1,2,620000
Jardim Morumbi,3,140,2,2,500000
Jardim São Paulo II,2,49,1,1,170000
Centro,4,230,2,4,890000
Gleba Fazenda Palhano,3,173,2,4,1850000
Vila Fujita,3,148,2,2,905000
Gleba Fazenda Palhano,3,216,3,4,2420000
Parque Jamaica,3,62,1,2,427000
Gleba Fazenda Palhano,3,120,2,2,1040000
Jardim Morumbi,3,63,1,2,350000
Sabará III,3,62,1,1,270000
Portal de Versalhes 1,2,65,1,1,230000
Loteamento Chamonix,3,80,1,2,369000
Residencial Vila Romana,3,120,2,1,250000
Jardim Strass,2,70,2,1,247000
Conjunto Habitacional Alexandre Urbanas,3,150,2,4,999000
Jardim Morumbi,2,111,1,1,230000
Jardim São Paulo,3,87,1,2,380000
Jardim Imagawa,2,48,1,1,160000
Jardim São Paulo,3,87,1,2,370330
Jardim Morumbi,3,175,4,4,1380000
Jardim Morumbi,2,53,1,1,335000
Califórnia,3,123,3,4,770000
Esperança,3,181,4,5,1990000
Residencial Portal do Sol,3,77,1,1,309010
Lago Parque,3,590,5,5,1390000
Conjunto Habitacional José Giordano,3,160,3,2,215000
Centro,3,82,1,2,355000
Brasília,3,77,2,2,382000
Santa Rosa,3,182,2,3,2180000
Conjunto Habitacional José Garcia Molina,2,49,1,1,160000
Gleba Fazenda Palhano,3,217,3,5,2300000
Jardim Neman Sahyun,3,155,2,1,650000
Colúmbia,2,110,2,2,340000
Guanabara Parque Boulevard,3,104,2,3,1100000
Parque Jamaica,2,47,1,1,170000
Jardim América,3,200,4,3,650000
Aurora,2,50,1,1,495000
Brasília,2,74,1,2,550000
Conjunto Santa Rita 6,3,100,1,1,310000
Alpes,3,200,4,3,400000
Jardim Shangri-la A,3,67,1,2,498000
São Pedro,3,80,1,2,500000
Santa Rosa,3,103,2,2,1150000
Colinas,3,90,1,2,700000
Centro,3,148,2,1,1390000
Colinas,2,65,2,1,320000
Conjunto Habitacional Alexandre Urbanas,3,191,4,4,1490000
Jardim Jóquei Club,2,41,1,1,160000
Jardim Império do Sol,3,160,2,2,515000
Ouro Verde,2,48,1,1,169000
Bela Vista,2,128,2,2,990000
Centro,3,90,1,2,550000
Brasília,2,50,1,1,184140
Jardim Shangri-la A,3,400,5,4,1385000
Gleba Fazenda Palhano,3,185,3,4,1999000
Gleba Simon Frazer,3,197,4,5,1650000
Caiçaras,4,267,3,5,1680000
Mediterrâneo,5,450,4,5,1600000
Granville Parque Residencial,3,215,2,3,1229000
Jardim Presidente,3,72,2,2,649540
Esperança,4,310,4,5,3450000
São Vicente,2,55,1,2,245000
Aurora,3,69,1,2,448000
Portal de Versalhes 1,3,122,2,3,450000
Jardim São Paulo II,2,44,1,1,180000
Brasília,2,161,4,3,370000
Brasília,4,400,3,4,1150000
Pinheiros,3,162,3,3,500000
Heimtal,3,74,1,1,279000
Heimtal,2,45,1,1,190000
Bela Suiça,3,232,4,5,2850000
Jardim do Lago,3,212,2,4,1900000
Recanto do Salto,3,220,2,5,2750000
Jardim Belém,1,50,3,1,110000
Alto da Boa Vista,3,69,2,1,245000
Terra Bonita,2,62,1,2,650000
Gleba Fazenda Palhano,3,139,2,4,1700000
Centro,4,239,2,3,940000
Esperança,4,356,4,5,2800000
Centro,3,95,1,1,350000
Jardim América,3,90,1,2,325000
Igapó,2,51,1,1,330000
Cláudia,3,75,1,3,350000
Conjunto Farid Libos,3,200,1,2,190000
Gleba Fazenda Palhano,2,103,2,3,980000
Jardim Padovani,3,108,3,2,380000
Gleba Fazenda Palhano,3,236,4,5,3100000
Jardim do Sol,2,71,1,1,175000
Santa Izabel,2,48,1,1,214000
Gleba Fazenda Palhano,3,81,1,2,690000
Colinas,2,47,1,1,190000
Vale dos Tucanos,2,53,1,1,230000
Monte Belo,2,125,1,2,320000
Nikko,3,121,2,3,1207000
Brasília,3,86,2,2,420000
Centro,4,333,2,5,1290000
Jardim Adriana I,3,208,2,2,1600000
Centro,1,45,1,1,165000
Lagoa Dourada,2,47,1,1,150000
Olímpico,2,60,1,1,80000
Gleba Fazenda Palhano,3,114,2,3,1600000
Champagnat,3,57,1,1,300000
São Vicente,2,63,1,2,250000
Aurora,3,68,1,2,523600
Alto da Colina,1,25,1,1,130000
Santa Rosa,2,69,1,2,595000
Leonor,2,46,1,1,172000
Bela Suiça,3,154,2,5,2000000
Jardim São Jorge,4,283,3,5,3900000
Waldemar Hauer,3,115,2,2,350000
Santa Rosa,3,323,4,4,4299000
Brasília,3,81,2,2,680000
Jardim Morumbi,3,180,4,5,1250000
Califórnia,3,93,2,1,400000
Jardim São Paulo II,3,60,1,1,245000
Gleba Fazenda Palhano,3,81,2,2,680000
Moradias do Cabo Frio,2,60,2,1,220000
Vila Larsen 1,3,110,1,1,320000
Brasília,2,55,1,1,120000
Centro,3,204,3,5,1250000
Brasília,3,226,3,4,1090000
Centro,3,114,1,2,500000
Brasília,2,65,1,1,260000
Centro,3,90,1,1,445000
Residencial Abussafe II,2,65,1,1,299000
Santa Rosa,3,114,2,2,1300000
Parque Jamaica,2,48,1,1,299000
Gleba Fazenda Palhano,3,112,2,3,1190000
Centro,4,270,3,5,1450000
Parigot de Souza 2,2,45,1,1,220000
Califórnia,3,150,5,2,680000
Santos Dumont,4,1800,3,5,2350000
Terra Bonita,3,50,1,2,370000
Jardim Europa,5,213,1,2,490000
Califórnia,3,110,2,1,220000
Colinas,2,45,1,1,200000
Conjunto Habitacional Alexandre Urbanas,3,180,4,4,1369000
Jardim das Palmeiras,3,89,2,1,320000
Brasília,3,200,2,3,650000
Jardim Santa Cruz,3,58,1,1,185000
Centro,1,50,1,1,250000
Heimtal,3,112,2,3,585000
Jardim Kase,2,70,2,1,220000
Gleba Fazenda Palhano,3,75,1,2,557000
Caravelle,3,245,3,3,750000
Caiçaras,4,549,5,4,4700000
Jardim Santa Alice,3,180,4,2,660000
Jardim Burle Marx,3,180,4,3,1100000
Jardim do Sol,2,91,2,2,390000
Vivendas do Arvoredo,3,280,4,3,3980000
Centro,3,77,1,2,430000
Jardim Agari,3,118,1,2,350000
Jardim São Jorge,4,283,3,5,3982000
Colúmbia,3,84,2,2,490000
Gleba Fazenda Palhano,3,130,2,4,1550000
Centro,3,85,1,3,350000
Centro,3,128,3,2,1400000
Parque Residencial Michael Licha,3,161,4,3,650000
Vale dos Tucanos,3,64,1,1,245000
Jardim Maria Celina,2,42,1,1,209000
Terra Bonita,3,84,1,2,840000
Conjunto Habitacional José Garcia Molina,2,63,1,1,265000
Jardim Montecatini,4,250,4,5,2100000
Parque Jamaica,2,72,2,2,590000
Gleba Fazenda Palhano,3,183,3,4,2000000
Parque Jamaica,3,70,1,1,209560
Gleba Fazenda Palhano,2,88,2,2,890000
Esperança,4,280,2,4,2450000
Gleba Fazenda Palhano,3,199,3,2,1800000
Sabará III,2,60,1,1,200000
Carnascialli,3,89,2,1,210000
Jardim Itatiaia 2,2,165,4,4,1290000
Conjunto Habitacional Alexandre Urbanas,3,80,1,2,400000
Esperança,3,276,4,5,4200000
Santa Rosa,4,122,2,3,1190000
Gleba Fazenda Palhano,3,165,2,3,1550000
Jardim América,1,362,4,4,1100000
Centro,3,178,1,2,810000
Aragarça,3,365,4,2,2000000
Vitória,2,63,1,1,180000
Conjunto Habitacional Alexandre Urbanas,3,150,4,4,1050000
Terra Bonita,2,81,1,2,645000
Coroados,3,188,2,3,950000
Gleba Fazenda Palhano,3,87,2,2,860000
Gleba Fazenda Palhano,4,235,4,5,3600000
Califórnia,3,192,5,2,820000
Conjunto Habitacional José Garcia Molina,2,45,1,1,156000
Terra Bonita,3,125,3,3,875000
Bela Suiça,2,87,2,3,1150000
Gleba Fazenda Palhano,3,79,2,2,590000
Parque Jamaica,3,70,1,1,180000
Centro,2,57,1,2,453900
Interlagos,2,118,2,2,350000
Jardim Londrilar,3,205,3,4,1560000
Brasília,4,285,4,4,850000
Gleba Fazenda Palhano,2,73,1,2,795000
Shangri-lá,2,91,2,1,280000
Centro,3,112,1,3,600000
Vila Larsen 1,3,109,1,2,331000
Universitário,3,104,2,3,670000
Vitória,2,45,1,1,215000
Jardim Tropical,3,120,1,2,250000
Colúmbia,2,62,1,1,280000
Gleba Ribeirão Limeiro,2,45,1,1,189000
Centro,3,88,2,2,800000
Colinas,2,47,1,1,230000
Centro,2,56,2,1,389900
Waldemar Hauer,3,170,3,2,635000
Gleba Simon Frazer,3,214,2,3,1689750
Veraliz,3,150,1,2,570000
San Fernando,2,50,1,1,185000
Centro,3,92,1,3,340000
Centro,2,65,1,2,259290
Brasília,2,47,1,1,287000
Santa Rosa,3,103,3,2,1100000
Brasília,3,100,2,2,540000
Brasília,2,72,2,1,260000
Gleba Fazenda Palhano,2,46,1,1,290000
Brasília,3,90,2,2,360000
Conjunto Habitacional José Garcia Molina,3,104,3,2,365000
Ricardo,2,50,1,1,125000
Parque Jamaica,2,41,1,1,155000
Aurora,3,64,1,2,448000
Califórnia,3,120,3,4,745000
Centro,3,130,1,2,550000
Jardim Burle Marx,4,204,2,4,1200000
Jardim Maria Celina,2,43,1,1,100000
Gleba Fazenda Palhano,3,69,1,2,480000
Jardim Arapongas,3,110,2,2,250000
Cafezal,3,109,1,1,380000
Gleba Fazenda Palhano,2,44,1,1,240000
Centro,3,130,1,3,530000
Ideal,3,132,1,3,250000
Parque Jamaica,3,71,1,2,490000
Jardim Agari,2,57,1,2,450000
Colúmbia,3,84,2,1,490000
Perobinha,2,45,1,1,85000
Aurora,2,56,1,1,320000
Jardim Tókio,3,247,4,4,680000
Petrópolis,3,78,2,2,720000
Gleba Fazenda Palhano,2,47,2,1,310000
Conjunto Habitacional Jamile Dequech,2,43,1,1,200000
Gleba Fazenda Palhano,2,66,1,1,318000
Eucaliptos,3,200,2,2,240000
Aurora,3,69,1,2,450000
Gleba Simon Frazer,3,256,4,4,1800000
Santa Rosa,3,245,3,2,3390000
Brasília,2,47,1,1,223000
Jardim Maria Luiza,2,41,1,1,165000
Loteamento Chamonix,3,80,1,2,420000
Jardim Morumbi,3,63,1,2,290000
Gleba Fazenda Palhano,3,84,2,1,750000
Recanto Nobre,5,846,5,5,11900000
Centro,3,128,3,3,1400000
Conjunto Habitacional Santiago II,2,52,1,1,270000
Gleba Fazenda Palhano,2,54,1,1,375000
Esperança,3,195,4,4,1490000
Heimtal,3,126,2,3,595000
Centro,3,123,2,2,750000
Gávea,3,121,2,1,580000
Jardim Colúmbia D,2,59,1,1,250000
Jardim São Tomás,3,84,2,2,350000
Parque Leblon,3,140,2,2,490000
Ideal,2,54,1,1,250000
Vivendas do Arvoredo,4,492,4,5,5800000
Brasília,2,61,1,1,265000
Centro,3,101,1,2,480000
Gleba Fazenda Palhano,3,75,1,2,590000
Vila Fujita,5,178,3,3,698000
Brasília,2,125,1,2,200000
Jardim das Américas,2,57,1,1,150000
Gleba Fazenda Palhano,3,181,4,5,1950000
Parque Jamaica,3,65,1,2,340000
Gleba Fazenda Palhano,3,167,2,4,1850000
Jardim Maria Luiza,2,41,1,1,170000
Gleba Fazenda Palhano,3,185,4,5,2200000
Centro,3,147,2,3,800000
Gleba Fazenda Palhano,2,82,2,3,980000
Jardim Belo Horizonte,3,87,1,1,470000
Gleba Fazenda Palhano,2,82,2,3,865750
Aurora,3,70,1,2,385000
Centro,3,94,1,2,430000
Vitória,3,69,2,2,520000
Vila Filipin,2,72,1,2,440000
Gleba Fazenda Palhano,3,114,2,2,1350000
Novo Antares,3,176,4,2,910000
Vila Larsen 1,1,50,1,1,195000
Jardim Santa Cruz,3,57,1,1,135000
Santa Rosa,4,370,3,5,2500000
Centro,3,115,1,2,480000
Hedy,3,180,2,2,650000
Nossa Senhora de Lourdes,2,55,1,2,200000
Kennedy,1,38,1,1,185000
Gleba Fazenda Palhano,2,46,1,1,280000
Centro,3,66,1,2,469000
Champagnat,3,65,2,1,370000
Heimtal,3,87,2,2,390000
Universitário,3,160,4,3,900000
Jardim Império do Sol,3,189,2,4,790000
Ideal,2,45,1,1,180000
Vivendas do Arvoredo,4,283,4,5,3490000
Califórnia,5,360,3,3,535000
Jardim Morumbi,3,71,1,1,280000
Paulista,2,54,1,1,190000
Ideal,3,87,1,1,371000
Gleba Fazenda Palhano,3,79,2,2,660000
Petrópolis,4,610,1,2,1100000
Guanabara Parque Boulevard,2,89,2,2,850000
Terra Bonita,2,70,1,1,615000
Santa Rita 2,2,57,1,1,120000
Gleba Fazenda Palhano,2,136,3,4,1760000
Centro,3,74,1,2,580000
Colúmbia,3,84,1,2,370000
Centro,3,90,1,2,445000
Gleba Fazenda Palhano,3,181,4,4,2400000
Jardim das Américas,3,58,1,1,185000
Centro,4,400,3,2,1999900
Jardim das Américas,2,58,1,1,149000
Aurora,3,63,1,2,445000
Parque Jamaica,2,46,1,1,155000
Gleba Fazenda Palhano,4,550,4,5,3799000
Centro,3,204,2,4,2595500
Cláudia,3,55,1,1,265000
Gleba Fazenda Palhano,4,510,4,5,3600000
Jardim Maria Celina,3,85,1,2,285000
Centro,1,30,1,1,185000
Centro,3,128,2,3,1090000
Residencial Professora Madalena Cardoso,3,60,1,1,190000
Centro,3,88,1,3,382000
Ideal,3,71,2,1,270000
Terra Bonita,2,70,1,2,762600
Ideal,3,96,2,3,380000
Brasília,2,70,1,1,300000
Colinas,2,65,2,2,320000
Centro,3,75,1,1,600000
Vivendas do Arvoredo,4,400,4,1,5250000
Jardim São Paulo II,3,84,1,2,310000
Conjunto Vivi Xavier,2,100,1,1,190000
Jardim Strass,2,10,1,1,130000
Gleba Fazenda Palhano,3,127,2,3,1470000
Brasília,3,120,1,3,380000
Jardim Sérgio Antônio,2,44,1,1,165000
Esperança,4,313,4,5,3500000
Centro,4,405,3,2,2000000
Gleba Fazenda Palhano,3,95,2,2,875000
Granville Parque Residencial,3,320,5,5,1600000
Gleba Fazenda Palhano,4,235,3,5,2950000
Andrade,3,124,2,3,1250000
Alpes,4,335,5,2,990000
Conjunto Parigot de Souza 1,3,73,1,2,210000
Pacaembu,3,83,1,2,349000
Gleba Fazenda Palhano,2,81,2,1,850000
Colúmbia,3,127,2,2,299000
Santa Rosa,3,184,2,4,1500000
Brasília,3,75,2,2,380000
Parque Residencial Alcântara,4,420,2,4,3380000
Terra Bonita,3,67,1,2,370000
Centro,1,24,1,1,215000
Jardim América,3,95,1,2,499500
Recanto do Salto,5,341,4,5,2990000
Igapó,2,47,1,1,205000
Parque Residencial Alcântara,5,500,4,5,2000000
Vivendas do Arvoredo,3,178,4,5,2990000
Brasília,3,62,1,2,330000
Aurora,3,64,2,2,450000
Pacaembu,3,116,2,2,465000
Gleba Fazenda Palhano,3,181,2,5,2790000
Jardim Tarumã,4,290,3,3,960000
Coliseu,4,100,5,2,850000
Colúmbia,2,90,2,1,250000
Champagnat,4,180,4,2,580000
Jardim do Lago,4,217,2,4,1650000
Alto da Boa Vista,3,90,2,2,265000
Jardim Morumbi,2,64,1,2,460000
Portal de Versalhes 2,3,175,2,4,980000
Centro,3,122,2,4,650000
Quebec,4,211,2,3,900000
Esperança,4,318,2,4,2799000
Jardim Aliança,3,200,3,2,265000
Centro,4,147,2,2,815000
Parque Jamaica,3,245,2,4,1500000
Gleba Fazenda Palhano,3,120,2,3,1250000
Jardim Maria Luiza,2,124,2,2,370000
São Pedro,2,48,1,1,172000
Gleba Fazenda Palhano,3,122,2,3,1298000
Jardim Colúmbia D,3,120,1,3,450000
Gleba Fazenda Palhano,1,52,1,2,585000
Gleba Fazenda Palhano,2,44,1,1,290000
Vila Brasil,2,54,1,1,344900
Mediterrâneo,5,400,4,5,2000000
Jardim Nápoles,4,289,5,5,1350000
Colinas,3,84,2,1,350000
Lago Parque,3,320,4,4,1500000
Gleba Fazenda Palhano,3,79,2,1,629000
Granville Parque Residencial,3,155,2,4,1229000
Centro,2,117,1,2,399000
Gleba Fazenda Palhano,3,104,2,2,1130000
Brasília,3,92,2,2,850000
Jardim Strass,2,250,3,1,165000
Centro,3,110,1,3,600000
Conjunto Habitacional Santiago II,3,80,1,3,360000
Jardim Shangri-la A,3,67,1,2,500000
Brasília,5,380,5,5,1100000
Vale dos Tucanos,2,44,1,1,220000
Gleba Fazenda Palhano,3,185,2,5,1800000
Vila Brasil,2,55,1,1,419900
Granville Parque Residencial,3,155,2,4,1229000
Cinco Conjuntos,1,103,2,1,170000
Marumbi,3,139,3,1,310000
Lago Parque,5,800,5,5,2350000
Terra Bonita,3,140,4,3,930000
Jardim Moema,3,69,1,1,305000
Jardim Belo Horizonte,3,84,1,2,399190
Brasília,4,290,2,5,2490000
Vitória,3,150,2,4,950000
Gleba Fazenda Palhano,3,324,4,5,3850000
Granville Parque Residencial,4,303,3,5,1800000
Centro,3,163,3,5,1030000
Centro,1,43,1,1,215000
Nova Olinda,2,50,1,1,175000
Paraíso,2,60,1,1,250000
Gleba Fazenda Palhano,3,167,2,3,1980000
Colúmbia,3,100,2,2,456000
Jardim Colúmbia D,3,120,2,2,260000
Gávea,3,150,2,2,549000
Sabará III,1,90,1,2,360000
Gleba Fazenda Palhano,3,79,1,1,640000
Brasília,5,180,4,4,790000
Conjunto Habitacional José Garcia Molina,2,45,1,1,150000
São Vicente,2,55,1,1,270000
Guanabara Parque Boulevard,3,104,2,2,1100000
Igapó,2,52,1,1,235000
Conjunto Farid Libos,2,62,2,1,265000
Bela Suiça,3,156,2,5,1700000
Santa Rosa,3,132,4,4,1400000
Bandeirantes,3,80,2,2,430000
Jardim Pérola,3,174,2,3,580000
Jardim Tókio,3,155,2,2,900000
Brasília,3,67,2,2,370000
Dom Bosco,3,80,1,2,330000
Terra Bonita,2,84,1,2,889000
Esperança,3,390,5,2,2820000
Centro,3,110,1,2,500000
Jardim Presidente,5,328,4,5,5000000
Gleba Simon Frazer,3,239,4,4,1690000
Esperança,3,280,4,3,2250000
Antares,3,142,1,1,600000
Terra Bonita,3,70,1,2,560000
Jardim Morumbi,3,144,4,3,1200000
Gleba Fazenda Palhano,3,185,3,5,1942000
Lago Parque,4,300,4,2,1000000
Califórnia,2,109,2,3,510000
Bela Suiça,2,74,1,2,890000
Gleba Fazenda Palhano,2,78,2,2,750000
Vila Brasil,2,54,1,2,352000
Parque Residencial Michael Licha,2,69,2,1,245000
Centro,3,112,1,1,389000
Jardim Neman Sahyun,2,170,3,2,450000
São Vicente,3,65,1,2,469000
Gleba Fazenda Palhano,3,181,2,5,2790000
Gleba Fazenda Palhano,3,139,2,4,1590000
Loteamento Chamonix,3,144,2,3,670000
Centro,3,117,2,3,480000
Residencial Veneza,2,136,1,1,380000
Parque Jamaica,3,57,1,1,180000
Brasília,3,180,2,2,420000
Centro,1,58,1,1,270000
Gleba Fazenda Palhano,2,85,2,2,925000
Jardim Maria Luiza,2,41,2,1,149000
Jardim Bandeirantes,2,49,1,1,185000
Jardim dos Estados,2,80,1,1,330000
Quebec,3,190,2,2,950000
Campo Belo,3,114,2,3,750000
Brasília,2,74,2,2,750000
Brasília,4,298,4,5,2900000
Jardim Paris,2,70,4,1,290000
Alto da Boa Vista,3,171,3,2,320000
Santa Rosa,3,127,1,4,1350000
Bela Suiça,4,427,3,5,6000000
Bela Suiça,3,116,2,2,1180000
Centro,3,120,2,2,450000
Recanto do Salto,5,420,4,5,3100000
Centro,3,77,1,2,270000
Brasília,3,80,3,2,435000
São Vicente,2,96,2,2,350000
Centro,1,29,1,1,234000
Conjunto Habitacional Alexandre Urbanas,3,190,1,4,1490000
Centro,3,80,1,1,320000
Gleba Fazenda Palhano,3,185,4,5,2200000
Vivendas do Arvoredo,4,264,2,5,3300000
Centro,3,90,1,1,320000
Gleba Fazenda Palhano,3,133,3,5,2223000
Champagnat,5,500,4,5,150000
Jardim Tókio,2,100,2,2,300000
Colinas,2,44,1,1,250000
Centro,1,39,1,1,250000
Aeroporto,3,150,4,3,520000
Parque Residencial Joaquim Toledo Piza,4,160,2,2,480000
Jardim Portal dos Pioneiros,3,95,2,2,479150
Jardim Tarumã,3,150,2,3,590000
Jardim Higienópolis,3,110,1,1,490000
Conjunto Habitacional Alexandre Urbanas,3,174,3,3,750000
Gleba Fazenda Palhano,2,133,2,3,1575000
Leonor,2,46,1,1,170000
Jardim Morumbi,3,215,2,4,1690000
Ideal,3,61,2,2,310000
Centro,3,84,1,2,330000
Gleba Fazenda Palhano,2,75,1,2,650000
Vivendas do Arvoredo,3,178,2,5,2990000
Parque Residencial Joaquim Toledo Piza,3,130,2,2,695000
Alpes,3,140,2,4,450000
Vila Filipin,2,42,1,2,223000
Esperança,3,270,4,5,1790000
Dom Pedro,3,140,4,3,1280000
Gleba Fazenda Palhano,2,51,1,1,395000
Gleba Fazenda Palhano,3,214,3,3,2500000
Parque Jamaica,2,42,1,1,140000
Califórnia,2,82,2,1,330000
Recanto do Salto,4,379,4,5,4950000
Brasília,3,135,3,3,330000
Centro,2,66,1,1,350000
Santa Rosa,3,245,3,5,3390000
Jardim Santa Alice,3,98,1,2,360000
Colinas,2,72,2,2,260000
Conjunto Habitacional Doutor Farid Libos,2,45,1,1,246000
Santa Rosa,3,108,2,2,1300000
Brasília,2,45,1,1,191000
Gleba Fazenda Palhano,3,99,2,2,680000
Califórnia,2,61,1,2,285000
Heimtal,3,52,1,1,230000
Brasília,3,200,3,2,297000
Parque Jamaica,3,72,1,1,178000
Jardim Palermo,2,62,1,1,190000
Parque Residencial Alcântara,4,540,4,5,1950000
Jardim Morumbi,2,45,2,1,300000
Vila Santa Terezinha,2,51,1,1,390000
Parque das Indústrias,2,60,3,1,219000
Gleba Fazenda Palhano,3,185,3,3,2300000
Conjunto Habitacional Doutor Farid Libos,2,41,1,1,175000
Residencial Professora Marieta,3,141,3,3,410000
Parque Jamaica,3,147,2,3,750000
Brasília,2,80,2,2,325000
Nossa Senhora de Lourdes,3,85,1,2,470000
Jardim América,3,320,5,2,640000
Gleba Fazenda Palhano,3,139,2,3,1590000
Progresso,2,104,1,2,185000
Jardim Maria Celina,2,45,1,1,170000
Centro,5,295,2,5,890000
Gleba Fazenda Palhano,3,233,3,4,2755000
Centro,3,66,2,1,459900
Brasília,3,280,3,3,872000
Eucaliptos,3,80,2,1,220000
Jardim Montecatini,3,92,1,1,365000
Centro,4,475,2,5,1300000
Gleba Fazenda Palhano,3,267,3,5,1450000
Vale dos Tucanos,2,121,1,2,350000
Gleba Simon Frazer,4,211,3,4,1660000
Centro,3,88,1,2,380000
Nova Olinda,3,80,1,1,380000
Canadá,3,235,2,2,1790000
Centro,3,88,1,2,280000
Centro,3,157,2,3,850000
Colúmbia,3,86,2,2,450000
Colúmbia,3,108,1,1,320000
Parque Jamaica,3,62,1,1,320000
Aurora,2,51,1,1,400000
Residencial Havana,4,190,4,4,1400000
Gleba Fazenda Palhano,3,92,2,3,750000
Jardim Imagawa,2,75,2,1,250000
Jardim São Paulo II,3,60,1,1,240000
Bela Suiça,4,556,4,5,6699000
Aurora,2,50,1,1,430000
São Lourenço,3,250,5,2,295000
Jardim São Paulo,3,85,1,2,420000
Gleba Fazenda Palhano,2,70,1,2,630000
Aurora,2,64,1,2,580000
Gleba Fazenda Palhano,3,130,3,3,1490000
Santa Rosa,3,245,3,5,2300000
Parque Residencial Alcântara,3,207,2,4,2050000
Cafezal,3,160,5,3,650000
Conjunto Residencial Vivendas do Arvoredo,4,220,4,4,1400000
Residencial Professora Madalena Cardoso,2,49,1,1,160000
Jardim Honda 2,3,92,2,3,240000
Jardim Presidente,3,163,3,2,1000000
Taliana,2,46,1,1,175000
Santa Rosa,3,207,3,5,2800000
Gleba Simon Frazer,1,80,2,2,450000
Olímpico,2,48,1,1,205000
Gleba Fazenda Palhano,3,122,2,2,1430000
Vila Larsen 1,3,75,2,1,400000
Brasília,2,57,2,1,270000
Parque Residencial Alcântara,3,500,4,5,3500000
Centro,3,265,4,3,1200000
Recanto do Salto,5,445,4,5,4990000
Conjunto Habitacional José Garcia Molina,2,45,1,1,125000
Jardim São Francisco de Assis,3,152,5,2,485000
Gleba Fazenda Palhano,3,81,1,2,695000
São Pedro,3,177,4,4,800000
Aragarça,3,163,3,3,1280000
Luiz de Sá,3,133,2,2,230000
Guanabara Parque Boulevard,2,89,2,2,860000
Gleba Fazenda Palhano,3,79,1,2,570000
Jardim Novo Sabará,2,46,1,1,120000
Leonor,2,40,1,1,173000
Santa Rosa,3,122,2,3,1200000
Brasília,3,89,1,2,405000
São Vicente,3,66,1,2,449000
Jardim Morumbi,2,53,1,1,398000
Brasília,3,55,1,1,290000
Gleba Fazenda Palhano,3,88,2,2,1190000
Gleba Fazenda Palhano,3,181,2,4,2790000
Ideal,2,47,1,1,198000
Centro,4,128,2,4,750000
Gleba Fazenda Palhano,3,162,2,5,1400000
Conjunto Vivi Xavier,3,91,2,2,355000
Centro,3,108,1,3,480000
Bela Suiça,3,115,2,2,1090000
Jardim Palmas,3,90,2,1,235000
Centro,3,86,1,2,750000
Brasília,2,43,1,1,263000
Centro,3,135,1,3,445000
Santa Rosa,2,69,1,2,595000
Vivendas do Arvoredo,3,192,3,5,2695000
Gleba Fazenda Palhano,2,62,1,1,615000
Centro,4,507,4,5,3200000
Gleba Fazenda Palhano,3,216,3,4,2250000
Gleba Fazenda Palhano,3,77,1,2,530000
Jardim Jóquei Club,2,49,1,1,215000
Parque Jamaica,3,71,1,2,489000
Brasília,2,80,2,3,335000
Colinas,2,47,1,1,195000
Itamarati,4,676,5,5,3200000
Centro,4,205,2,4,750000
Gleba Fazenda Palhano,3,165,2,5,1450000
Esperança,3,174,1,3,1390000
Brasília,3,268,4,4,1200000
Loteamento Chamonix,3,85,2,1,380000
Parque Jamaica,3,246,2,4,1480000
Jardim Agari,4,128,1,4,685000
Conjunto Habitacional Alexandre Urbanas,3,140,2,2,710000
Heimtal,3,80,2,1,350000
Centro,3,79,1,1,260000
Operária,3,353,5,2,1800000
Iguaçu,4,387,4,3,1480000
Jardim Delta,3,116,1,2,345000
Conjunto Habitacional Doutor Farid Libos,2,44,1,1,180000
Jardim São Paulo,2,100,2,1,270000
Vila Goes,3,140,5,2,850000
Centro,4,211,2,4,1000000
Jardim Morumbi,2,46,1,1,111212
Jardim Agari,3,93,1,2,400000
Esperança,5,330,4,5,3000000
Gleba Fazenda Palhano,2,47,1,1,270000
Brasília,2,70,1,1,190000
Jardim Maria Celina,3,86,2,1,240000
Leonor,1,50,2,1,230000
Esperança,4,234,4,3,2400000
Gleba Ribeirão Limeiro,2,44,1,1,215000
Parque Leblon,3,180,2,2,520000
Jardim Tókio,2,73,1,2,285000
Esperança,5,360,3,5,2950000
Jardim Lolata,3,191,4,1,700000
Carnascialli,2,113,5,2,250000
Jardim América,2,52,1,2,280000
Jardim Imagawa,2,35,1,1,180000
Gleba Fazenda Palhano,2,44,1,1,340000
Esperança,4,502,5,5,6900000
Jardim Belo Horizonte,3,175,2,3,750000
Brasília,3,98,2,2,495000
Gleba Simon Frazer,3,199,4,4,1400000
Jardim Higienópolis,3,101,1,3,480000
Vila Larsen 1,3,79,1,1,290000
Jardim Jóquei Club,3,145,2,3,898000
Gleba Fazenda Palhano,4,346,4,5,4680000
Canaã,3,208,3,3,760000
Gleba Fazenda Palhano,3,181,3,5,2100000
Catuai,2,140,3,3,350000
Brasília,3,250,3,2,430000
Jardim Presidente,2,71,1,1,629000
Terras de Santana II,3,185,4,4,1690000
Centro,3,86,2,2,830000
Vila Filipin,2,60,1,1,210000
Dom Bosco,3,80,1,1,330000
Brasília,2,81,2,2,680000
Jardim Tókio,2,100,2,2,420000
Rodocentro,3,238,4,4,2990000
Gleba Fazenda Palhano,3,183,3,4,1750000
Gleba Fazenda Palhano,3,68,2,2,460000
Jardim São Paulo II,3,63,1,1,220000
Jardim Pequena Londres,3,75,2,2,275000
Cafezal,3,120,3,3,700000
Brasília,3,255,5,5,590000
Terra Bonita,2,70,1,2,762600
Centro,3,84,2,2,470000
Jardim Nações Unidas,3,90,2,1,350000
Jardim São Paulo II,2,44,1,1,149000
Centro,3,171,1,3,450000
Brasília,3,100,2,1,350000
Gleba Fazenda Palhano,2,78,3,2,695000
Gleba Fazenda Palhano,3,181,2,5,2790000
Brasília,3,75,2,2,285000
Caiçaras,3,131,2,3,1300000
Vivendas do Arvoredo,4,420,5,5,5500000
Parque Residencial Joaquim Toledo Piza,3,103,2,1,380000
Brasília,3,123,2,2,318000
Califórnia,3,138,1,1,399000
Jardim Neman Sahyun,3,160,2,2,570000
Igapó,2,62,1,1,190000
Centro,3,118,2,3,680000
Jardim Alvorada,3,200,2,2,780000
Gleba Fazenda Palhano,3,155,2,5,1890000
Parque Jamaica,3,68,1,2,320000
Brasília,3,86,1,2,435000
Santa Rita 1,3,80,1,1,250000
Gleba Fazenda Palhano,3,216,4,5,2400000
Gleba Fazenda Palhano,2,81,2,2,670000
Conjunto Habitacional Alexandre Urbanas,3,144,4,3,1100000
Califórnia,3,116,2,2,460000
Centro,2,84,1,2,250000
Pacaembu,3,84,2,2,424050
Dom Pedro I,3,363,3,5,960000
Vivendas do Arvoredo,4,338,4,5,3980000
Esperança,4,380,4,5,3750000
Terra Bonita,2,79,1,2,899000
Santa Rosa,3,100,2,2,1190000
Jardim dos Estados,2,92,2,2,620000
Brasília,3,115,2,2,473000
Brasília,2,110,2,1,258000
Centro,2,113,1,2,600000
Brasília,3,58,1,1,350000
Centro,3,111,1,2,800000
Jardim São Jorge,3,159,2,4,1715000
Brasília,3,120,2,2,450000
Carnascialli,3,100,4,2,210000
Jardim das Américas,2,44,1,1,149000
Esperança,3,192,3,3,1500000
Vila Siam,2,70,1,2,550000
Conjunto Farid Libos,2,62,2,1,265000
Judith,4,179,2,3,700000
Gleba Simon Frazer,3,190,4,4,1690000
Cidade Industrial 2,2,46,1,1,220000
Gleba Fazenda Palhano,3,124,2,3,1200000
Antares,3,76,1,2,235000
Jardim das Palmeiras,3,89,2,1,320000
Jardim Morumbi,3,140,3,2,1050000
Helena,2,34,1,1,222900
Esperança,3,313,4,4,3500000
Aurora,2,75,1,2,580000
Gleba Simon Frazer,3,140,2,1,1150000
Terra Bonita,3,140,4,3,930000
Santa Rosa,3,69,2,1,590000
Santa Rosa,3,108,2,2,1200000
Gleba Fazenda Palhano,2,82,2,2,795000
Gleba Ribeirão Limeiro,2,46,1,1,245000
Jardim Presidente,2,71,2,2,570000
Centro,2,86,2,2,780000
Conjunto Habitacional Alexandre Urbanas,3,174,3,3,750000
Gleba Simon Frazer,3,152,4,4,1220000
Bela Suiça,2,88,2,2,590000
Paraíso,2,41,1,1,155000
Messiânico,2,75,1,1,230000
Centro,1,43,1,1,215000
Esperança,4,386,4,5,4200000
Guanabara,4,440,5,5,3300000
Residencial Santa Rita V,3,89,2,1,250000
Jardim Belo Horizonte,3,90,1,1,470000
Gleba Fazenda Palhano,3,92,2,3,900000
Operária,3,286,4,5,2100000
Conjunto Habitacional Santiago II,4,80,1,3,480000
Brasília,3,120,1,4,495000
Gleba Fazenda Palhano,3,69,1,2,465000
Vila Santa Terezinha,2,64,1,1,420000
Conjunto Habitacional Alexandre Urbanas,4,230,2,4,1590000
Gleba Fazenda Palhano,3,168,2,5,1300000
Centro,3,148,2,5,1300000
Esperança,2,136,5,2,1090000
Colúmbia,3,80,2,2,379000
Canaã,5,445,3,3,2200000
Centro,3,460,1,4,3000000
Terras de Santana II,4,288,2,5,2950000
Brasília,2,80,1,2,194000
Centro,3,74,1,3,300000
Santa Rosa,3,123,2,2,1200000
Operária,4,250,4,5,1790000
Jardim Maria Celina,2,52,2,1,210000
Jardim Montecatini,3,77,2,1,269000
Gleba Fazenda Palhano,2,74,1,2,644000
Jardim Prefeito Milton Menezes,3,80,1,1,390000
Jardim Tókio,2,60,1,1,250000
Esperança,2,42,1,1,220000
Conjunto Semiramis Barros Braga,3,150,2,2,300000
Campo Belo,3,250,5,2,900000
Gleba Fazenda Palhano,3,83,2,2,635000
Paraíso,2,46,1,1,189000
Vila Larsen 1,3,169,2,3,767000
Leonor,2,46,1,1,175000
Jardim Morumbi,3,200,4,5,1500000
Conjunto Residencial Marajoara,2,45,1,1,150000
Brasília,2,46,1,1,200000
Centro,3,140,2,2,540000
Residencial Vila Romana,3,160,2,3,389000
Parque Jamaica,3,70,1,1,200000
Gleba Fazenda Palhano,3,120,2,3,1100000
Conjunto Habitacional Alexandre Urbanas,3,198,4,4,1650000
Centro,5,152,2,4,530000
Brasília,3,260,5,2,280000
Centro,1,44,1,1,400000
Esperança,5,303,3,5,3190000
Centro,4,248,2,4,800000
Centro,3,132,1,4,750000
Brasília,1,26,1,1,245000
Centro,3,81,1,2,680000
Vila Monteiro,2,110,5,1,450000
Bela Suiça,4,427,4,5,5949000
Coliseu,3,264,5,4,800000
Waldemar Hauer,5,400,1,5,1600000
Jardim Planalto,3,96,2,2,340000
Centro,4,106,2,4,560000
Brasília,3,216,2,3,990000
Vila Larsen 1,3,140,1,1,700000
Centro,3,105,2,4,620000
Gleba Fazenda Palhano,2,82,2,2,950000
Vila Larsen 1,3,345,1,1,1500000
Jardim Maria Celina,2,48,1,1,79900
Jardim Londrilar,3,176,1,4,1990000
Colinas,3,88,1,2,350000
Centro,3,86,2,2,830000
Gleba Fazenda Palhano,1,52,1,1,555000
Gleba Simon Frazer,3,140,2,5,1150000
Gleba Fazenda Palhano,3,173,2,5,2100000
Vitória,2,56,1,1,320000
São Lourenço,3,146,2,2,289000
Brasília,3,143,2,3,650000
Centro,3,81,2,2,680000
Jardim Imagawa,3,90,1,2,280000
Gleba Fazenda Palhano,3,195,2,4,2307000
Bela Suiça,3,232,4,5,2850000
Jardim Londrilar,3,204,3,5,1550000
Cambezinho,3,74,1,2,296000
Brasília,3,186,4,5,1600000
Brasília,3,125,3,2,350000
Centro,3,103,2,1,730000
Jardim Tabapuã,4,184,4,1,650000
Terra Bonita,3,69,1,2,525000
Jardim Montecatini,3,70,1,1,266000
Esperança,4,500,4,5,3200000
Jardim Higienópolis,2,74,1,2,650000
Alto da Boa Vista,1,40,4,1,130000
Esperança,5,283,4,5,3200000
Centro,1,45,1,1,195000
Bela Suiça,4,419,4,5,5200000
Brasília,3,120,2,3,610000
São Vicente,3,65,1,1,450000
Jardim Flórida,3,142,2,1,480000
Vivendas do Arvoredo,5,470,4,5,7500000
Santa Rosa,2,85,2,2,790000
Leonor,2,80,2,1,300000
Pacaembu,3,60,1,1,235000
Jardim São Paulo II,3,60,1,1,240000
Pacaembu,2,63,2,1,570000
Gleba Fazenda Palhano,2,54,1,1,400000
Maringá,3,300,4,5,3900000
Monte Belo,4,227,2,3,895000
Vila Larsen 1,2,56,2,1,300000
Colúmbia,3,95,2,2,370000
Esperança,4,286,3,5,4200000
Centro,3,90,1,2,570000
Vila Larsen 1,3,89,1,3,315000
Jardim São Paulo II,1,41,1,1,150000
Recanto do Salto,3,400,1,2,2000000
Dom Bosco,3,80,1,2,330000
Brasília,2,120,2,1,424000
Vivendas do Arvoredo,4,195,4,4,2500000
Colúmbia,2,110,2,2,474900
Brasília,2,52,2,2,295000
Colúmbia,3,100,2,2,453000
Brasília,2,46,1,1,160000
Brasília,2,69,1,2,600000
Gleba Fazenda Palhano,3,127,2,5,1350000
Centro,4,298,3,5,1350000
Colinas,2,65,1,2,240000
Universitário,3,176,2,3,1050000
Brasília,2,65,1,2,329990
Jardim Montecatini,2,80,2,2,395000
Esperança,3,154,2,4,1380000
Jardim Higienópolis,1,45,1,1,270000
Gleba Fazenda Palhano,2,122,2,2,1450000
Centro,2,70,1,1,245000
Colúmbia,2,50,2,2,150000
Vale dos Tucanos,3,60,1,1,175000
Brasília,3,94,1,2,709000
Ideal,3,117,2,3,610000
Centro,2,86,1,2,225000
Brasília,2,150,4,2,470000
Ouro Verde,3,200,2,1,280000
Santa Rosa,3,103,2,3,1050000
Jardim Morumbi,2,50,1,1,439000
Residencial Professora Madalena Cardoso,2,53,1,1,130000
Vila Filipin,2,42,1,2,223000
Parigot de Souza 2,3,90,2,1,180000
Gleba Fazenda Palhano,3,151,2,5,1980000
Olímpico,3,186,2,4,1400000
San Fernando,2,39,1,1,185000
Jardim Nações Unidas,2,46,1,1,185000
Centro,3,170,1,1,630000
Gleba Fazenda Palhano,3,148,2,4,1800000
Gleba Fazenda Palhano,2,81,2,2,820000
Centro,3,92,1,2,400000
Cidade Industrial 2,2,41,1,1,185000
Aragarça,4,193,4,4,1280000
Vale dos Tucanos,3,57,1,1,190000
Gleba Fazenda Palhano,3,122,2,2,1275000
Terra Bonita,2,62,1,1,550000
Centro,2,51,1,1,330000
Conjunto Habitacional Doutor Farid Libos,2,45,1,1,210000
Maria Lúcia,2,64,3,2,198000
Centro,1,27,1,1,245000
Alpes,4,365,5,4,990000
Centro,3,84,2,2,420000
Gleba Fazenda Palhano,3,215,3,4,1900000
Esperança,3,234,4,5,2500000
Gleba Fazenda Palhano,3,111,2,2,1200000
Gleba Ribeirão Limeiro,2,45,1,1,250000
Esperança,4,497,4,5,5900000
Centro,3,70,2,2,610000
Jacutinga,3,69,1,2,264000
Jardim Burle Marx,3,130,2,2,798000
São Vicente,2,58,1,1,270000
Brasília,3,184,1,1,550000
Cafezal,3,155,3,3,620000
Brasília,3,200,4,4,1300000
Brasília,3,67,1,2,239900
Jardim Imagawa,2,132,3,1,277000
Jardim São Jorge,4,256,3,5,3290000
Cafezal,3,170,2,3,375000
Terra Bonita,4,333,4,4,1770000
Vila Ipiranga,3,103,1,2,290000
Vila Larsen 1,2,63,2,2,480000
Ouro Verde,2,50,1,1,128000
Gleba Fazenda Palhano,3,75,1,2,580000
Portal de Versalhes 2,5,364,5,5,700000
Conjunto Habitacional José Garcia Molina,3,110,1,2,365000
Centro,1,43,1,1,180000
Jardim Presidente,4,216,4,4,1200000
Jardim Montecatini,2,75,2,1,269100
Ricardo,2,64,1,1,261000
Centro,4,331,2,2,1400000
Jardim Presidente,3,71,1,2,720000
Gleba Fazenda Palhano,3,122,3,4,1285000
Colinas,3,128,2,2,349350
Santa Rosa,3,108,2,3,1550000
Gleba Simon Frazer,3,175,4,4,1450000
Jardim Maria Celina,3,86,2,1,240000
Gleba Fazenda Palhano,3,173,2,5,1980000
Quebec,4,406,3,4,1600000
Jardim Tarumã,5,330,2,5,1150000
Jardim Higienópolis,1,45,1,1,300000
Jardim Marissol,2,70,2,1,300000
Leonor,1,131,5,3,460000
Jardim Santa Alice,1,156,2,2,670000
Jardim Maria Luiza,2,38,1,1,179900
Brasília,2,55,1,1,139000
Jardim do Lago,3,217,2,4,1850000
Bela Suiça,4,102,2,2,645000
Centro,3,73,1,3,300000
Gleba Fazenda Palhano,3,100,2,2,1140000
Mediterrâneo,4,500,5,5,1920000
Residencial Abussafe,3,93,2,2,459370
Colúmbia,2,80,1,2,260000
Colúmbia,3,84,2,2,490000
Jardim Planalto,2,114,2,2,300000
Nikko,3,198,3,3,2446000
Jardim América,3,65,1,1,219900
Cidade Industrial 2,2,41,1,1,170000
Gleba Fazenda Palhano,3,130,2,3,1200000
Jardim Maria Luiza,3,141,2,3,450000
Santa Rosa,3,108,2,2,1300000
Vila Larsen 1,3,136,1,3,450000
Parque Residencial Elizabeth,3,77,2,1,330000
Lima Azevedo,3,224,3,4,800000
Gleba Simon Frazer,3,235,4,3,1650000
Bela Suiça,3,232,3,4,2750000
Gleba Fazenda Palhano,2,45,1,1,383000
Jardim Morumbi,2,43,1,1,210000
Gleba Simon Frazer,3,88,2,1,420000
Centro,2,63,1,1,300000
Brasília,3,97,2,2,380000
Conjunto Residencial Itamaraty,3,72,1,2,235000
Colúmbia,3,56,1,1,265000
Gleba Fazenda Palhano,3,185,3,5,1980000
Centro,2,64,1,2,450000
Vila Ipiranga,3,81,1,1,335000
Gleba Fazenda Palhano,2,82,2,2,880000
San Remo,3,120,1,3,320000
Gleba Fazenda Palhano,2,62,2,2,695000
Brasília,3,110,1,1,335000
Parque Jamaica,2,60,1,1,395000
Gleba Fazenda Palhano,2,44,1,1,250000
Centro,3,163,3,4,1025000
Terra Bonita,3,73,1,2,445000
Jardim Alemanha,2,122,1,1,260000
Gleba Fazenda Palhano,3,216,4,3,2400000
Universitário,3,260,5,5,1490000
Jardim Maria Celina,2,65,2,2,230000
Gleba Fazenda Palhano,2,47,1,1,320000
Brasília,2,47,1,1,185000
Centro,1,33,1,1,180000
Heimtal,3,99,2,2,535000
Gleba Simon Frazer,3,274,2,4,1889000
Conjunto Habitacional Maria Cecília Serrano de Oliveira,2,100,1,2,250000
Jardim Morumbi,2,53,1,1,300000
Coliseu,3,79,1,2,410000
Residencial Portal do Sol,3,82,1,2,350000
Terra Bonita,3,65,1,2,370000
Jacomo Violin,3,150,2,3,150000
Centro,3,84,1,2,335000
Centro,4,467,2,5,1700000
Califórnia,3,175,1,1,600000
Marumbi,2,57,1,1,135000
Brasília,3,97,1,2,430000
Brasília,3,62,1,2,330000
Centro,2,60,1,2,283000
Califórnia,3,123,1,1,750000
Esperança,4,313,4,4,3400000
Centro,3,100,1,1,415000
Jardim Paris,2,81,1,1,265000
Jardim Shangri-la A,3,400,5,5,1380000
Centro,4,231,2,4,890000
Paraíso,2,46,1,1,180000
Guanabara Parque Boulevard,3,89,2,2,970000
Judith,3,126,2,2,800000
Aurora,3,68,2,2,370000
Recanto do Salto,4,335,3,5,3300000
Jardim São Jorge,4,283,4,5,3800000
Alto da Colina,1,17,1,1,130000
Vila Larsen 1,3,70,2,1,400000
Cláudia,3,125,4,2,1200000
Califórnia,3,340,4,4,1300000
Gleba Fazenda Palhano,3,130,2,5,1600000
Vila Casoni,3,128,2,2,350000
Vitória,3,70,1,2,495000
Gleba Fazenda Palhano,4,370,4,5,3970000
Jardim Tarumã,4,289,4,3,950000
Leonor,3,95,3,1,245000
Brasília,2,46,1,1,155000
Jardim Imagawa,3,140,1,1,399000
Petrópolis,3,78,1,2,735000
Recanto do Salto,4,298,2,4,3500000
Jardim Athenas,3,140,2,2,350000
Brasília,2,46,1,1,190000
Conjunto Habitacional José Garcia Molina,2,45,1,1,138000
Brasília,2,45,1,1,135000
Esperança,4,400,2,4,3400000
Colinas,2,44,1,1,215000
Bela Suiça,4,232,3,4,2700000
Jardim Higienópolis,2,174,3,3,1390000
Terra Bonita,3,67,1,2,445000
Jardim Império do Sol,4,202,3,3,550000
Gleba Fazenda Palhano,2,46,1,1,270000
Vila Brasil,2,65,1,2,399900
Residencial Santa Clara,3,114,2,3,930000
Centro,3,86,2,2,820000
Jardim Guararapes,3,175,2,3,550000
Jardim Morumbi,3,75,1,1,280000
Jardim Shangri-la A,3,400,5,5,1385000
Tietê,2,42,1,1,140000
Jardim Higienópolis,3,101,1,3,600000
Brasília,3,53,1,1,350000
Ernani Moura Lima,3,156,2,2,260000
Residencial Abussafe,3,120,2,1,450000
Colinas,3,76,2,1,325000
Jardim Aliança,3,75,1,2,220000
Brasília,2,125,1,2,318000
Alto da Boa Vista,5,137,2,2,280000
Centro,4,330,2,5,1450000
Jardim do Lago,3,217,2,3,1750000
Jardim Presidente,3,180,4,2,620000
Conjunto Habitacional Doutor Farid Libos,2,47,1,1,180000
Gleba Fazenda Palhano,3,130,2,3,995000
Mediterrâneo,4,500,5,5,1850000
Santa Mônica,3,200,2,3,681000
Gleba Ribeirão Limeiro,2,44,1,1,198000
Gleba Fazenda Palhano,3,165,2,5,1790000
Brasília,3,187,4,4,1800000
Gleba Fazenda Palhano,3,99,2,2,920000
Jardim Shangri-la A,3,177,5,3,780000
Condominio Residencial Habitten Santa Regina,3,260,4,5,1250000
Conjunto Habitacional Violim,2,160,3,2,265000
Brasília,3,70,2,1,400000
Esperança,3,216,4,5,2350000
Esperança,5,527,3,4,6500000
Estância Santa Paula,3,198,3,2,2300000
Gleba Fazenda Palhano,3,122,2,3,1265000
Santa Rosa,3,69,1,2,640000
Jardim da Luz,2,90,2,1,480000
Conjunto Habitacional Alexandre Urbanas,3,175,2,2,479000
Gleba Fazenda Palhano,3,10,3,4,2500000
Esperança,3,140,4,2,1190000
Vale dos Tucanos,2,56,1,1,255000
Gayon,3,197,3,3,809000
Gleba Fazenda Palhano,3,216,4,3,2350000
Jardim Sabará,2,44,1,1,150000
Leonor,3,98,1,3,295000
Jardim Mairá,2,356,2,1,250000
Jardim Maria Luiza,2,43,1,1,200000
Brasília,3,74,1,2,580000
Brasília,3,135,4,3,650000
Jardim Morumbi,2,50,1,1,330000
Jardim Montecatini,1,80,2,2,400000
Aurora,3,70,1,2,360000
Jardim São Jorge,4,283,4,2,4200000
Olímpico,3,137,2,3,890000
Parque das Indústrias,3,190,4,2,370000
Gleba Fazenda Palhano,3,72,1,2,570000
Olímpico,2,47,1,1,200000
Gleba Fazenda Palhano,3,99,2,2,920000
Perobinha,2,54,1,1,150000
Vila Filipin,3,72,2,1,455000
Parque Jamaica,2,49,1,1,385000
Gleba Fazenda Palhano,3,120,2,3,1100000
Vila Ipiranga,2,53,1,1,245000
Gleba Ribeirão Limeiro,1,43,1,1,215000
Jardim do Leste,3,85,1,2,400000
Gleba Fazenda Palhano,2,62,1,2,685000
Conjunto Habitacional José Garcia Molina,2,50,2,1,235000
Centro,2,47,1,1,250000
Conjunto Semiramis Barros Braga,2,100,1,1,200000
Gleba Fazenda Palhano,3,111,2,2,1130000
Jardim Morumbi,2,77,1,1,215000
Ideal,2,45,1,1,180000
Brasília,2,50,1,1,220000
Gleba Fazenda Palhano,3,185,3,3,2000000
Nova Olinda,2,52,1,1,125000
Parque Residencial Porto Serguro 2,2,72,2,1,200000
Messiânico,2,394,2,1,360000
Bela Suiça,4,111,2,2,650000
Heimtal,3,80,2,2,450000
Jardim Anaterra,3,75,1,1,270000
Centro,3,64,1,2,480000
Bandeirantes,3,98,1,1,380000
Jardim Morumbi,2,60,1,1,320000
Brasília,2,93,2,2,395000
Centro,4,297,2,2,1000000
Vila Larsen 1,5,400,4,5,690000
Gleba Fazenda Palhano,3,195,2,5,2346000
Cidade Industrial 2,2,41,1,1,200000
Monte Carlo,5,280,3,5,850000
Bela Vista,4,450,4,1,1200000
Jardim Colúmbia D,3,110,2,3,440000
Jardim Maria Celina,2,55,1,1,256000
Vila Larsen 1,2,57,1,1,250000
Jardim Império do Sol,3,303,3,3,790000
Brasília,3,129,2,3,739000
Parque Jamaica,3,66,1,2,400000
Loteamento Chamonix,3,80,1,2,379000
Sabará I,5,115,2,2,350000
Estância Santa Paula,4,200,2,2,2300000
Olímpico,3,183,2,3,1150000
Colúmbia,3,80,2,2,335000
Esperança,2,45,1,1,245000
Gleba Fazenda Palhano,2,75,1,2,585000
Gleba Fazenda Palhano,2,81,2,2,805000
Jardim Morumbi,2,56,1,2,188000
Jardim Tarumã,3,148,2,2,850000
Conjunto Habitacional Doutor Farid Libos,2,45,1,1,145000
Ideal,3,74,1,2,245000
Esperança,3,523,4,2,2500000
Brasília,3,106,3,3,460000
Andes,3,97,2,2,430000
Ricardo,2,64,2,1,265000
Centro,3,86,2,2,850000
Brasília,2,46,1,1,190000
Jardim Londrilar,3,204,3,5,1550000
Vila Ipiranga,2,66,1,2,410000
Brasília,3,81,2,2,435000
Gleba Fazenda Palhano,1,185,2,4,2000000
Jardim Morumbi,3,190,3,4,1450000
Vale dos Tucanos,3,82,2,2,530000
Conjunto Habitacional Milton Gavetti,3,148,2,2,315000
Vila Ziober,4,220,4,3,650000
Indústrias Leves,3,690,1,1,2100000
Vitória,3,60,1,2,370000
Centro,3,160,1,3,400000
Jardim Maria Luiza,2,45,1,1,180000
Esperança,3,270,4,5,3900000
Champagnat,3,252,4,1,700000
Gleba Ribeirão Limeiro,2,41,1,1,185000
Monte Belo,3,187,4,2,1120000
Jardim Arapongas,3,95,1,1,250000
Centro,3,67,1,2,470000
Jardim Higienópolis,4,265,3,3,1350000
Gleba Fazenda Palhano,3,76,1,2,610000
Vila Siam,3,69,1,2,620000
Vila Santa Terezinha,3,64,1,1,470000
Aragarça,3,243,4,4,1320000
Brasília,2,64,1,1,270000
Santa Rosa,3,104,2,2,1190000
Jardim Montecatini,3,80,2,2,395000
Esperança,3,315,4,4,4200000
Gleba Fazenda Palhano,3,165,2,5,1450000
Jardim Morumbi,2,53,1,1,360000
Nova Olinda,2,50,1,1,155000
Gleba Fazenda Palhano,3,285,3,5,3100000
Brasília,2,43,1,1,263000
Brasília,3,237,4,5,1790000
Esperança,3,195,3,4,2000000
Ideal,2,52,3,1,290000
Lago Parque,4,385,4,5,1300000
Centro,3,84,2,2,600000
Gleba Fazenda Palhano,2,78,1,2,1014000
São Pedro,4,183,4,4,820000
Bela Suiça,4,419,4,5,5250000
Conjunto Habitacional Alexandre Urbanas,3,180,4,4,1650000
Aurora,3,70,1,2,500000
Caiçaras,4,549,5,5,4700000
Santa Rosa,2,69,1,2,600000
Brasília,3,250,2,2,486000
Jardim Vale do Cedro,3,160,2,1,585000
Santa Rosa,3,207,3,5,2300000
Jardim Sérgio Antônio,4,113,5,3,450000
Andrade,2,42,1,1,450000
Nova Olinda,2,51,1,1,150000
Portal de Versalhes 2,3,114,1,3,550000
Centro,2,87,1,3,250000
Três Marcos,3,93,2,2,380000
Jardim Palmares,2,100,1,1,450000
Parque Residencial Alcântara,3,188,1,1,900000
Granville Parque Residencial,3,191,4,3,1350000
Bela Suiça,4,427,4,5,6300000
Gleba Fazenda Palhano,3,137,2,4,1600000
Alto da Boa Vista,3,76,1,1,330000
Residencial Professora Madalena Cardoso,2,45,1,1,150000
Gleba Fazenda Palhano,1,52,1,2,560000
Jardim Nova Esperança,2,111,3,3,165000
Paraíso,2,47,1,1,170000
Parque Jamaica,2,41,1,1,160000
Jardim Morumbi,3,98,1,2,450000
Jardim Presidente,2,71,2,2,620000
Alpes,3,272,5,4,980000
Ouro Verde,2,45,1,1,170000
Brasília,2,89,2,2,520000
Esperança,2,41,1,1,240000
Leonor,3,140,2,3,660000
Vila Glória,1,50,1,1,195000
Gleba Fazenda Palhano,3,216,4,5,2750000
Conjunto Novo Amparo,3,80,1,2,200000
Jardim São Jorge,3,159,2,5,1890000
Parque Jamaica,3,68,1,2,360000
Centro,3,147,2,3,675000
Bela Suiça,3,232,4,5,2800000
Esperança,3,320,5,5,1600000
Brasília,3,82,2,2,360000
Jardim do Leste,3,150,2,3,570000
Mediterrâneo,5,520,5,5,1950000
Conjunto Habitacional Alexandre Urbanas,3,95,2,2,480000
Gleba Fazenda Palhano,3,133,2,4,1690000
Jardim Tarumã,3,148,4,3,795000
Jardim Montecatini,3,190,2,4,1700000
Vila Nova,2,53,1,2,170000
Condominio Residencial Habitten Santa Regina,3,192,4,4,1190000
Centro,3,141,2,2,580000
Gleba Fazenda Palhano,4,445,4,5,3850000
Brasília,3,55,1,1,244000
Jardim das Palmeiras,2,68,1,1,245000
Terra Bonita,3,73,1,2,495000
Centro,4,214,2,1,700000
Jardim Maria Luiza,2,45,1,1,199000
Alto da Colina,2,53,1,1,250000
Jardim São Jorge,3,159,2,5,1715000
Centro,3,234,2,5,1050000
Jardim Higienópolis,3,80,1,2,400000
Igapó,3,100,2,3,360000
Centro,1,33,1,1,200000
Jardim Alvorada,3,250,4,3,780000
Centro,4,555,1,1,2500000
Centro,4,405,3,5,1600000
Champagnat,4,477,4,5,3005000
Panorama,3,120,2,2,380000
Gleba Fazenda Palhano,2,51,1,1,430000
Alpes,5,220,3,3,480000
Caiçaras,4,267,3,5,1680000
Centro,1,45,1,1,185000
Gleba Fazenda Palhano,3,97,2,2,680000
Jardim Jóquei Club,2,47,1,1,245000
Residencial Professora Madalena Cardoso,2,53,1,1,139800
Dom Pedro,3,210,4,2,1280000
Centro,3,164,3,5,960000
Esperança,3,180,2,2,1740000
Califórnia,3,150,2,1,990000
Centro,3,84,2,2,450000
Conjunto Habitacional Alexandre Urbanas,3,210,4,4,1790000
Gleba Fazenda Palhano,3,120,2,3,1050000
Brasília,3,133,2,3,390000
Recanto do Salto,3,315,1,2,3800000
Granville Parque Residencial,4,280,4,5,1650000
Colinas,2,108,1,1,250000
São Cristóvão,3,125,4,2,391000
Jardim Shangri-la A,3,67,2,2,565000
Jardim Barcelona,3,121,1,2,350000
Jardim Novo Sabará,3,169,2,3,589180
Recanto do Salto,5,744,5,5,8000000
Esperança,3,105,2,2,530000
Colinas,2,76,1,2,285000
Alto da Colina,2,50,1,1,185000
Maria Lúcia,3,104,2,2,350000
Santa Rosa,3,104,2,3,1100000
Jardim Montecatini,3,75,2,2,385000
Parque Jamaica,2,65,1,2,430000
Granville Parque Residencial,3,320,2,5,1830000
Gleba Fazenda Palhano,2,73,1,2,650000
Jardim Império do Sol,3,96,1,2,520000
Gleba Fazenda Palhano,2,79,1,1,300000
Jardim São Jorge,5,672,5,5,6000000
Centro,4,279,2,5,1500000
Vivendas do Arvoredo,1,500,4,5,3990000
Centro,2,65,1,1,239000
Colinas,3,76,2,1,325000
Centro,3,128,2,3,1405000
Gleba Fazenda Palhano,2,54,1,1,420000
Cláudia,3,75,1,2,380000
Gleba Fazenda Palhano,3,142,2,3,1590000
Santa Rosa,3,274,3,4,3500000
Centro,4,428,2,5,1200000
Centro,4,279,2,5,1500000
Gleba Fazenda Palhano,4,410,2,5,3600000
Gleba Fazenda Palhano,3,78,2,2,580000
Centro,3,120,1,2,520000
Centro,3,120,1,3,550000
Gleba Fazenda Palhano,1,52,1,2,520000
Gleba Fazenda Palhano,3,167,2,5,2300000
Centro,3,204,2,4,2500000
Residencial José Lázaro Gouvea,3,69,1,2,544530
Gleba Fazenda Palhano,3,79,2,2,630000
Brasília,3,66,1,2,433500
Santa Rosa,3,115,2,2,1300000
Santa Rosa,2,75,2,2,820000
Gleba Fazenda Palhano,3,72,1,2,300000
Brasília,2,45,1,1,175000
Centro,3,86,2,2,690000
Bela Suiça,4,333,4,5,4500000
Nova Olinda,2,55,1,1,130000
Jardim Nova Esperança,2,95,2,1,180000
Vale dos Tucanos,2,121,1,1,230000
Coliseu,2,120,1,1,450000
Terras de Santana II,3,160,4,3,1500000
Ouro Branco,3,35,1,1,450000
Gleba Fazenda Palhano,2,62,1,2,646500
Esperança,3,125,4,3,980000
Centro,4,467,2,5,1700000
Mediterrâneo,5,549,5,5,3000000
Jardim Tókio,3,116,2,3,525000
Lago Parque,4,258,2,3,1100000
Gleba Fazenda Palhano,2,103,3,3,1260000
Brasília,3,127,2,4,644000
Centro,3,96,1,3,390000
Centro,3,90,1,2,445000
Jardim Tarobá I,2,100,2,2,390000
Colúmbia,3,110,2,3,510000
Jardim Agari,3,65,1,1,170000
Judith,3,126,2,2,860000
Ideal,5,217,4,2,400000
Cidade Industrial 2,2,44,1,1,220000
Tietê,2,56,1,1,120000
Gleba Fazenda Palhano,2,89,1,3,800000
Recreio,4,60,2,2,199000
Bela Suiça,4,119,2,2,660000
Gleba Fazenda Palhano,3,236,3,5,2390000
Leonor,3,78,1,1,285000
Colinas,2,59,2,1,220000
Jardim Morumbi,3,64,1,2,440000
Brasília,3,105,2,2,660000
Universitário,3,150,2,3,1100000
Vivendas do Arvoredo,4,720,4,5,13500000
Parque Residencial Liberdade,4,159,2,2,275000
Jardim Nações Unidas,2,45,1,1,205000
Jardim Nova Esperança,3,100,2,1,210000
Gleba Fazenda Palhano,2,65,2,1,690000
Bela Suiça,4,333,4,5,4500000
Recanto do Salto,3,298,5,5,3000000
Cidade Industrial 2,2,45,1,1,164870
Jardim Planalto,2,73,5,2,330000
Cambezinho,3,135,2,2,295000
Gleba Fazenda Palhano,3,181,2,5,2790000
Vivendas do Arvoredo,4,300,2,5,3800000
Aurora,3,71,1,2,540000
Jardim Graziela,3,85,1,2,450000
Gleba Simon Frazer,3,142,2,4,1150000
Gleba Simon Frazer,3,181,4,4,1500000
Guanabara,4,197,4,4,2500000
Jardim Honda 2,2,112,2,3,400000
São Pedro,2,44,1,1,150000
Brasília,2,60,1,1,199000
Jardim Itatiaia 1,4,369,4,4,2900000
Mediterrâneo,3,201,4,3,1500000
Jardim Morumbi,3,64,1,2,385000
Jardim América,3,70,1,1,320000
Residencial Abussafe,2,58,1,1,250000
Gleba Fazenda Palhano,2,47,1,1,290000
Bandeirantes,3,190,3,2,450000
Gleba Fazenda Palhano,3,173,2,5,1855000
Guanabara Parque Boulevard,3,104,2,2,1100000
Vivendas do Arvoredo,3,179,2,1,2990000
Heimtal,2,34,1,1,222900
Brasília,3,150,2,3,500000
Centro,2,85,2,2,750000
Cafezal,3,100,1,3,450000
Conjunto Habitacional Doutor Farid Libos,2,47,1,1,180000
Vila Ipiranga,2,53,1,1,230000
Jardim dos Estados,1,75,1,2,293000
Conjunto Habitacional Órion,3,150,4,2,600000
Jardim Morumbi,3,157,2,2,350000
Brasília,3,75,1,1,350000
Conjunto Residencial Itamaraty,3,72,1,1,212000
Colinas,1,83,2,2,336000
Gleba Fazenda Palhano,3,167,2,5,1800000
Parque Jamaica,3,62,1,1,280000
Jardim São Vicente Palloti,3,180,3,3,800000
Jardim Presidente,2,71,1,2,570000
Jardim Itatiaia 2,1,157,4,2,980000
Aurora,3,70,1,2,360000
Centro,3,86,2,2,800000
Jardim Santa Cruz,2,53,1,1,130000
Jardim Agari,4,840,2,5,2980000
Jardim Império do Sol,4,202,3,3,550000
Vitória,2,63,1,1,215000
Alto da Colina,2,39,1,1,185000
Operária,5,400,4,5,1860000
Aurora,2,51,1,1,390000
Gleba Fazenda Palhano,2,81,2,2,820000
Centro,1,29,1,1,245000
Califórnia,3,85,2,2,295000
Guanabara Parque Boulevard,3,182,2,2,790000
Jardim Alvorada,3,189,4,3,850000
Jardim Lilian,2,82,1,2,420000
Brasília,3,71,1,1,270000
Conjunto Habitacional José Garcia Molina,3,375,4,3,650000
Brasília,2,75,1,1,319000
Marabá,3,200,2,1,190000
Jardim Alvorada,3,87,1,3,400000
Sabará I,3,155,2,2,510000
Aurora,2,50,1,1,380000
Vila Filipin,2,50,1,2,190000
Residencial Quadra Norte,3,69,2,2,308270
Jardim Tókio,3,145,4,2,400000
Bandeirantes,3,129,2,2,570000
Centro,3,190,2,5,950000
Jardim Presidente,3,71,1,2,680000
Jardim Montecatini,3,80,2,2,395000
Perobinha,2,48,1,1,80000
Conjunto Habitacional José Garcia Molina,2,45,1,1,145000
Gleba Fazenda Palhano,3,130,2,4,1150000
Centro,4,279,2,4,1500000
Caiçaras,3,132,2,3,1280000
Brasília,3,286,3,2,560000
Parque Jamaica,3,124,2,4,1123622
Brasília,3,78,2,2,629000
Tarobá,2,63,1,1,270000
Lindóia,2,64,1,1,145000
Leonor,2,46,1,1,175000
Esperança,3,181,2,4,2000000
Gleba Fazenda Palhano,3,236,4,5,2390000
Terra Bonita,3,125,3,2,890000
Conjunto Habitacional Doutor Farid Libos,2,44,1,1,230000
Conjunto Habitacional Maria Cecília Serrano de Oliveira,3,143,2,1,355000
Esperança,3,157,4,3,1450000
Esperança,3,237,2,3,2000000
Araxá,3,366,5,5,1650000
Vila Goes,4,138,1,2,450000
Brasília,4,120,5,4,580000
Itapoã,3,81,1,1,190000
Brasília,3,190,4,4,1780000
Conjunto Habitacional Saltinho,2,120,3,2,220000
Parigot de Souza 2,3,120,3,1,200000
Alpes,3,315,5,2,1300000
Jardim Nações Unidas,2,47,1,1,195000
Jardim Nações Unidas,2,48,1,1,190000
Interlagos,2,255,3,3,420000
Industrial,2,150,1,1,290000
Ideal,3,180,2,2,1450000
Vila Ipiranga,3,126,2,3,399000
Veraliz,3,71,1,2,520900
Caravelle,4,265,4,4,1200000
Gleba Fazenda Palhano,3,108,2,3,995000
Jardim Colúmbia D,3,80,1,2,350000
Lago Parque,3,380,5,2,2450000
Jardim do Lago,3,213,2,5,1900000
Brasília,4,150,3,2,300000
Califórnia,3,216,2,3,990000
Iguaçu,3,540,4,3,2570000
Cafezal,2,97,1,1,325000
Leonor,2,57,1,1,255000
Gleba Fazenda Palhano,2,75,1,2,670000
Quebec,3,283,5,4,1950000
Brasília,3,76,2,2,711000
Vila Casoni,2,55,1,1,230000
Jardim Tókio,4,116,4,3,535000
Brasília,3,76,1,2,310000
Brasília,3,130,2,3,630000
Gleba Fazenda Palhano,2,44,1,1,415000
Recanto do Salto,5,300,4,5,2850000
Gleba Fazenda Palhano,2,70,1,2,649000
Centro,3,227,2,4,780000
Gleba Fazenda Palhano,2,72,1,2,540000
Jardim Montecatini,3,125,2,2,379000
Heimtal,3,165,2,2,1050000
Centro,4,205,2,4,690000
Jardim América,2,50,1,2,280000
Gleba Fazenda Palhano,3,130,2,2,1140000
Vila Larsen 1,3,90,1,1,350000
Esperança,3,313,2,1,3500000
Jardim Imagawa,2,45,1,1,170000
Caravelle,5,419,2,4,1790000
Brasília,4,135,2,3,476000
Santa Rosa,3,245,3,5,3200000
Centro,2,60,1,1,270000
Esperança,4,266,4,5,2100000
Brasília,2,48,1,1,233000
Jardim São Paulo II,2,48,1,1,175000
Brasília,3,165,3,5,2400000
Centro,5,507,4,4,3200000
Jardim Presidente,3,74,1,2,639000
Cafezal,3,130,3,3,560000
Leonor,3,87,1,1,360000
Jardim Morumbi,2,41,1,1,218990
Terra Bonita,2,71,1,2,620000
Califórnia,2,61,2,2,285000
Portuguesa,2,199,2,1,230000
Brasília,2,47,1,1,202000
Jardim São Jorge,3,159,2,4,1715000
Parque Jamaica,2,47,1,2,370000
Brasília,3,207,4,4,1700000
Califórnia,3,90,1,2,330000
Gleba Fazenda Palhano,3,151,2,5,1890000
Vila Larsen 1,3,172,3,2,450000
Centro,3,91,1,3,430000
Parque Residencial Joaquim Toledo Piza,3,135,2,2,695000
Bela Suiça,5,457,5,3,2000000
Centro,3,148,2,2,800000
Gleba Fazenda Palhano,2,47,1,1,350000
Conjunto Habitacional José Garcia Molina,3,55,1,1,197777
Rodocentro,2,50,1,1,140000
Gleba Fazenda Palhano,2,54,1,1,450000
Centro,1,26,1,1,244000
Judith,3,127,2,3,860000
Brasília,2,49,1,1,170000
Jardim Prefeito Milton Menezes,3,85,1,1,405000
Colúmbia,3,80,2,2,350000
Colúmbia,3,100,1,2,380000
Gleba Fazenda Palhano,3,155,3,5,1660000
Parque Residencial Joaquim Toledo Piza,4,220,2,5,750000
Brasília,3,79,1,2,340000
Jardim Planalto,3,81,1,2,329760
Panorama,2,54,1,1,155000
Jardim Alvorada,3,275,2,2,450000
Centro,2,60,1,1,280000
Bela Suiça,4,102,2,2,680000
Dom Bosco,4,266,3,5,2700000
Gleba Fazenda Palhano,3,75,1,2,615000
Jardim Império do Sol,3,96,2,2,520000
Lagoa Dourada,4,138,2,1,850000
Conjunto Habitacional Santiago II,2,150,2,2,550000
São Vicente,2,54,1,2,270000
Centro,2,55,1,1,150000
Centro,3,99,1,3,300000
Centro,3,235,1,1,740000
Santa Rita 1,4,102,2,3,345000
Parque Universidade,2,87,1,1,300000
Nova Olinda,2,45,1,1,185000
Parque Residencial Alcântara,4,515,4,5,3500000
Ideal,2,55,1,1,200000
Vivendas do Arvoredo,2,54,1,1,418000
Santa Joana,3,235,3,3,580000
Bela Suiça,4,427,3,5,5975000
Jardim Tókio,3,250,2,1,380000
Gleba Fazenda Palhano,3,89,1,3,1000000
Gleba Fazenda Palhano,3,122,2,2,1290000
Jardim Montecatini,1,75,1,1,399000
Gleba Fazenda Palhano,3,130,2,2,1190000
Centro,3,100,2,3,440000
Alto da Colina,1,17,1,1,140000
Gleba Simon Frazer,3,157,2,2,1450000
Jardim Nações Unidas,2,45,1,1,189000
Gleba Fazenda Palhano,2,46,1,1,330000
Brasília,2,54,1,1,150000
Centro,3,111,1,3,395000
Parque Jamaica,4,220,2,3,1200000
Brasília,3,69,1,2,550000
Gleba Fazenda Palhano,2,74,1,2,740000
Ideal,3,240,2,2,1750000
Santa Rosa,3,98,2,2,980000
Gleba Fazenda Palhano,2,75,1,2,650000
Nossa Senhora de Lourdes,3,65,1,2,350000
Conjunto Habitacional Alexandre Urbanas,4,225,4,5,1700000
Conjunto Farid Libos,3,124,2,1,270000
Jardim Colúmbia D,2,58,1,1,250000
Gleba Fazenda Palhano,4,340,4,5,4483600
Jardim Maria Luiza,2,120,2,3,480000
Jardim Prefeito Milton Menezes,3,155,4,2,550000
Gleba Fazenda Palhano,3,236,4,5,2390000
Residencial Santa Clara,2,50,1,1,100000
Centro,3,64,1,2,429000
Alpes,4,197,1,2,460000
Parque Jamaica,3,247,4,4,1500000
Lindóia,3,92,1,3,365000
Parque Residencial Alcântara,3,295,4,5,2200000
Vila Nova,2,53,1,2,170000
Santa Rosa,3,86,2,1,920000
Terras de Santana II,4,280,2,4,1500000
Colinas,2,47,1,1,185000
Brasília,3,111,4,2,530000
Conjunto Habitacional Doutor Farid Libos,2,45,1,1,210000
Centro,3,65,1,2,275000
Conjunto Habitacional Santiago II,3,85,2,2,510000
Vila Shimabokuro,2,44,1,1,180000
Waldemar Hauer,3,104,4,3,449320
Califórnia,3,120,2,3,420000
Gayon,3,10,2,1,810000
Andrade,3,124,2,2,1250000
Santa Mônica,5,280,5,5,800000
Santa Rosa,3,98,2,2,915000
Centro,3,87,1,2,380000
Gleba Fazenda Palhano,3,165,2,5,1600000
Gleba Fazenda Palhano,3,68,1,2,440000
Conjunto Habitacional Alexandre Urbanas,3,146,4,2,1180000
Parque Jamaica,2,60,1,1,140000
Santa Mônica,3,202,2,3,595000
Centro,3,148,2,5,1390000
Conjunto Habitacional José Garcia Molina,2,45,1,1,150000
Jardim Belém,2,125,2,1,120000
Brasília,4,105,1,3,320000
Gleba Fazenda Palhano,3,185,2,4,1900000
Brasília,3,140,3,2,695000
Colinas,3,83,2,2,355000
Operária,5,200,4,3,460000
Gávea,2,60,2,2,230000
Vitória,3,69,1,1,497000
Gleba Fazenda Palhano,3,124,2,3,1400000
Brasília,3,89,2,2,954000
Alto da Boa Vista,2,80,4,1,299000
Residencial Portal do Sol,3,83,1,1,320000
Jardim Continental,2,68,1,1,280000
Canaã,4,435,4,5,3200000
Jardim Maria Celina,2,43,1,1,100000
Colúmbia,3,83,1,1,490000
Igapó,3,99,1,2,550000
Residencial José Lázaro Gouvea,2,69,1,1,560000
Brasília,3,83,2,2,374000
Veraliz,3,150,2,2,570000
Ideal,3,300,3,2,720000
Gleba Fazenda Palhano,4,410,4,5,3600000
Terra Bonita,3,69,1,2,550000
Gleba Fazenda Palhano,2,74,2,2,650000
Centro,3,90,1,3,445000
Champagnat,3,286,4,3,1150000
Gleba Fazenda Palhano,2,103,2,2,950000
Esperança,5,700,5,4,5200000
Gleba Fazenda Palhano,2,92,1,3,1075000
Heimtal,3,99,2,2,540000
Lago Parque,4,330,3,5,1450000
Jardim Portal dos Pioneiros,3,77,2,2,420000
Califórnia,3,240,4,3,745000
Roseira,3,60,2,2,270000
Aurora,3,75,1,2,550000
Gleba Fazenda Palhano,3,124,2,3,1095000
Gleba Ribeirão Limeiro,2,45,1,1,265000
Cidade Industrial 2,3,210,4,4,1750000
Jardim Montecatini,1,75,2,1,270000
Residencial Professora Madalena Cardoso,2,46,1,1,170000
Terra Bonita,3,74,2,2,479240
Colina Verde,4,302,4,5,1650000
Jardim Morumbi,2,44,1,1,260000
Brasília,3,81,2,2,680000
Gleba Ribeirão Limeiro,2,47,2,1,270000
Gleba Fazenda Palhano,3,95,2,2,990000
Centro,3,70,1,2,275000
Jardim ltaparica,3,80,1,1,292000
Bela Suiça,4,333,5,4,4750000
Brasília,3,82,1,2,349000
Recanto do Salto,3,265,2,5,2740000
Gleba Fazenda Palhano,3,81,1,2,660000
Terra Bonita,3,69,1,2,580000
Esperança,3,162,3,3,1425000
Brasília,3,97,3,3,420000
Jardim Morumbi,2,47,1,1,230000
Brasília,5,231,2,3,890000
Esperança,3,270,4,3,2650000
Gleba Fazenda Palhano,2,82,2,2,890000
Aurora,3,71,1,2,459999
Jacomo Violin,2,64,1,1,230000
Jardim Império do Sol,3,130,2,2,590000
Vivendas do Arvoredo,5,544,5,5,7500000
Aparecida,2,84,2,1,380000
Guanabara,3,269,4,5,3480000
Campo Belo,3,230,4,2,850000
Califórnia,2,119,2,2,350000
Colinas,2,83,1,1,245000
Esperança,3,145,4,4,1190000
Vivendas do Arvoredo,3,179,2,5,2990000
Centro,3,65,1,2,465000
Conjunto Habitacional Alexandre Urbanas,3,190,4,4,1290000
Nossa Senhora de Lourdes,3,65,1,1,240000
Andes,3,70,2,1,290000
Paulista,3,70,1,1,340000
Brasília,3,88,2,2,450000
Gleba Fazenda Palhano,3,122,2,4,1290000
Centro,3,118,1,3,449000
Gleba Fazenda Palhano,3,236,3,5,2790000
São Vicente,3,65,1,2,460000
Brasília,3,167,1,3,510000
Parque Residencial Joaquim Toledo Piza,2,38,1,1,175000
Gleba Fazenda Palhano,2,74,1,1,710000
Bela Suiça,2,69,2,2,600000
Gleba Fazenda Palhano,2,45,1,1,270000
Aurora,2,55,1,1,380000
Jardim Maria Celina,2,48,1,1,180000
Mediterrâneo,5,549,2,5,3500000
Parque Residencial Joaquim Toledo Piza,3,79,2,2,350000
Jardim das Palmeiras,3,89,2,1,320000
Aeroporto,4,195,4,3,495000
Jardim Presidente,3,71,2,2,735000
Vila Larsen 1,5,280,5,2,550000
Gleba Simon Frazer,3,230,4,4,1800000
Gleba Fazenda Palhano,4,346,4,5,6000000
Brasília,2,400,2,2,350000
Califórnia,3,182,5,3,750000
Jardim Alvorada,4,257,5,5,990000
Gleba Fazenda Palhano,4,415,4,5,3990000
Centro,3,84,1,2,335000
Brasília,3,76,2,2,711000
Centro,3,90,1,1,560000
Colinas,3,83,1,1,355000
Brasília,3,90,1,2,560000
Brasília,2,80,2,2,290000
Jardim Pioneiros,3,150,1,1,770000
Guanabara Parque Boulevard,3,89,2,1,920000
Heimtal,3,115,1,2,300000
Gleba Fazenda Palhano,3,77,1,1,590000
Vivendas do Arvoredo,3,293,4,5,3600000
Jardim Vilas Boas,2,50,1,1,160000
Gleba Fazenda Palhano,2,74,1,1,600000
Esperança,4,475,4,5,4900000
Jardim Maria Luiza,2,45,1,1,175000
Centro,2,65,1,2,260000
Gleba Fazenda Palhano,3,122,2,3,1590000
Colina Verde,3,560,4,5,1980000
Esperança,4,313,4,4,3350000
Centro,3,66,1,2,550000
Brasília,2,125,2,1,347000
Bela Suiça,2,70,1,2,495000
São Vicente,3,65,1,2,453800
Gleba Fazenda Palhano,3,136,2,3,1280000
Gleba Fazenda Palhano,2,58,1,1,680000
Conjunto Habitacional Santiago II,4,111,1,1,180000
Centro,4,550,2,4,1700000
Alto da Boa Vista,3,180,5,2,640000
Parque Residencial Joaquim Toledo Piza,3,130,2,2,695000
Brasília,3,260,4,2,650000
Jardim Higienópolis,2,74,2,2,800000
Centro,3,96,1,3,350000
Jardim Maria do Carmo,1,100,2,1,350000
Olímpico,2,41,1,1,84892
Vivendas do Arvoredo,3,270,2,4,2850000
Gleba Fazenda Palhano,3,68,1,2,455000
Gleba Fazenda Palhano,2,103,2,3,995000
Santa Rosa,2,69,1,2,649000
Brasília,3,98,2,3,280000
Brasília,2,48,1,1,186000
Residencial Abussafe,2,144,5,1,429000
Perobinha,2,47,1,1,90000
Santa Rosa,2,86,2,2,830000
Centro,3,128,2,3,1190000
Jardim Lilian,2,82,1,2,615000
Terra Bonita,2,70,1,2,615000
Gleba Fazenda Palhano,2,46,1,1,295000
Centro,5,246,2,5,660000
Conjunto Habitacional João Turquino,2,41,1,1,170000
Recanto do Salto,3,225,4,4,2700000
Colinas,3,88,1,2,350000
Gleba Ribeirão Limeiro,2,44,1,1,234570
Vale dos Tucanos,3,64,1,1,180000
Jardim São Paulo,3,87,1,2,370000
Gleba Simon Frazer,3,233,4,4,1800000
Conjunto Residencial Marajoara,3,129,2,3,395000
Gleba Fazenda Palhano,2,89,2,2,830000
Esperança,4,234,2,5,2400000
Conjunto Residencial Vivendas do Arvoredo,3,204,4,3,1590000
Gleba Fazenda Palhano,2,89,2,3,850000
Jardim Novo Sabará,3,102,2,3,390000
Vila Ipiranga,3,74,1,1,330000
Portal de Versalhes 2,3,152,2,3,550000
Gleba Fazenda Palhano,2,43,1,1,330000
Esperança,4,220,4,5,2500000
Heimtal,2,147,2,2,600000
Jardim Morumbi,2,65,1,1,342000
Jardim Higienópolis,3,96,2,3,540000
Monte Belo,5,244,5,4,750000
Esperança,5,540,5,5,5800000
Petrópolis,3,78,1,2,735000
Jardim Guararapes,3,120,2,2,450000
Gleba Fazenda Palhano,3,72,1,2,490000
Centro,4,257,2,5,890000
Parque Jamaica,2,61,1,2,470000
Esperança,3,195,4,5,1520000
Paraíso,2,44,1,1,159000
Guanabara,2,70,2,1,1500000
Jardim Planalto,3,81,1,2,310000
Santa Rosa,2,100,2,2,1166000
Brasília,3,70,1,1,215000
Gleba Fazenda Palhano,3,92,2,2,890000
Vila Santa Terezinha,2,51,1,1,392000
Centro,3,74,1,2,250000
Parque Jamaica,2,60,1,1,460000
Esperança,2,42,1,1,200000
Centro,3,107,1,3,445000
Terra Bonita,2,70,1,2,789000
Vivendas do Arvoredo,3,485,4,3,4200000
Brasília,2,54,1,1,155000
Aurora,2,55,1,2,455800
Jardim Montecatini,3,150,2,1,1150000
Colúmbia,3,84,2,3,480000
Antares,3,56,1,1,235000
Brasília,3,76,1,2,280000
Gleba Fazenda Palhano,3,207,3,5,2390000
Estância Santa Paula,4,600,5,5,4200000
Parque Residencial Alcântara,4,300,4,5,2200000
Aurora,4,386,4,5,2000000
Gleba Fazenda Palhano,3,79,1,2,530000
Chácaras Mussahiro,3,152,2,3,895000
Gleba Fazenda Palhano,3,79,2,2,619000
Centro,2,57,1,2,260000
Gleba Fazenda Palhano,3,91,2,2,830000
Conjunto Café,3,135,2,1,449240
Monte Belo,3,186,4,2,1120000
Paraíso,2,47,1,1,180000
Jardim Novo Sabará,2,55,1,1,165000
Jardim Novo Sabará,2,92,1,1,165000
Brasília,2,83,1,2,299900
Jardim Monte Sinai,3,137,4,3,580000
Jardim Oriente,3,140,4,1,500000
Mediterrâneo,3,380,4,3,3000000
Centro,3,100,1,2,550000
Jardim Santa Cruz,3,58,1,1,160000
Gleba Ribeirão Limeiro,2,46,2,1,255000
Gleba Fazenda Palhano,3,120,2,2,1050000
Centro,4,161,2,3,850000
Alto da Colina,1,26,1,1,132500
Esperança,3,220,4,5,2750000
Centro,3,253,2,4,1600000
Judith,2,66,1,2,289000
Recanto do Salto,4,642,4,5,3350000
Gleba Fazenda Palhano,2,54,1,1,680000
Guanabara,4,668,5,5,5900000
Vivendas do Arvoredo,3,277,3,5,2590000
Operária,3,243,4,4,1320000
Jardim Moema,2,65,1,1,266000
Conjunto Residencial Itamaraty,3,71,1,2,235000
Jardim Tókio,2,57,1,2,270000
Jardim Novo Sabará,3,120,5,3,650000
Centro,4,205,2,5,890000
Conjunto Habitacional Alexandre Urbanas,4,195,4,4,1550000
Parque Jamaica,3,66,1,2,360000
Champagnat,3,314,4,3,1500000
Maria Lúcia,3,130,4,1,410000
Messiânico,3,253,2,3,750000
Caiçaras,4,295,4,5,2650000
Brasília,2,90,1,1,265000
Brasília,2,42,1,1,185000
Centro,2,86,1,1,330000
Colina Verde,3,300,5,5,2990000
Colúmbia,3,56,1,1,265000
Jardim Santa Cruz,3,57,1,1,140000
Terra Bonita,2,70,1,2,650000
Jardim Burle Marx,3,185,2,5,370000
Vila Ipiranga,3,83,1,2,480000
Industrial,4,180,2,2,850000
Gleba Fazenda Palhano,3,181,4,5,2450000
Vivendas do Arvoredo,3,178,2,5,2990000
São Pedro,2,48,1,1,179000
Residencial José Lázaro Gouvea,2,70,1,2,560000
Gleba Fazenda Palhano,4,340,2,4,4996100
Centro,4,303,2,5,900000
Rodocentro,3,178,2,5,2990000
Brasília,1,49,1,1,140000
San Remo,2,200,2,1,230000
Jardim Adriana I,3,300,2,5,794810
Brasília,5,384,5,5,2499000
Centro,2,57,1,1,140000
Santa Rosa,3,78,2,1,640000
Centro,3,67,1,2,529900
Jardim Pioneiros,3,129,2,2,670000
Brasília,3,140,3,4,600000
Terra Bonita,4,285,3,3,2180000
Aquilles Sthengel,2,135,2,1,250000
Bela Suiça,3,109,1,2,590000
Jardim Maracanã,3,80,1,2,130000
Centro,3,168,2,2,630000
Tucano,5,700,5,5,4800000
Brasília,2,84,1,1,228000
Califórnia,3,123,2,3,755000
Brasília,3,100,2,2,495000
Vila Brasil,2,54,1,2,340000
Igapó,3,55,1,1,200000
Jardim Paris,2,75,1,1,220000
Residencial Vila Romana,4,180,2,3,700000
Parque Residencial Alcântara,3,51,1,1,300000
Jardim Morumbi,3,53,1,1,350000
Jardim Montecatini,2,100,2,2,373000
Gleba Fazenda Palhano,3,122,3,4,1320000
Gleba Fazenda Palhano,2,75,2,2,750000
Gleba Fazenda Palhano,4,410,4,5,3600000
Centro,3,64,1,2,280000
Brasília,2,70,2,1,230000
Portal de Versalhes 1,1,50,1,1,180000
Centro,3,92,1,2,390000
Cidade Industrial 2,2,45,1,1,260000
Gleba Fazenda Palhano,3,136,2,4,1550000
Conjunto Habitacional Alexandre Urbanas,3,229,2,3,1590000
Cidade Industrial 2,2,47,1,1,197000
Jardim Londrilar,3,205,3,5,1550000
Esperança,3,210,3,5,2490000
Jardim América,3,440,5,3,679240
Jardim São Paulo II,2,48,1,1,190000
Brasília,3,87,2,2,429000
Gayon,3,196,2,2,885000
Judith,3,110,2,2,690000
Colonial,3,232,3,3,1610000
Alto da Colina,1,30,1,1,132500
Terras de Santana II,3,255,2,3,1850000
Jardim Tókio,2,125,2,2,180000
Brasília,2,50,1,1,110000
Ouro Verde,3,115,2,2,410000
Antares,3,65,1,1,235000
Igapó,2,69,1,2,215000
Conjunto Habitacional Doutor Farid Libos,2,46,1,1,175000
Jardim Itatiaia 2,4,270,3,5,1900000
Rodocentro,3,57,1,1,165000
Ideal,2,120,2,1,210000
Califórnia,3,97,2,2,475000
Jardim Presidente,3,163,3,2,1000000
Sabará I,3,120,4,2,559000
Terra Bonita,3,73,1,2,570000
Alto da Boa Vista,3,68,1,1,250000
Califórnia,3,110,2,2,375000
Heimtal,2,48,2,1,250000
Antares,3,56,1,1,245000
Centro,3,105,2,2,580000
Gleba Fazenda Palhano,1,185,2,4,2000000
Nossa Senhora de Lourdes,3,74,1,2,500000
Brasília,2,70,3,2,260000
Residencial José Lázaro Gouvea,3,301,2,5,3300000
Leonor,1,131,5,1,460000
Gleba Fazenda Palhano,2,64,1,2,480000
Aragarça,5,269,2,4,2300000
Califórnia,3,250,5,2,900000
Centro,3,130,1,3,350000
Campo Belo,3,98,1,3,360000
Boa Vista,3,82,1,1,370000
Gleba Fazenda Palhano,4,340,5,5,5800000
Jardim Planalto,3,112,4,3,400000
Terra Bonita,3,110,2,2,720000
Jardim do Lago,3,214,2,4,1850000
Centro,3,90,2,4,520000
Heimtal,3,87,2,2,390000
Vale dos Tucanos,3,75,2,2,570000
Centro,3,71,2,2,650000
Terra Bonita,2,92,2,2,950000
Vila Brasil,3,66,1,1,446000
Centro,5,231,2,5,950000
Gleba Fazenda Palhano,2,54,1,1,440000
Gleba Fazenda Palhano,3,79,2,2,575000
Ideal,3,208,4,4,1270000
Jardim Império do Sol,3,95,2,1,635000
Gleba Fazenda Palhano,3,167,2,5,1850000
São Pedro,1,70,1,1,240000
Vila Shimabokuro,2,58,1,1,265000
Conjunto Habitacional José Garcia Molina,2,45,1,1,167000
Gleba Fazenda Palhano,2,79,2,2,550000
Gleba Ribeirão Limeiro,2,44,1,1,209640
Gleba Fazenda Palhano,3,110,3,3,1100000
Brasília,2,75,2,2,385000
Brasília,2,47,1,1,336600
Vila Larsen 1,2,56,1,2,415000
Conjunto Vivi Xavier,3,93,1,2,280000
Centro,3,283,2,5,1150000
Centro,1,55,1,1,140000
Vila Brasil,4,273,5,2,700000
Jardim Strass,2,50,1,1,125000
Jardim Burle Marx,5,190,2,5,850000
Santa Rosa,3,245,3,5,2300000
Santa Rosa,2,108,2,3,1350000
Jardim Arapongas,2,70,1,2,180000
Jardim Neman Sahyun,1,70,3,1,265000
Brasília,3,75,2,2,380000
Vila Larsen 1,3,89,1,3,315000
Santa Rosa,3,114,2,3,1050000
Gleba Fazenda Palhano,2,74,2,2,750000
Centro,3,100,1,2,450000
Centro,1,45,1,1,195000
Gleba Fazenda Palhano,3,235,3,5,2950000
Brasília,3,64,1,2,471750
Lago Parque,5,800,5,5,2350000
Guanabara Parque Boulevard,3,91,1,2,698000
Gleba Fazenda Palhano,3,151,2,4,1750000
Gleba Simon Frazer,3,157,4,2,1300000
Parque Residencial Alcântara,3,72,1,2,350000
Lindóia,3,135,3,3,440000
Mediterrâneo,4,450,4,5,2700000
Parque Jamaica,3,94,2,3,600000
Jardim São Paulo II,2,63,1,2,250000
Parque Jamaica,3,75,1,2,660000
Conjunto Habitacional Saltinho,5,93,3,2,200000
Paraíso,2,47,1,1,170000
Centro,3,106,1,3,480000
Jardim Belo Horizonte,3,81,1,2,450000
Centro,3,195,2,3,740000
Guanabara,4,378,4,5,5800000
Brasília,2,86,2,3,933000
Brasília,3,200,3,2,420000
Colinas,2,49,1,1,240000
Esperança,5,283,2,5,3200000
Colinas,2,44,2,1,210000
San Fernando,2,52,1,1,160000
Terra Bonita,3,73,1,2,490000
Gleba Fazenda Palhano,3,216,3,4,2250000
Heimtal,3,130,2,2,780000
Paraíso,2,48,1,1,165000
Ideal,3,132,1,3,285000
Bela Suiça,4,102,2,2,680000
Armindo Guazzi,3,130,4,3,580000
Santa Rita 2,3,48,1,1,140000
Colúmbia,3,97,3,2,465000
Conjunto Habitacional Alexandre Urbanas,3,140,2,3,1100000
Brasília,3,160,3,2,599900
Jardim Moema,3,70,2,1,290000
Jardim São Paulo II,3,60,1,1,240000
Centro,3,69,1,2,460000
Gleba Fazenda Palhano,1,52,1,2,560000
Jerumenha,4,196,3,1,475000
Monte Belo,3,150,1,1,450000
Parque Jamaica,2,46,1,1,199900
Vivendas do Arvoredo,4,332,3,5,4500000
Carnascialli,3,130,3,1,240000
Brasília,2,51,1,1,189000
Jardim Santos Paulo,4,200,2,1,950000
Gleba Fazenda Palhano,3,76,1,1,610000
Gleba Simon Frazer,3,78,2,2,451000
Residencial Vila Romana,3,120,4,2,400000
Gleba Fazenda Palhano,3,146,2,4,1737000
Jardim Montecatini,3,92,1,2,850000
Jardim Shangri-la A,2,67,1,1,615000
Jardim Alvorada,3,250,2,1,390000
Sabará I,3,164,2,2,520000
Terra Bonita,3,92,2,2,965000
Brasília,3,215,2,3,690000
Jardim Maria Celina,2,47,1,1,180000
Gleba Fazenda Palhano,3,122,2,2,1295000
Colúmbia,2,80,1,2,260000
Parque Residencial Joaquim Toledo Piza,4,250,2,3,370000
Terra Bonita,3,66,1,2,390000
Quebec,4,304,2,3,1200000
Esperança,4,500,3,5,3900000
Gleba Fazenda Palhano,3,165,2,5,1500000
Gleba Fazenda Palhano,3,165,2,5,1499000
Vale dos Tucanos,3,66,1,2,265000
Colinas,2,80,1,2,349000
Brasília,3,110,2,2,460000
Gleba Fazenda Palhano,3,165,2,4,1500000
Gleba Fazenda Palhano,3,216,4,5,2400000
Jardim Tabapuã,3,50,1,1,170000
Terra Bonita,3,84,1,2,840000
Centro,3,92,1,2,250000
Heimtal,2,48,2,2,160000
Tucano,1,510,4,5,1500000
San Remo,3,152,2,2,550000
Andes,3,80,2,2,390000
Parque Jamaica,2,60,1,2,470000
Brasília,3,80,2,2,371000
Gleba Fazenda Palhano,3,110,2,2,1100000
Gleba Fazenda Palhano,3,124,2,3,1100000
Bandeirantes,3,80,2,2,425000
Santa Rosa,2,70,2,2,669000
Ideal,4,150,2,2,230000
Tucano,4,510,4,5,1450000
Parque Residencial Michael Licha,3,95,2,2,395000
Gleba Fazenda Palhano,3,195,3,5,2089000
Alto da Boa Vista,4,300,3,2,300000
San Remo,3,81,1,1,390000
Parque Jamaica,3,52,1,1,180000
Jardim Colúmbia D,2,70,1,1,310000
Jacomo Violin,2,200,1,1,280000
Centro,1,37,1,1,205000
Gleba Fazenda Palhano,2,55,1,1,395000
Gleba Fazenda Palhano,3,131,2,4,1290000
Brasília,3,95,2,2,389900
Jardim Morumbi,3,214,4,5,1690000
Aurora,2,64,1,2,480000
Jardim Alah,4,264,3,3,820000
Jardim Tókio,3,70,1,1,240000
Brasília,1,43,1,1,212000
Monte Belo,3,186,4,2,1120000
Shangri-lá,3,150,1,1,320000
Brasília,2,44,1,1,213000
Jardim Jóquei Club,2,46,1,1,180000
Gleba Simon Frazer,3,147,2,2,1280000
Jardim Central Park,3,206,2,4,1380000
Parigot de Souza 2,2,80,2,2,160000
Dom Pedro,4,450,5,4,1180000
Gleba Fazenda Palhano,3,112,2,3,990000
Jardim Agari,3,93,1,3,355000
Centro,2,64,1,2,450000
Terra Bonita,5,333,5,4,1850000
Jardim Maria Celina,3,79,2,2,260000
Jardim das Palmeiras,3,89,2,1,320000
Antares,3,91,1,1,235000
Brasília,3,84,2,1,340000
Jardim das Américas,2,48,1,1,160000
Parque Residencial Joaquim Toledo Piza,3,110,3,2,330000
Residencial Vila Romana,3,82,2,2,420000
Recanto do Salto,4,380,4,4,4000000
Industrial,2,114,2,2,380000
Residencial Quadra Norte,2,100,1,2,270000
Caravelle,5,271,3,2,2000000
Vila Fujita,3,178,2,2,698000
Conjunto Habitacional Doutor Farid Libos,1,45,1,1,180000
Jardim São Jorge,4,283,3,5,4100000
Jardim Moema,3,70,1,1,290000
Heimtal,2,75,1,1,295000
Centro,3,208,2,5,740000
Gleba Fazenda Palhano,3,99,2,2,880000
Brasília,2,62,1,1,175000
Jardim Alah,3,92,1,1,420000
Jardim Maria Luiza,2,46,1,1,190000
Brasília,2,70,1,2,330000
Brasília,5,153,3,3,530000
Jardim Graziela,3,172,5,2,450000
Recanto do Salto,4,350,3,5,3890000
Esperança,5,330,4,5,3500000
Ouro Verde,2,45,1,1,210000
Jardim Shangri-la A,2,67,1,2,420000
Colúmbia,3,87,2,1,350000
Brasília,3,79,1,2,490000
Heimtal,3,70,2,1,320000
Centro,3,116,2,3,1230000
Brasília,2,102,4,1,290000
Champagnat,3,58,1,1,290000
Nova Olinda,2,45,1,1,100000
Pacaembu,2,130,2,1,570000
Centro,3,132,1,3,750000
Gleba Fazenda Palhano,3,183,2,5,1950000
Vera Cruz,3,125,2,1,375000
Jardim Alvorada,3,120,2,1,415000
Vale dos Tucanos,3,64,1,1,180000
Esperança,4,313,4,5,3350000
Brasília,3,273,4,3,1750000
Andes,3,175,4,4,970000
Brasília,2,70,1,1,330000
Chácaras Pietraróia,5,380,5,5,900000
Jardim Paraty,3,80,2,1,239000
Jardim Presidente,4,220,4,1,850000
Esperança,4,329,2,1,2700000
Conjunto Habitacional José Garcia Molina,2,105,2,2,290000
Jardim das Palmeiras,3,85,1,2,318000
Vila Ipiranga,3,79,1,2,330000
Brasília,2,84,1,1,180000
Ideal,2,58,1,1,150000
Boa Vista,3,517,5,5,3700000
Champagnat,3,58,2,1,398000
Loteamento Chamonix,3,90,2,2,380000
Jardim das Palmeiras,2,57,1,1,215000
Centro,3,116,1,2,550000
Jardim Shangri-la A,2,67,1,2,579999
Jardim Nações Unidas,2,45,1,1,220000
Colinas,2,41,1,1,180000
Cambezinho,3,69,2,1,296000
Vivendas do Arvoredo,3,179,4,4,2990000
Brasília,3,162,2,3,800000
Gleba Fazenda Palhano,3,116,2,3,630000
Jardim Moema,2,62,2,1,245000
Recanto do Salto,4,376,4,4,3900000
Andes,1,86,2,2,415000
Centro,3,204,2,4,2500000
Santa Rita 2,3,61,1,1,150000
Terra Bonita,3,71,1,2,459999
Jardim Alto do Cafezal,4,180,2,2,450000
Jardim Burle Marx,4,300,4,4,1900000
Centro,4,686,5,5,3200000
Brasília,3,86,2,2,742000
Quebec,3,216,2,1,590000
Brasília,3,62,1,2,350000
Bela Vista,1,25,1,1,155000
Centro,3,86,2,2,890000
Centro,2,67,1,1,230000
Conjunto Habitacional Jamile Dequech,3,70,1,1,175000
Terra Bonita,3,63,1,2,430000
Jardim Nações Unidas,2,48,1,1,180000
Vila Santa Terezinha,3,64,1,2,420000
Antares,3,56,1,1,240000
Gleba Fazenda Palhano,2,78,1,2,550000
Vila Filipin,2,53,2,1,190000
Jardim Presidente,3,71,1,1,570000
Nova Olinda,2,55,1,1,135000
Conjunto Farid Libos,2,61,1,1,265000
Jardim Honda 2,2,95,1,1,280000
Jardim Presidente,2,71,2,2,570000
Newton Guimarães,3,170,2,2,240000
Conjunto Habitacional Alexandre Urbanas,3,140,2,2,1100000
Brasília,3,186,4,2,1120000
Jardim Alvorada,4,180,2,4,940000
Jardim Central Park,3,140,2,2,915000
Centro,3,116,1,3,480000
Gleba Fazenda Palhano,3,99,2,2,980000
Heimtal,3,150,2,3,780000
Parque Jamaica,3,53,1,1,160000
Vila Santa Terezinha,2,51,1,1,370000
Jardim Palmares,2,55,1,1,220000
Esperança,3,188,4,4,2100000
Lindóia,3,150,2,3,550000
Centro,3,90,1,2,510000
Gleba Fazenda Palhano,3,173,2,5,1700000
Jardim Presidente,3,71,2,2,690000
Gleba Fazenda Palhano,3,93,2,2,855000
Recanto do Salto,4,298,2,4,3500000
Gleba Fazenda Palhano,2,58,1,2,670000
Gleba Fazenda Palhano,3,163,2,5,1100000
Centro,3,279,2,3,1300000
Califórnia,2,215,3,2,540000
Brasília,3,136,2,4,1431000
Brasília,3,126,2,3,590000
Jardim Novo Sabará,3,101,2,3,390000
Jardim Santo Antônio,2,100,1,3,330000
Canadá,3,246,2,2,1950000
Brasília,3,85,1,2,380000
Colinas,3,84,2,1,350000
Vila Brasil,2,57,1,2,440000
Waldemar Hauer,3,123,5,2,450000
Coliseu,3,148,4,2,850000
Quebec,3,319,5,5,1350000
Residencial Abussafe,2,144,4,1,450000
Jardim Agari,3,220,2,2,610000
Gleba Fazenda Palhano,3,87,1,2,860000
Centro,1,56,1,1,520000
Jardim Itatiaia 2,2,260,4,2,1290000
Gleba Fazenda Palhano,2,48,1,1,270000
Califórnia,3,216,2,3,990000
Gleba Fazenda Palhano,2,54,1,1,430000
Ouro Verde,2,45,1,1,185000
Conjunto Santa Rita 6,2,70,2,1,220000
Parque Residencial Joaquim Toledo Piza,3,244,3,4,749000
Jardim Presidente,3,252,4,3,1650000
Gleba Ribeirão Limeiro,1,44,1,1,224000
Conjunto Habitacional Milton Gavetti,2,120,3,2,289540
Jardim Sabará,2,75,1,1,340000
Aurora,3,69,1,2,480000
Recanto do Salto,4,460,4,5,3500000
Residencial Portal do Sol,3,84,1,2,350000
Gleba Fazenda Palhano,3,75,2,2,620000
Nova Olinda,2,55,1,1,110000
Ouro Verde,3,220,4,2,550000
Gleba Fazenda Palhano,3,88,2,2,890000
Vila Penteriche,3,84,1,2,235000
Gleba Fazenda Palhano,3,139,2,4,1650000
Parque Leblon,3,96,2,1,240000
Brasília,2,67,1,1,230000
Terra Bonita,3,126,2,2,820000
Jardim São Paulo II,1,44,1,1,165000
Jardim Imagawa,3,139,4,2,800000
Santa Rosa,3,69,2,2,640000
Colúmbia,3,90,2,2,380000
Califórnia,2,100,1,2,432000
Santa Rosa,3,90,2,2,861250
Boa Vista,5,264,2,4,720000
Gleba Fazenda Palhano,2,74,1,2,790000
Conjunto Habitacional Alexandre Urbanas,3,206,4,4,1200000
Jardim Montecatini,2,80,2,3,320000
Centro,2,42,1,2,300000
Santa Rosa,3,207,3,4,2300000
Jardim Morumbi,2,43,1,1,175000
Jardim Maria Celina,3,80,2,2,185000
Gleba Fazenda Palhano,2,54,1,1,630000
Jardim Pérola,4,260,1,1,890000
Aeroporto,4,186,3,3,385000
Vale dos Tucanos,3,64,1,1,190000
Gleba Fazenda Palhano,3,183,3,5,1990000
Brasília,3,85,1,2,550000
Gleba Fazenda Palhano,3,151,2,4,1790000
Ideal,3,69,1,1,220000
Conjunto Habitacional Doutor Farid Libos,2,45,1,1,180000
Gleba Fazenda Palhano,3,112,2,2,1325000
Colina Verde,3,406,5,4,3100000
Marumbi,2,49,1,1,150000
Gleba Fazenda Palhano,2,45,1,1,265000
Vivendas do Arvoredo,2,75,1,2,700000
Esperança,3,523,4,5,2500000
Brasília,3,145,4,3,1150000
Jardim das Palmeiras,1,72,1,1,320000
Gleba Fazenda Palhano,3,95,2,3,560000
Residencial Vila Romana,3,160,2,3,389000
Califórnia,3,200,1,1,680000
Brasília,3,68,1,2,235000
Jardim do Lago,3,217,2,3,1750000
Portal de Versalhes 1,5,250,5,5,1250000
Leonor,3,160,2,3,660000
Champagnat,3,58,1,1,329000
Jardim Continental,3,180,2,3,650000
Ideal,2,45,1,1,180000
Jardim América,2,57,1,1,349900
Vale dos Tucanos,2,56,1,2,280000
Vila Larsen 1,2,50,1,1,215000
Jardim Strass,2,250,2,2,400000
Jardim Neman Sahyun,3,310,5,4,950000
Jardim Sabará,2,45,1,1,240000
Cidade Industrial 2,2,48,1,1,220000
Jardim Planalto,3,112,2,1,530000
Gleba Fazenda Palhano,3,216,3,5,2150000
Gleba Simon Frazer,3,145,4,4,1150000
Gleba Simon Frazer,4,206,2,4,1600000
Bandeirantes,3,140,2,3,670000
Jardim Maria Celina,2,125,1,1,105000
Centro,2,58,1,1,358000
Colúmbia,3,110,2,3,470000
Gleba Fazenda Palhano,3,195,2,4,2346000
Centro,3,84,2,3,550000
Cafezal,3,99,1,1,350000
Jardim Agari,2,45,1,1,130000
Centro,3,122,2,3,750000
Brasília,2,54,1,1,412000
Gleba Fazenda Palhano,3,114,2,2,1600000
Brasília,2,45,1,1,230000
Centro,4,241,2,3,850000
Nova Olinda,2,51,1,1,120000
Brasília,3,117,1,2,477000
Aragarça,3,250,2,4,1890000
Centro,3,76,1,2,550000
Gleba Fazenda Palhano,3,122,2,3,1280000
Conjunto Café,3,65,1,1,250000
Residencial José Lázaro Gouvea,3,69,1,2,485000
Ideal,5,200,2,2,490000
Califórnia,5,95,1,3,230000
Conjunto Parigot de Souza 1,3,131,4,2,290000
Guanabara,3,148,3,2,1500000
Jardim Pérola,3,115,2,2,650000
Champagnat,4,203,4,5,1150000
Pacaembu,3,125,2,1,1090000
Jardim Nápoles,4,290,5,5,1350000
Jardim Roveri,2,70,1,1,220000
Centro,3,228,3,5,1030000
Gleba Fazenda Palhano,3,92,2,3,850000
Andrade,3,124,2,3,1250000
Campo Belo,3,562,5,4,2500000
Gleba Fazenda Palhano,3,216,3,3,2100000
Arco Íris,4,390,2,3,1680000
Santa Rosa,3,323,4,5,4300000
Gleba Fazenda Palhano,3,95,2,2,950000
Brasília,3,83,2,3,320000
Conjunto Habitacional Alexandre Urbanas,3,152,4,3,1400000
Mediterrâneo,4,450,4,5,2700000
Gleba Fazenda Palhano,3,95,2,2,750000
Residencial Portal do Sol,3,100,2,1,280000
Alpes,4,159,1,3,650000
Gleba Fazenda Palhano,2,48,1,1,310000
Centro,3,117,1,2,680000
Gleba Fazenda Palhano,3,139,2,4,1550000
Hedy,3,264,2,5,1599000
Esperança,3,221,2,4,2500000
Brasília,3,70,1,2,451000
Gleba Fazenda Palhano,3,130,2,3,1140000
Jardim Graziela,3,80,1,2,450000
Parque Jamaica,2,46,1,1,170000
Conjunto Habitacional Santiago II,2,55,1,1,285000
Vila Fujita,3,150,2,2,780000
Vila Brasil,3,66,1,2,449000
Gleba Fazenda Palhano,2,89,1,2,970000
Gleba Fazenda Palhano,3,118,2,3,1300000
Vale dos Tucanos,2,56,1,1,250000
Brasília,3,92,2,2,470000
San Fernando,3,55,1,1,170000
Vila Filipin,2,48,1,1,225000
Shangri-lá,3,130,2,1,300000
Gleba Fazenda Palhano,3,234,4,5,2550000
Gleba Fazenda Palhano,3,124,2,3,1290000
Giovani Lunardelli,3,110,2,1,329740
Jardim Agari,1,56,1,2,460000
Terras de Santana II,4,316,2,4,2400000
Terra Bonita,3,92,2,3,938200
Brasília,2,80,1,2,252000
Gleba Fazenda Palhano,3,185,4,5,1990000
Gleba Simon Frazer,3,163,2,3,1300000
Gleba Simon Frazer,3,270,4,4,2000000
Andrade,3,72,1,2,515000
Panorama,2,57,1,1,140000
Centro,4,295,2,5,890000
Centro,4,257,2,5,1300000
Califórnia,3,113,2,1,330000
Brasília,3,71,1,2,570000
Andrade,3,162,1,4,1200000
Campo Belo,3,563,5,4,2500000
Conjunto Vivi Xavier,4,182,3,2,300000
Brasília,4,102,1,2,460000
Gleba Fazenda Palhano,3,111,1,3,1350000
Judith,3,88,1,3,370000
Brasília,3,160,4,2,390000
Cambezinho,3,59,1,1,295000
Esperança,4,311,2,5,3500000
Conjunto Residencial Marajoara,3,120,2,3,378000
Vila Fujita,4,313,5,4,1400000
Jardim Jóquei Club,2,41,1,1,205000
Áurea,3,87,1,3,395000
Jardim Morumbi,3,57,1,1,240000
Maria Lúcia,1,80,2,2,360000
Jardim do Lago,3,297,2,5,2350000
Centro,3,120,1,2,583000
Brasília,3,130,2,2,240000
Jardim Higienópolis,4,97,1,3,370000
Caravelle,4,200,4,2,590000
Parque Leblon,3,78,1,2,210000
Ideal,2,54,1,1,240000
Gleba Fazenda Palhano,3,113,2,3,1370000
Santa Rosa,3,81,1,2,678000
Esperança,4,380,2,5,3650000
Jardim do Lago,4,212,2,5,1749000
Terras de Santana II,3,220,2,4,1600000
Centro,3,180,1,3,490000
Brasília,2,46,1,1,276000
Gleba Fazenda Palhano,3,286,4,5,3100000
Residencial Veneza,3,75,1,1,290000
Centro,2,70,1,2,590000
Terras de Santana II,3,360,4,3,2700000
Santa Rosa,3,82,1,2,700000
Cinco Conjuntos,3,88,1,1,265000
Brasília,2,59,1,1,267000
Brasília,3,80,2,1,290000
Gleba Fazenda Palhano,2,51,1,1,430000
Conjunto Residencial Itamaraty,3,73,2,2,275000
Condomínio Royal Golf Residence,4,731,5,5,15000000
Jardim São Jorge,4,256,4,5,3600000
Brasília,2,65,1,1,275000
Conjunto Parigot de Souza 1,2,94,2,1,230000
Recanto do Salto,2,299,2,4,3900000
Jardim do Leste,3,266,5,4,950000
Centro,4,470,2,4,1700000
Gleba Fazenda Palhano,3,181,2,5,2790000
Centro,3,160,2,3,769560
Centro,3,74,1,2,565000
Brasília,3,57,1,1,220000
Centro,3,89,2,4,550000
Centro,3,217,2,4,588000
Jardim Morumbi,2,56,1,2,219000
Brasília,3,80,2,1,290000
Igapó,4,90,2,2,999000
Conjunto Residencial Itamaraty,3,72,2,2,199000
Leonor,2,46,1,1,85000
Centro,2,64,1,2,480000
Gleba Fazenda Palhano,3,179,4,5,1950000
Jardim Imagawa,2,43,1,1,150000
Heimtal,3,51,1,1,230000
Aurora,2,51,1,1,399000
Gleba Simon Frazer,3,240,4,4,1600000
Cafezal,1,100,2,3,449460
Jardim Nova Esperança,3,100,1,2,210000
Brasília,2,55,1,2,350000
Conjunto Habitacional Alexandre Urbanas,3,175,2,1,479000
Nova Olinda,2,45,1,1,112000
Califórnia,3,188,5,3,400000
Brasília,3,74,1,2,385000
Aurora,3,70,1,2,440000
Paraíso,2,45,1,1,180000
Cidade Industrial 2,2,40,1,1,169990
Brasília,3,114,2,3,1300000
Lagoa Dourada,3,62,1,1,160000
Petrópolis,3,72,2,2,689000
Conjunto Habitacional Alexandre Urbanas,2,140,2,3,960000
Gleba Fazenda Palhano,3,95,2,2,950000
Conjunto Farid Libos,3,79,1,2,289000
Brasília,3,63,1,2,330000
Brasília,3,82,2,2,290000
Santa Rosa,3,122,2,3,990000
Cidade Industrial 2,2,41,1,1,175000
Jardim São Paulo II,3,63,1,1,240000
Alto da Boa Vista,3,70,1,1,285000
Industrial,3,59,1,1,200000
Vivendas do Arvoredo,3,178,2,4,2990000
Califórnia,3,160,2,1,690000
Caravelle,4,268,4,4,1200000
Santa Rita 1,2,103,2,1,250000
Vivendas do Arvoredo,3,179,2,5,2990000
Cafezal,3,260,4,2,600000
Centro,3,117,2,3,480000
Jardim Shangri-la A,3,211,1,4,1200000
Esperança,2,41,1,1,230000
Vila Ipiranga,2,80,1,2,640000
Jardim Morumbi,3,187,2,5,1450000
Hedy,1,33,1,1,210000
Gleba Simon Frazer,4,238,2,3,1800000
Jardim Maria Celina,2,45,1,1,110000
Brasília,3,55,1,1,163000
Petrópolis,3,300,5,4,1500000
Gleba Simon Frazer,3,235,4,1,1600000
Bela Suiça,5,1000,5,5,17000000
Dom Bosco,3,266,3,5,2700000
Brasília,3,70,2,1,290000
Centro,1,57,2,2,430000
Gleba Fazenda Palhano,2,40,1,1,132178
Residencial Veneza,3,120,1,1,250000
Conjunto Residencial Marajoara,2,45,1,1,155000
Heimtal,3,80,1,1,200000
Gleba Fazenda Palhano,4,346,4,5,5164000
Recanto do Salto,3,220,2,4,2650000
Jardim Morumbi,3,63,1,1,349480
Gleba Fazenda Palhano,3,75,1,2,620000
Centro,3,89,1,1,436000
Industrial,2,47,1,1,130000
Alto da Boa Vista,3,150,2,2,450000
Esperança,3,132,2,3,1450000
Santa Rosa,3,115,2,3,1300000
Brasília,3,187,4,5,1600000
Residencial Café Cereja,1,48,1,1,250000
Brasília,2,53,1,1,128000
Maria Lúcia,3,148,3,2,490000
Vila Ipiranga,3,788,5,1,2000000
Gleba Ribeirão Limeiro,2,52,1,1,215000
Antares,3,65,1,1,235000
Centro,2,67,1,1,200000
Judith,3,121,2,3,680000
Centro,3,128,2,2,1390000
Jardim Santo Antônio,3,95,1,3,340000
Brasília,4,235,5,5,490000
Bela Suiça,4,419,4,5,5000000
Centro,3,92,1,2,410000
Champagnat,3,58,2,1,454900
Centro,1,41,1,1,430000
Esperança,3,240,4,1,2455000
Brasília,3,80,2,1,230000
Jardim Burle Marx,3,137,2,3,690000
Jardim Alto do Cafezal,3,124,2,1,520000
Centro,3,123,2,3,520000
Jardim Albatroz,3,150,2,3,490000
Santa Rosa,3,108,2,3,1200000
Andrade,3,259,4,3,1290000
Leonor,3,110,1,1,390000
Gleba Fazenda Palhano,3,129,2,2,1170000
Gleba Fazenda Palhano,2,78,2,2,900000
Gleba Simon Frazer,3,186,2,4,1349000
Centro,3,128,2,4,1300000
Terras de Santana II,3,360,2,4,2550000
Igapó,3,100,1,1,550000
Mediterrâneo,5,550,4,5,3500000
Jardim Morumbi,3,80,2,1,240000
Olímpico,2,47,1,1,215000
Centro,3,77,1,2,270000
Cafezal,3,99,2,2,350000
Centro,2,66,1,1,265000
Califórnia,4,104,5,5,650000
Centro,3,269,2,4,820000
Jardim Santa Cruz,2,50,1,1,130000
Ideal,4,300,5,3,550000
Gleba Fazenda Palhano,3,130,2,3,1550000
Jardim Jóquei Club,2,47,1,1,250000
Brasília,3,140,3,4,600000
Terra Bonita,2,51,1,1,314310
Jardim Morumbi,3,144,2,3,1180000
Conjunto Habitacional Alexandre Urbanas,3,190,4,4,1490000
Terra Bonita,3,84,2,2,845000
Conjunto Habitacional Alexandre Urbanas,4,207,1,2,1900000
Gleba Ribeirão Limeiro,2,45,1,1,275000
Jardim Burle Marx,3,180,2,4,795000
Cambezinho,3,130,2,2,199000
Vale de San Izidro,3,162,4,1,870000
Centro,4,279,2,3,1300000
Centro,3,213,4,1,900000
Vivendas do Arvoredo,3,280,2,4,4200000
Portal de Versalhes 2,4,485,5,5,1060000
Ouro Verde,2,45,1,1,180000
Jardim Shangri-la A,2,67,1,2,583000
Vivendas do Arvoredo,4,429,5,5,5500000
Jardim Burle Marx,3,142,2,3,1090000
Jardim Colúmbia D,2,45,2,1,220000
Vila Larsen 1,2,57,1,2,270000
Vale dos Tucanos,2,46,1,1,210000
Centro,1,24,1,1,250000
Gleba Fazenda Palhano,3,82,2,2,760000
Esperança,4,660,4,5,7900000
Catuai,2,140,5,1,340000
Jardim Morumbi,3,194,4,3,1550000
Aeroporto,3,176,5,3,1180000
Jardim Montecatini,2,69,2,1,325000
Gleba Ribeirão Limeiro,2,41,1,1,250000
Jardim Morumbi,3,195,4,4,1150000
Gleba Fazenda Palhano,3,82,2,1,650000
Gleba Fazenda Palhano,2,72,1,2,450000
Jardim Colúmbia D,3,90,2,2,359450
Brasília,3,181,4,4,2438000
Bela Suiça,2,70,1,2,600000
Gleba Fazenda Palhano,2,46,1,1,298000
Gleba Fazenda Palhano,3,183,3,4,1950000
Coliseu,3,126,1,1,690000
Bela Suiça,3,232,4,4,2850000
Bela Suiça,4,333,4,5,3950000
Gleba Fazenda Palhano,3,110,3,3,1250000
Vale dos Tucanos,3,70,1,1,330000
Mediterrâneo,4,350,5,5,1700000
Conjunto Habitacional Maria Cecília Serrano de Oliveira,3,92,3,1,280000
Jardim Belo Horizonte,3,84,1,2,399190
Gleba Fazenda Palhano,3,173,2,4,1890000
Centro,5,245,4,4,790000
Ricardo,2,98,1,1,158000
Brasília,4,135,2,3,450000
Jardim Maria Luiza,3,55,1,1,200000
Dom Bosco,3,85,1,2,330000
Esperança,4,660,5,4,7900000
Recanto do Salto,3,155,2,3,3100000
Monte Belo,3,280,4,3,650000
Jardim Guaporé,3,125,1,1,730000
Messiânico,3,130,2,3,750000
Jardim Londrilar,3,100,1,1,365000
São Vicente,2,54,1,1,300000
Conjunto Habitacional José Garcia Molina,2,45,1,1,155000
Brasília,3,84,2,1,350000
Ideal,3,61,1,1,310000
Jardim das Palmeiras,1,55,3,1,160000
Gleba Fazenda Palhano,3,122,2,4,1330000
Santa Rosa,4,390,4,4,2990000
Brasília,3,105,2,2,920000
Gleba Fazenda Palhano,3,155,2,5,2180000
Bela Suiça,4,419,4,5,4250000
Terra Bonita,3,73,1,2,550000
Vila Nova,2,54,1,1,260000
Gleba Fazenda Palhano,3,185,3,5,1899000
Dom Bosco,4,266,3,3,2550000
Igapó,2,58,1,1,250000
Gleba Fazenda Palhano,3,88,2,2,1190000
Jardim Oriente,3,240,4,3,1090000
Gleba Fazenda Palhano,2,74,1,2,744999
Centro,3,75,1,2,980000
Jardim Nações Unidas,2,48,1,1,175000
Heimtal,3,52,1,1,220000
Centro,2,62,1,1,275000
Brasília,2,46,1,1,290000
Gleba Fazenda Palhano,3,75,1,2,595000
Esperança,3,225,2,4,1900000
Aurora,2,55,1,1,420000
Jardim Morumbi,3,60,1,1,250000
Gleba Simon Frazer,3,231,4,4,1600000
Centro,4,280,3,5,1250000
Lindóia,1,212,2,4,1800000
Centro,3,90,1,1,300000
Ernani Moura Lima,4,95,1,1,230000
Petrópolis,4,261,1,1,1500000
Conjunto Habitacional Santiago II,2,51,1,2,330000
Gleba Fazenda Palhano,4,215,3,5,2400000
Vivendas do Arvoredo,4,302,5,5,5000000
Paraíso,2,48,1,1,160000
Brasília,2,140,3,1,340000
Jardim Moema,2,125,1,1,255000
Armindo Guazzi,3,107,2,2,300000
Jardim Morumbi,2,47,1,1,210000
Newton Guimarães,3,132,2,3,250000
Brasília,3,129,3,3,550000
Centro,3,147,2,2,780000
Gleba Fazenda Palhano,2,47,1,1,260000
Gleba Fazenda Palhano,2,44,1,1,350000
Centro,3,176,2,2,750000
Campo Belo,3,182,2,3,780000
Gleba Fazenda Palhano,3,216,4,5,2300000
Santa Mônica,3,145,3,3,710000
Centro,2,58,1,2,540000
Jardim Planalto,3,81,2,2,329870
Brasília,2,47,1,1,265000
Centro,3,125,2,3,560000
Brasília,3,65,2,2,234000
Waldemar Hauer,3,145,1,2,295000
Jardim Maria Celina,2,45,1,1,191500
Loteamento Chamonix,3,77,2,2,449000
Terra Bonita,2,73,1,1,450000
Vila Brasil,2,57,1,1,379900
Heimtal,1,52,1,1,150000
Nova Olinda,2,45,1,1,175000
Gleba Fazenda Palhano,2,83,2,2,678000
Colinas,2,48,1,1,220000
Santa Rosa,3,108,2,2,1350000
Centro,3,116,1,3,480000
Brasília,3,75,1,2,379000
Jardim das Américas,3,90,1,2,460000
Santa Rosa,2,186,5,2,1390000
Dom Bosco,3,85,1,2,330000
Conjunto Habitacional Alexandre Urbanas,3,151,4,2,1300000
Olímpico,1,225,1,1,456000
Santa Rosa,3,245,3,5,2300000
Santa Rosa,3,245,3,1,3390000
Parque das Indústrias,3,126,2,2,400000
Gleba Fazenda Palhano,2,78,2,2,695000
Vila Santa Terezinha,2,52,1,1,395000
Brasília,3,57,1,1,151000
Bela Suiça,4,124,2,2,670000
Centro,2,63,1,1,270000
Brasília,3,167,1,3,510000
Centro,3,85,1,2,450000
Gleba Fazenda Palhano,2,78,1,2,899000
Jardim Pioneiros,3,71,2,2,290000
Colinas,2,45,1,1,215000
Conjunto Habitacional Alexandre Urbanas,3,143,4,4,1100000
Jardim Agari,2,56,1,2,495000
Parque Jamaica,3,52,1,1,150000
Brasília,1,75,5,1,182000
São Pedro,3,2233,3,1,695000
Gleba Fazenda Palhano,3,75,1,2,570000
Vale dos Tucanos,3,65,1,2,297000
Centro,2,72,1,2,320000
Parque Jamaica,2,46,1,1,170000
Conjunto Habitacional Flores,2,134,2,2,290000
Jardim América,2,69,1,2,280000
Caravelle,3,390,4,4,1400000
Centro,4,231,2,5,980000
Recanto do Salto,3,220,4,2,2650000
Igapó,2,86,1,1,380000
Conjunto Parigot de Souza 1,3,250,4,2,270000
Olímpico,2,45,1,1,199000
Hedy,1,25,1,1,200000
Gleba Fazenda Palhano,3,211,2,4,3700000
Centro,2,71,1,2,680000
Brasília,3,79,1,2,340000
Jardim Nova Londrina,4,421,4,5,2400000
Gleba Fazenda Palhano,3,142,2,3,1580000
Jardim Planalto,3,170,3,1,390000
Gleba Fazenda Palhano,2,54,1,1,395000
Ouro Branco,5,250,3,3,380000
Champagnat,3,58,2,1,444900
Centro,2,75,1,1,239000
Colinas,2,44,1,1,210000
Brasília,2,57,1,1,185000
Gleba Fazenda Palhano,3,69,2,2,440000
Gleba Fazenda Palhano,2,43,1,1,290000
Ideal,2,50,1,1,230000
Bela Suiça,5,650,4,2,4380000
Gleba Fazenda Palhano,3,72,1,2,550000
Centro,2,57,1,1,280000
Vitória,3,100,2,2,520000
Terra Bonita,3,140,4,3,980000
Gleba Simon Frazer,3,130,2,1,480000
Santa Rosa,3,77,1,2,630000
Santa Rosa,2,76,2,2,620000
Jardim Lolata,3,81,1,1,265000
Cafezal,2,250,3,1,240000
Quebec,4,208,4,5,750000
Jardim Santa Alice,3,167,2,5,849890
Centro,2,64,1,1,240000
Parque Jamaica,3,187,4,2,1100000
Gleba Fazenda Palhano,2,85,2,2,925000
Brasília,2,48,1,1,186000
Olímpico,2,44,1,1,199000
Residencial Verona,3,85,2,2,390000
Granville Parque Residencial,3,441,1,3,1350000
Gleba Fazenda Palhano,3,124,2,3,1050000
Aquilles Sthengel,2,140,2,1,220000
Residencial Abussafe,3,120,2,1,450000
Cidade Industrial 2,2,42,1,1,200000
Recanto do Salto,3,240,4,3,3210000
Terra Bonita,2,92,2,3,950000
Jardim do Lago,3,217,2,5,1830000
Conjunto Vivi Xavier,2,126,3,1,250000
Rodocentro,3,58,1,1,150000
Operária,4,283,4,4,1690000
Esperança,3,313,2,4,3400000
Brasília,3,80,2,2,320000
Brasília,3,98,1,2,986000
Santa Rosa,3,323,4,5,4200000
Vale dos Tucanos,3,123,2,2,700000
Jardim Lago Norte,2,140,1,1,480000
Conjunto Parigot de Souza 3,3,150,2,3,380000
Leonor,2,120,2,2,425000
Igapó,2,55,1,1,190000
Aurora,3,68,1,2,594000
Terra Bonita,3,70,1,2,560000
Brasília,2,46,1,1,270000
Aurora,4,380,4,5,1800000
Portal de Versalhes 2,2,152,2,2,690000
Colinas,3,87,1,1,349000
Colinas,2,44,1,1,275000
Centro,4,92,2,3,445000
Jardim Shangri-la A,5,581,2,5,2200000
Brasília,3,190,4,4,1250000
Brasília,3,65,2,2,385000
Centro,3,94,1,1,590000
Messiânico,3,200,2,4,530000
Santa Rosa,3,122,2,3,1100000
Vila Siam,3,69,1,1,499810
Bancários,5,452,5,4,950000
Esperança,3,266,1,5,2100000
Jardim Santa Alice,3,89,2,1,235000
Vale de San Izidro,3,823,5,3,2400000
Santa Rosa,3,245,3,5,3390000
Esperança,4,250,4,5,3200000
Caravelle,3,270,4,2,1290000
San Fernando,2,45,1,1,150000
Santa Rita 2,3,96,4,3,350000
Cafezal,4,200,5,3,675000
Califórnia,3,450,2,2,500000
Centro,4,550,2,5,1700000
Olímpico,3,136,3,1,320000
Andrade,3,72,1,2,310000
Gleba Fazenda Palhano,3,120,2,2,1250000
Jerumenha,2,112,1,1,265000
Centro,3,170,2,2,549000
Pacaembu,3,83,1,2,349000
Ouro Branco,3,154,2,1,300000
Brasília,2,250,2,2,258000
Vila Penteriche,3,84,1,1,235000
Gleba Fazenda Palhano,2,103,2,2,1400000
Gleba Simon Frazer,2,110,2,2,450000
Campo Belo,3,98,1,3,345000
Parque Residencial Joaquim Toledo Piza,3,151,2,2,300000
Monte Belo,3,134,3,2,590000
Taliana,2,46,1,1,170000
Gleba Fazenda Palhano,3,120,2,4,1050000
Vivendas do Arvoredo,3,178,2,4,2990000
Jardim Montecatini,2,125,2,2,340000
Brasília,2,47,1,1,180000
Alto da Boa Vista,3,90,1,1,265000
Gleba Fazenda Palhano,3,81,2,1,8230000
Jardim Jóquei Club,2,45,1,1,180000
São Pedro,2,49,1,1,180000
Brasília,2,90,2,1,230000
Brasília,4,250,4,5,1950000
Parque Jamaica,3,70,1,2,320000
Cafezal,3,170,2,2,519000
Brasília,3,84,2,1,340000
Ouro Verde,2,45,1,1,210000
Cafezal,3,99,1,1,450000
Conjunto Parigot de Souza 1,3,130,3,1,320000
Vivendas do Arvoredo,4,500,4,5,3990000
Caravelle,3,230,3,2,1190000
Conjunto Residencial Marajoara,2,65,1,1,235000
Centro,4,95,1,3,410000
Gleba Fazenda Palhano,3,173,2,5,1930000
Esperança,5,330,4,5,3500000
Esperança,4,640,5,5,5200000
Monte Belo,3,100,1,2,550000
Jardim América,3,90,1,2,320000
Residencial José B Almeida,3,93,1,1,300000
Jardim São Rafael,3,120,2,2,150000
Esperança,3,192,3,3,1500000
Conjunto Habitacional Alexandre Urbanas,3,183,4,4,1395000
Guanabara,4,378,4,5,6850000
Gleba Fazenda Palhano,3,130,2,2,998000
Cidade Industrial 2,1,45,1,1,165000
Jardim Adriana I,3,70,1,1,349000
Gleba Fazenda Palhano,3,166,2,5,1590000
Jardim Tarumã,3,80,2,2,399000
Jardim Maria Celina,2,47,1,1,115000
Jardim São Paulo II,3,65,2,1,265000
Gleba Fazenda Palhano,3,69,1,1,240267
Jardim Morumbi,2,65,1,2,345000
Jardim Strass,2,44,1,1,120000
Gleba Fazenda Palhano,3,175,2,5,2900000
Brasília,3,200,2,3,495000
Gleba Fazenda Palhano,3,136,2,5,1280000
Conjunto Habitacional Santiago II,4,80,2,2,480000
Jardim Presidente,3,71,2,2,630000
Conjunto Habitacional Santiago II,2,103,2,1,300000
Jardim Maria Luiza,3,99,2,2,420000
Jardim São Paulo,2,109,1,1,285000
Conjunto Cafezal 1,4,130,2,1,370000
Jardim Higienópolis,3,62,1,2,434000
Jardim Ilha do Mel,4,193,5,3,650000
Brasília,2,44,1,1,175000
Gleba Fazenda Palhano,2,47,1,1,260000
Jardim Sérgio Antônio,2,45,1,1,145000
Conceição,3,70,1,2,340000
Jardim Tarumã,3,150,2,2,580000
Cláudia,3,76,1,1,255000
Santa Mônica,3,131,2,3,590000
Gleba Fazenda Palhano,2,85,2,2,950000
Brasília,2,75,1,1,319000
Gleba Fazenda Palhano,3,221,2,5,2140000
Gleba Fazenda Palhano,3,114,2,2,1200000
Esperança,5,365,4,5,3500000
Centro,3,247,1,2,549000
Jardim Shangri-la A,3,67,1,2,580000
Condominio Residencial Habitten Santa Regina,3,180,5,3,950000
Gleba Fazenda Palhano,3,75,1,2,590000
Vivendas do Arvoredo,4,374,4,5,4700000
Alto da Boa Vista,3,150,3,2,480000
Centro,3,133,1,3,450000
Guanabara Parque Boulevard,3,104,2,3,1100000
Jardim Santa Cruz,3,57,1,1,145000
Veraliz,2,71,2,2,700000
Esperança,3,300,4,5,3590000
Centro,3,177,2,5,1060000
Gleba Fazenda Palhano,3,82,1,2,680000
Brasília,2,61,1,1,265000
Jardim Jóquei Club,2,41,1,1,170000
Gleba Ribeirão Limeiro,2,49,1,1,220000
Panorama,3,63,1,1,135000
Jardim São Paulo II,2,49,1,1,220000
Bandeirantes,3,130,2,2,540000
Bela Suiça,3,232,3,4,2590000
Centro,5,215,2,4,800000
Jardim Shangri-la A,3,285,5,3,1385000
Gleba Fazenda Palhano,3,185,2,5,1890000
Brasília,4,500,2,3,1287000
Gleba Fazenda Palhano,3,68,1,2,430000
Aurora,3,75,1,2,650000
Jardim Albatroz,3,182,2,2,500000
Cláudia,2,47,1,1,255000
Conjunto Residencial Marajoara,2,48,1,1,150000
Jardim do Sol,3,100,2,3,220000
Gleba Fazenda Palhano,2,74,2,2,750000
Guanabara,4,130,2,3,1500000
Gleba Fazenda Palhano,3,122,2,4,1300000
Bandeirantes,3,127,1,1,417440
Brasília,3,200,4,4,650000
Centro,3,148,2,5,1190000
Nova Olinda,2,46,1,1,159000
Jardim Nações Unidas,2,50,1,1,150000
Leonor,3,180,2,3,550000
Vila Filipin,2,51,1,1,190000
Alto da Boa Vista,3,76,1,1,400000
Nova Olinda,2,50,1,1,140000
Esperança,4,398,4,5,6500000
Jardim Continental,2,68,1,1,280000
Centro,3,96,1,2,450000
Centro,3,74,1,2,360000
Jardim Morumbi,3,64,2,2,420000
Parque Jamaica,2,46,1,1,180000
Olímpico,2,123,1,1,399000
Paraíso,2,47,1,1,154530
Vila Siam,2,71,1,1,560000
Rodocentro,4,275,4,4,3990000
Gleba Fazenda Palhano,3,245,3,4,2300000
Bela Suiça,4,557,4,5,6499000
Terra Bonita,3,243,4,2,1600000
Santa Rosa,3,100,2,2,1150000
João Paz,3,200,2,1,180000
Olímpico,3,137,1,2,890000
Jardim Morumbi,3,205,4,5,1790000
Bela Suiça,4,333,4,5,3900000
Aurora,2,64,1,2,450000
Nossa Senhora de Lourdes,2,47,1,1,310000
Brasília,2,46,1,1,285000
Residencial Abussafe,3,114,2,1,450000
Gleba Fazenda Palhano,4,446,4,4,4200000
Conjunto Habitacional Maria Cecília Serrano de Oliveira,3,174,2,3,450000
Residencial Abussafe,3,120,1,2,450000
Jardim Alvorada,3,240,2,4,700000
Esperança,4,360,5,5,2400000
Jardim Presidente,2,71,2,2,565000
Gleba Fazenda Palhano,3,142,3,5,1550000
Jardim Santa Alice,3,85,2,2,350000
Centro,3,109,1,2,440000
São Pedro,3,185,2,3,445000
Residencial José Lázaro Gouvea,3,70,1,2,574880
Vale dos Tucanos,2,45,1,1,220000
Esperança,3,170,4,4,2100000
Gleba Fazenda Palhano,3,221,4,5,2450000
Vila Larsen 1,3,171,2,2,450000
Colúmbia,3,134,2,3,450000
Jardim Nova Esperança,3,120,5,2,350000
Jardim São Paulo II,2,45,1,1,220000
Vale dos Tucanos,2,77,1,1,560000
Centro,4,283,2,5,1200000
Centro,3,90,1,2,550000
Caiçaras,4,549,5,5,4700000
Colúmbia,3,104,1,2,380000
Conjunto Residencial Itamaraty,3,72,1,2,230000
Conjunto Habitacional Alexandre Urbanas,2,250,5,1,270000
Gleba Fazenda Palhano,3,245,3,4,2250000
Colúmbia,3,92,2,2,380000
Gleba Fazenda Palhano,2,54,1,1,373000
Conjunto Habitacional Alexandre Urbanas,3,210,4,5,1750000
Gleba Fazenda Palhano,3,77,1,2,600000
Residencial Abussafe,3,120,1,2,450000
Centro,3,128,2,3,1590000
Andrade,2,73,1,2,530000
Santa Rosa,3,207,3,4,2400000
Santa Rosa,2,87,1,2,790000
Centro,4,255,2,5,1595000
Gleba Fazenda Palhano,2,103,2,3,995000
Ouro Verde,3,110,2,2,350000
Andes,3,70,2,1,290000
Jardim Colúmbia D,3,128,4,2,480000
Conjunto Residencial Itamaraty,2,72,1,1,200000
Vila Siam,3,71,1,2,640000
Gleba Fazenda Palhano,2,46,2,1,309100
San Fernando,2,52,1,1,165000
Gleba Fazenda Palhano,3,130,2,3,1140000
Coliseu,3,180,2,3,700000
Jacomo Violin,4,180,2,2,200000
Esperança,3,315,5,4,3950000
Jardim Presidente,2,71,2,2,770000
Brasília,2,60,2,1,208000
Vila Larsen 1,3,55,1,1,240000
Vila Casoni,2,54,1,1,195000
Jardim Shangri-la A,3,400,2,3,1385000
Jardim Higienópolis,3,80,1,2,386000
Marabá,3,95,3,2,190000
Conjunto Habitacional Maria Cecília Serrano de Oliveira,2,70,1,1,190000
Cafezal,3,130,3,2,380000
Conjunto Habitacional José Garcia Molina,2,43,1,1,160000
Tucano,4,580,5,5,4400000
Jardim Vilas Boas,3,164,1,1,520000
Colinas,2,100,2,1,270000
Brasília,3,250,3,2,600000
Colinas,2,58,1,1,170000
Santa Rosa,3,245,3,5,2690000
Brasília,3,110,2,3,504000
Gleba Ribeirão Limeiro,2,43,1,1,210000
Vitória,3,69,1,2,450000
Mediterrâneo,5,500,5,5,3500000
Jardim dos Estados,3,148,2,3,600000
Portal de Versalhes 2,2,152,2,2,650000
Jardim Presidente,2,160,2,2,740000
Conjunto Habitacional José Garcia Molina,3,200,1,4,590000
Guanabara,3,148,3,2,1200000
Maria Lúcia,3,135,2,2,410000
Jardim Morumbi,4,140,4,4,849000
Centro,3,89,1,2,330000
Olímpico,2,45,1,1,199000
Brasília,3,65,1,1,225000
Vale dos Tucanos,3,64,1,1,190000
Brasília,3,84,2,2,817000
Terra Bonita,3,80,1,2,866330
Centro,3,164,1,1,450000
Conjunto Habitacional Alexandre Urbanas,3,150,4,4,990000
Jardim Neman Sahyun,3,135,1,1,350000
Vila Larsen 1,3,89,1,3,315000
Alto da Boa Vista,3,150,2,1,580000
Conjunto Residencial Marajoara,2,45,1,1,198000
Jardim Vilas Boas,3,68,1,1,215000
Gleba Ribeirão Limeiro,2,46,1,1,270000
Centro,3,147,2,3,680000
Conjunto Habitacional Alexandre Urbanas,3,100,2,1,256883
Califórnia,3,184,4,3,625000
Petrópolis,3,78,1,2,620000
Brasília,3,175,4,4,1300000
Jardim Morumbi,3,231,4,4,1600000
Centro,3,78,1,2,270000
Jardim Ilha do Mel,4,183,4,3,650000
Gleba Fazenda Palhano,3,216,3,1,2200000
Terra Bonita,2,97,1,2,1030000
Terra Bonita,4,360,4,5,1780000
Jardim dos Estados,2,80,2,2,325000
Centro,2,55,1,1,181000
Gleba Fazenda Palhano,3,122,2,2,1400000
Gleba Fazenda Palhano,2,72,2,2,645000
Aurora,3,69,1,2,450000
Centro,3,130,2,2,472000
Gleba Fazenda Palhano,2,74,1,2,740000
Jardim Palermo,2,62,1,2,200000
Centro,2,66,1,2,300000
Jardim Maria Celina,2,47,1,1,165000
Conjunto Habitacional Alexandre Urbanas,3,150,2,1,1050000
Gleba Fazenda Palhano,3,142,2,4,1700000
São Pedro,2,54,1,1,180000
Centro,3,110,1,3,520000
Terra Bonita,3,73,1,1,430000
Gleba Fazenda Palhano,3,165,2,4,1890000
Esperança,3,219,2,5,1800000
Operária,3,236,4,4,1500000
Aurora,3,69,1,2,500000
Brasília,3,197,4,4,1590000
Champagnat,3,385,4,3,1450000
Parque Residencial Joaquim Toledo Piza,3,148,1,1,450000
Colinas,3,87,1,1,365000
Gleba Fazenda Palhano,3,100,2,2,1150000
Centro,1,43,1,1,220000
Gleba Fazenda Palhano,4,230,3,4,1750000
Centro,3,116,1,2,500000
Brasília,3,255,5,5,590000
Jardim Morumbi,2,44,1,1,260000
Colina Verde,3,420,5,4,3100000
Andes,3,86,2,1,400000
Brasília,3,90,1,2,220000
Califórnia,4,285,5,3,950000
Centro,3,111,1,3,280000
Maringá,3,264,3,3,800000
Brasília,2,490,2,3,509000
Gleba Fazenda Palhano,3,65,1,1,310000
Andrade,3,72,1,2,499000
Gleba Fazenda Palhano,2,74,2,1,720000
Terra Bonita,4,298,2,4,2300000
Gleba Fazenda Palhano,3,186,2,4,1934999
Conjunto Semiramis Barros Braga,3,104,1,1,220000
Jardim Tarumã,3,148,4,2,795000
Parigot de Souza 2,2,45,1,1,230000
Jardim Oriente,2,150,3,1,540000
Brasília,3,86,2,2,742000
Centro,3,87,1,3,385000
Centro,3,122,1,3,360000
Heimtal,3,110,1,2,540000
Residencial Quadra Norte,3,140,2,1,380000
Olímpico,3,183,2,3,1250000
Messiânico,3,135,2,3,550000
Jardim Montecatini,2,69,2,1,325000
Vale dos Tucanos,3,55,1,1,163000
Centro,3,65,1,2,460000
Terra Bonita,4,333,4,4,2100000
Brasília,3,155,2,2,320000
Gleba Fazenda Palhano,2,87,2,2,929000
Cafezal,3,230,1,2,850000
Conjunto Habitacional Santiago II,3,140,2,2,510000
Jardim Shangri-la A,2,55,1,2,390000
Leonor,3,286,2,2,695000
Gleba Fazenda Palhano,2,58,1,2,670000
Tietê,3,67,1,1,170000
Jardim São Paulo II,3,48,1,1,185000
Centro,3,128,2,4,890000
Gleba Fazenda Palhano,3,75,2,2,670000
Tarobá,2,100,3,1,235000
Brasília,3,115,2,2,712000
Jardim Esperança,3,132,2,2,430000
Guanabara Parque Boulevard,3,104,2,3,1100000
Esperança,3,280,4,4,2250000
Bela Vista,3,120,2,1,400000
Centro,3,120,1,3,379150
Esperança,3,335,2,5,3590000
Vale dos Tucanos,3,56,1,1,170000
Ideal,3,110,2,1,320000
Gleba Fazenda Palhano,2,47,1,1,268000
Centro,4,241,3,2,1500000
Residencial Professora Madalena Cardoso,2,53,1,1,139800
Jardim Colúmbia D,3,120,2,2,415000
Brasília,3,89,2,2,450000
Brasília,2,46,1,1,160000
Jardim Presidente,3,71,2,2,735000
Gleba Fazenda Palhano,4,410,4,5,3800000
Aquilles Sthengel,3,80,1,1,175000
Gleba Fazenda Palhano,3,215,2,4,1980000
Gleba Simon Frazer,4,160,5,3,750000
Leonor,2,45,1,1,150000
Centro,2,65,2,2,430000
Jardim Neman Sahyun,3,150,1,1,650000
Bela Suiça,5,470,5,5,2400000
Jardim Montecatini,2,78,1,1,320000
Centro,2,58,1,2,260000
Aquilles Sthengel,3,156,2,2,250000
Parque Residencial Michael Licha,3,95,2,2,395000
Brasília,2,56,1,1,125000
Recanto do Salto,4,2096,5,5,4700000
Jardim Aliança,2,81,1,1,260000
Brasília,3,98,2,3,585000
Gleba Fazenda Palhano,2,46,1,1,295000
Jardim Monte Sinai,3,137,5,3,570000
Parque Residencial Michael Licha,3,84,2,2,350000
Bela Suiça,4,333,4,5,4500000
Conjunto Habitacional Doutor Farid Libos,2,48,1,1,180000
Brasília,3,60,1,1,230000
Santa Rosa,3,274,3,4,3500000
Cambezinho,4,240,2,4,430000
Brasília,2,47,1,1,195000
Conjunto Habitacional Santiago II,3,140,2,2,510000
Antares,3,72,2,2,380000
Mediterrâneo,5,549,5,5,3000000
Centro,4,230,2,5,1100000
Jardim Colúmbia D,2,60,1,1,260000
Parque Residencial Joaquim Toledo Piza,2,47,1,1,260000
Vila Brasil,2,55,1,2,399900
Centro,1,30,1,1,220000
Conjunto Habitacional Alexandre Urbanas,2,140,4,3,960000
Gleba Fazenda Palhano,3,181,3,4,1950000
Jardim Santa Cruz,2,47,1,1,150000
Jardim Graziela,3,85,1,2,450000
Gleba Simon Frazer,3,140,2,4,1150000
Colúmbia,1,84,2,2,480000
Centro,1,231,2,3,890000
Aurora,3,69,1,2,499370
Vila Shimabokuro,2,59,1,1,245000
Centro,3,160,1,1,500000
Leonor,3,179,3,1,250000
Parque Jamaica,2,48,1,2,290000
Jardim Maria Celina,2,47,1,1,139900
Centro,3,63,1,2,240000
Esperança,4,180,4,3,1590000
Gleba Fazenda Palhano,3,151,2,1,1800000
Paraíso,2,66,4,1,190000
Jardim do Leste,3,129,1,1,380000
Brasília,3,68,1,2,535300
Portal de Versalhes 2,3,167,5,2,690000
Centro,3,103,1,2,465000
Parque Jamaica,2,46,1,1,180000
Aurora,3,70,1,2,530000
Centro,2,78,1,2,390000
Terra Bonita,3,125,3,2,850000
Heimtal,2,70,2,1,249000
Parque Residencial Joaquim Toledo Piza,3,79,2,2,380000
Petrópolis,3,78,1,2,620000
Conjunto Novo Amparo,3,80,1,2,100000
Jardim Moema,2,70,1,1,254650
Conjunto Café,3,99,1,1,295000
Centro,4,295,2,5,890000
Centro,4,331,2,3,1350000
Centro,3,106,1,2,480000
Tietê,3,49,1,1,160000
Centro,3,106,1,3,480000
Brasília,3,125,1,1,277500
Mediterrâneo,3,251,4,2,1700000
Olímpico,3,169,2,4,1350000
Centro,3,128,2,4,1425000
Gleba Simon Frazer,2,128,2,2,399000
Jardim Nações Unidas,3,82,1,2,450000
Residencial José Lázaro Gouvea,3,70,1,2,550000
Jardim das Américas,2,58,1,1,215000
Gleba Fazenda Palhano,2,81,2,2,800000
Jardim dos Estados,4,328,2,2,400000
Centro,3,65,2,2,425000
Esperança,3,152,2,3,1299000
Jardim Vale Azul,1,125,1,1,130000
Jardim Planalto,3,162,2,2,598000
Leste Oeste,3,128,2,2,180000
Loteamento Chamonix,3,115,1,1,870000
Brasília,3,149,4,5,1330000
Gleba Fazenda Palhano,4,346,4,5,5208000
Conjunto Semiramis Barros Braga,5,160,2,3,300000
Gleba Fazenda Palhano,3,130,2,4,1350000
Alto da Colina,2,39,1,1,195000
Centro,2,55,1,1,215000
Gleba Fazenda Palhano,3,103,2,3,1190000
Barra Grande,3,191,5,3,800000
Ouro Verde,2,45,1,1,170000
Vila A B Vicentini,3,130,4,1,240000
Cidade Industrial 2,2,46,1,1,265000
Brasília,3,147,2,4,950000
Gleba Fazenda Palhano,2,75,2,2,760000
Leonor,3,255,2,3,750000
Guanabara,4,388,4,5,6950000
Gleba Fazenda Palhano,2,82,2,3,852450
Parque Residencial Michael Licha,3,93,2,2,395000
Conjunto Residencial Itamaraty,3,72,1,1,220000
Paraíso,2,44,1,1,170000
Santa Rosa,2,69,1,2,595000
Gleba Fazenda Palhano,3,111,2,3,1320000
Vila Siam,3,70,1,2,500000
Jardim Burle Marx,3,130,2,2,780000
Centro,2,60,1,2,280000
Vitória,3,69,1,2,659000
Jerumenha,3,156,1,1,530000
Cidade Industrial 2,2,43,1,1,195000
Taliana,2,45,1,1,170000
Brasília,3,111,2,3,1166000
Jardim Planalto,3,111,3,2,531680
Conjunto Habitacional Doutor Farid Libos,2,55,1,1,179700
Centro,3,66,1,1,260000
Conjunto Habitacional Santiago II,3,120,2,1,430000
Vivendas do Arvoredo,3,192,3,5,2695000
Gleba Fazenda Palhano,1,52,1,2,595000
Esperança,4,329,4,5,2750000
Gleba Fazenda Palhano,2,45,1,1,270000
Jardim Morumbi,3,64,1,1,440000
Rodocentro,4,347,4,5,5495000
Vitória,3,71,2,2,735000
Aeroporto,2,130,2,2,545000
Gleba Fazenda Palhano,4,410,4,5,3600000
Gleba Fazenda Palhano,2,54,1,1,390000
Califórnia,3,94,3,3,399000
Gleba Fazenda Palhano,3,126,3,4,1490000
Centro,3,90,1,3,620000
Gleba Fazenda Palhano,2,54,1,1,395000
Brasília,3,70,1,2,290000
Vila Shimabokuro,1,35,1,1,160000
Esperança,3,145,2,3,1250000
Colúmbia,2,50,1,1,205000
Nikko,3,151,2,4,1600000
Residencial José Lázaro Gouvea,3,317,2,3,3500000
Jardim Santa Cruz,3,58,1,1,180000
Quebec,4,261,4,2,1100000
Gleba Fazenda Palhano,2,47,1,1,300000
Jardim Europa,3,67,1,1,200000
Jardim Presidente,3,71,1,2,660000
Gleba Fazenda Palhano,2,44,1,1,250000
Alto da Colina,1,30,1,1,130000
Antares,3,142,4,2,600000
Jardim Jóquei Club,3,108,2,3,630000
Jardim Burle Marx,4,300,4,4,1690000
Gleba Fazenda Palhano,3,77,1,2,530000
Gleba Fazenda Palhano,3,155,2,5,1900000
Conjunto Farid Libos,3,70,2,2,270000
Paraíso,2,46,1,1,155000
Terra Bonita,3,70,1,2,530000
Jardim Portal dos Pioneiros,3,95,2,1,480000
Conjunto Café,3,160,2,1,395000
Vila Filipin,2,48,1,1,210000
Aurora,2,56,2,1,450000
Jardim Colúmbia D,3,174,4,2,750000
Jardim São Tomás,2,58,1,1,250000
Conjunto Farid Libos,3,127,2,1,270000
Heimtal,3,51,1,1,279000
Brasília,5,384,5,5,2499000
Vivendas do Arvoredo,5,345,4,5,4990000
Centro,3,130,2,2,472000
Nossa Senhora de Lourdes,2,81,1,2,300000
Gleba Simon Frazer,3,238,4,4,1980000
Jardim Morumbi,2,150,2,2,550000
Esperança,5,280,4,5,3500000
Conjunto Habitacional Jamile Dequech,2,43,1,1,200000
Jardim Novo Sabará,3,200,1,2,470000
Guanabara,4,378,4,5,7200000
Vila Fujita,4,313,5,4,1400000
Conjunto Vivi Xavier,2,104,2,1,240000
Brasília,2,70,1,1,220000
Vitória,3,71,2,2,620000
Esperança,3,154,2,3,1450000
Jardim das Palmeiras,2,68,2,1,245000
Santa Rosa,3,122,2,3,1090000
Residencial José B Almeida,2,65,1,2,295000
Ouro Verde,2,45,1,1,195000
Conjunto Habitacional Alexandre Urbanas,4,219,2,4,1790000
Vila Ipiranga,2,61,1,2,371000
Loteamento Chamonix,2,144,2,3,669330
Jardim São Jorge,3,159,2,5,1970000
Champagnat,3,58,2,1,398000
Gleba Fazenda Palhano,3,79,1,2,565000
Esperança,5,480,3,5,7800000
Aurora,3,133,2,2,1080000
Vila Filipin,2,53,1,1,230000
Conceição,3,87,1,2,449000
Jardim Londrilar,3,205,3,5,1550000
Gleba Fazenda Palhano,2,44,1,1,270000
Centro,3,133,1,3,580000
Jardim Morumbi,2,50,1,1,436100
Shangri-lá,1,106,3,2,460000
Bandeirantes,2,350,5,1,780000
Centro,4,208,2,5,1300000
Brasília,3,130,2,2,240000
Jardim União da Vitória,2,80,2,2,210000
Jardim Morumbi,2,44,1,1,260000
Gleba Fazenda Palhano,3,216,3,5,3200000
Colonial,4,2598,4,5,4900000
Jardim Maria Luiza,2,44,1,1,180000
Lago Parque,3,330,5,4,4000000
Brasília,4,80,2,2,225000
Vale dos Tucanos,3,56,1,1,160000
São Vicente,3,65,1,1,457600
Portal de Versalhes 1,3,156,2,2,650000
Jardim Moema,3,71,1,1,290000
Parigot de Souza 2,3,98,1,2,155000
Gleba Fazenda Palhano,3,173,3,4,1705000
Jardim Montecatini,3,168,4,3,1300000
Jardim Europa,3,77,2,2,385000
Brasília,2,53,1,1,181000
Caravelle,3,398,4,3,1200000
Terras de Santana II,3,300,4,5,2950000
Jardim Palmares,3,136,1,2,450000
Centro,2,51,1,1,370000
Parque Residencial Michael Licha,3,95,2,2,393440
Jardim Santos Paulo,3,111,1,3,510000
Jardim Aliança,2,65,1,1,239000
Vila Ipiranga,3,70,2,2,550000
Veraliz,3,143,2,3,639000
Gleba Fazenda Palhano,3,81,2,2,770000
Gleba Fazenda Palhano,3,79,2,2,640000
Gleba Fazenda Palhano,2,103,2,3,950000
Bela Vista,3,150,1,2,650000
Residencial Veneza,3,200,3,2,420000
Petrópolis,3,286,4,4,1180000
Dom Pedro I,3,106,1,1,510000
Gleba Simon Frazer,3,214,2,3,1690000
Esperança,3,200,4,4,1390000
Gleba Fazenda Palhano,3,95,2,2,990000
Parque Jamaica,3,70,1,1,210000
Gleba Fazenda Palhano,3,139,2,3,1595000
Aurora,3,70,1,2,580000
Antares,3,65,1,1,235000
Esperança,5,497,4,5,7000000
Gleba Simon Frazer,3,157,2,2,1300000
Santa Rosa,3,182,2,5,2180000
Vila Siam,3,71,1,2,670000
Gleba Fazenda Palhano,3,124,2,2,990000
Vila Brasil,4,193,5,3,700000
Conjunto Habitacional Alexandre Urbanas,3,230,4,4,1800000
Centro,2,51,1,1,399000
Gleba Fazenda Palhano,2,133,2,3,1575000
Centro,3,92,1,2,479000
Jardim Strass,2,70,2,1,247000
Vila Fujita,4,126,2,1,750000
Bela Suiça,3,156,3,4,1700000
Antares,3,135,4,2,650000
Gávea,3,122,2,3,580000
Conjunto Semiramis Barros Braga,2,130,2,1,150000
Gleba Fazenda Palhano,3,185,2,5,1680000
Jardim Burle Marx,3,140,2,3,1200000
Heimtal,3,80,2,2,320000
Brasília,3,140,2,4,1150000
Parque Jamaica,3,70,1,2,505000
Ideal,2,133,2,2,298000
Andrade,4,396,4,5,1810000
Jardim Agari,3,131,1,2,220000
Conjunto Café,2,80,1,2,310000
Boa Vista,3,240,2,4,2000000
Amaro,3,160,3,2,600000
Gleba Fazenda Palhano,3,83,2,1,750000
Aeroporto,2,52,1,1,223000
Gleba Fazenda Palhano,3,125,2,2,1200000
Centro,3,71,1,2,550000
Olímpico,3,125,2,3,895000
Brasília,5,478,5,3,780000
Centro,1,35,1,1,195000
Vila Larsen 1,3,140,5,2,700000
Brasília,2,42,1,1,185000
Terra Bonita,3,84,2,2,840000
Cidade Industrial 2,2,51,1,1,180000
Ideal,3,71,2,1,270000
Jardim Santa Cruz,3,70,1,1,134999
Centro,3,109,1,1,430000
Jardim Higienópolis,3,293,4,2,550000
Jardim Barcelona,2,56,3,1,170000
Colinas,2,63,1,2,320000
Gleba Fazenda Palhano,2,81,2,2,890000
Jardim Moema,2,125,1,1,300000
Conjunto Habitacional Alexandre Urbanas,3,81,1,2,399000
Jardim Oscavo Santos,3,85,3,2,380000
Jardim Santa Alice,3,236,5,3,750000
Santa Rosa,3,104,2,2,1190000
Centro,3,64,1,2,450000
Gleba Simon Frazer,3,80,2,2,450000
Brasília,3,200,2,3,650000
Gleba Fazenda Palhano,3,111,2,2,1370000
Vivendas do Arvoredo,3,178,1,1,2990000
Conjunto Semiramis Barros Braga,3,200,3,2,550000
Esperança,3,270,4,5,1790000
São Vicente,3,49,1,1,430000
Brasília,4,116,5,2,410000
Jardim Morumbi,3,63,1,2,360000
Terra Bonita,2,70,1,1,595000
Brasília,2,45,1,1,205000
Marumbi,2,47,1,1,140000
Vale dos Tucanos,2,45,1,1,180000
Santa Rosa,3,245,3,5,2400000
Jardim Novo Sabará,3,200,4,2,1180000
Centro,3,65,1,1,300000
Centro,2,83,1,1,210000
Jardim Maria Celina,2,40,1,1,220000
Bela Suiça,3,232,3,5,2600000
Centro,4,273,5,3,901000
Mediterrâneo,5,467,5,5,2950000
Aurora,3,69,1,2,365000
Bela Suiça,3,70,1,2,499999
Centro,2,87,1,3,280000
Leonor,3,110,2,2,390000
Centro,2,63,1,2,270000
Centro,3,90,2,2,435000
Lindóia,3,178,2,3,449390
Vivendas do Arvoredo,4,400,5,5,6500000
Jardim Esperança,3,98,1,1,430000
Paraíso,2,49,1,1,185000
Ouro Verde,3,67,1,2,300000
Centro,3,191,2,4,950000
Jardim Presidente,5,370,5,5,2500000
Brasília,3,187,4,4,1800000
Ouro Verde,2,45,1,1,170000
Aurora,3,63,2,2,500000
Gleba Fazenda Palhano,3,173,2,5,1930000
Gleba Fazenda Palhano,2,89,2,2,860000
Santa Mônica,2,151,2,3,690000
Parque Residencial Joaquim Toledo Piza,2,141,1,1,250000
Parque Jamaica,3,57,1,1,130000
Cafezal,3,160,3,3,790000
Esperança,4,312,4,5,3500000
Sabará III,2,66,1,2,299000
Centro,3,81,1,2,680000
Jardim Maria Luiza,2,46,1,1,175000
Paraíso,2,47,1,1,180000
Jardim Central Park,3,514,5,4,3400000
Gleba Fazenda Palhano,3,83,2,2,650000
Brasília,2,72,1,1,265000
Gleba Fazenda Palhano,2,47,1,1,340000
Jardim do Leste,3,153,2,2,670000
Jardim Agari,2,92,1,2,400000
Centro,3,70,1,2,250000
Jardim Burle Marx,3,137,2,2,790000
Lago Parque,3,365,5,1,2450000
Parque Residencial Elizabeth,3,88,2,1,320000
Andrade,2,124,2,2,1280000
Brasília,3,260,4,2,650000
Colina Verde,3,410,5,4,3100000
Nova Olinda,2,56,1,1,120000
Jardim Bandeirantes,2,54,1,1,178000
Jardim Paris,2,100,3,1,266000
Terra Bonita,3,66,2,2,430000
Recanto do Salto,5,360,5,5,3500000
Nova Olinda,2,50,1,1,150000
Colúmbia,2,150,5,1,600000
Gleba Fazenda Palhano,3,221,4,4,2490000
Centro,2,75,1,2,375000
Esperança,3,195,4,5,1400000
Centro,3,74,1,2,580000
Interlagos,3,110,3,1,620000
Terra Bonita,2,79,2,2,890000
Perobinha,2,49,1,1,145000
Operária,5,400,4,5,1750000
Colúmbia,3,83,1,2,375000
Gleba Fazenda Palhano,3,126,2,4,1450000
Santa Mônica,4,400,4,5,1200000
Gleba Fazenda Palhano,3,113,2,2,850000
Cafezal,3,300,1,1,690000
Esperança,4,451,4,5,4500000
Jardim Alah,2,55,1,1,330000
Brasília,3,105,2,1,480000
Jardim Monte Sinai,3,119,2,3,420000
Brasília,3,80,2,2,371000
Vivendas do Arvoredo,3,178,4,5,2990000
Nikko,3,198,3,5,2520000
Jardim São Paulo II,3,60,2,1,260000
Jardim Ilha do Mel,2,70,1,1,190000
Lago Parque,3,280,4,5,1150000
Gleba Fazenda Palhano,3,96,2,2,665000
Centro,4,405,3,5,1950000
Esperança,3,287,4,4,3400000
Brasília,3,63,1,1,150000
Gleba Fazenda Palhano,3,86,2,2,820000
Luiz de Sá,3,75,2,2,180000
Caiçaras,4,549,5,5,4700000
Gleba Fazenda Palhano,3,181,2,4,2500000
Hedy,3,264,5,3,1550000
Jardim Jóquei Club,1,35,1,1,181000
Jardim Pequena Londres,3,80,1,1,285000
Lagoa Dourada,2,55,1,1,140000
Jardim Alah,4,416,4,3,1200000
Aurora,2,64,1,2,500000
Gleba Fazenda Palhano,3,173,2,4,1690000
Brasília,3,83,2,2,435000
Colúmbia,3,97,2,2,398000
Colúmbia,3,150,2,2,397500
Parque Jamaica,3,120,2,2,680000
Alpes,3,170,3,1,400000
Gleba Fazenda Palhano,3,216,3,3,3200000
Jardim Santo André,2,56,2,1,220000
Jardim Montecatini,3,146,2,3,1150000
Gleba Ribeirão Limeiro,2,40,1,1,245000
Gleba Fazenda Palhano,3,113,2,2,990000
Brasília,5,500,1,5,3990000
Bela Suiça,4,419,4,5,5200000
Pacaembu,3,90,1,2,320000
Armindo Guazzi,2,104,1,1,440000
Cidade Industrial 2,2,44,1,1,175000
Colinas,2,44,1,1,210000
Jardim Monções,3,170,1,1,680000
Conjunto Habitacional Alexandre Urbanas,3,215,2,4,1650000
Ernani Moura Lima,3,150,3,2,375000
Gleba Fazenda Palhano,3,130,2,3,1190000
Nossa Senhora de Lourdes,3,85,1,2,650000
Centro,2,57,1,2,285000
Gleba Fazenda Palhano,3,129,2,2,1100000
Quebec,4,300,2,4,900000
Califórnia,3,70,1,1,330000
Brasília,3,190,2,3,680000
Residencial Quadra Norte,2,256,2,2,130000
Conjunto Habitacional Alexandre Urbanas,3,150,2,4,990000
Parque Residencial Joaquim Toledo Piza,3,135,2,2,695000
Jardim Itatiaia 2,3,171,4,2,1200000
Gleba Fazenda Palhano,2,103,2,3,995000
Centro,2,62,1,1,255000
Aragarça,3,74,2,2,300000
Gleba Fazenda Palhano,2,46,1,1,315000
Jardim Tókio,3,58,1,1,210000
Gleba Fazenda Palhano,2,103,3,2,1299000
Centro,1,40,1,1,290000
Waldemar Hauer,3,134,3,3,460000
Jardim Oriente,3,200,3,3,695000
Santa Rosa,4,207,3,4,2400000
Vila Filipin,2,62,1,1,265000
Heimtal,3,112,2,3,585000
Gleba Fazenda Palhano,2,74,1,2,662000
Nossa Senhora de Lourdes,2,48,1,2,290000
Centro,4,323,3,5,1585000
Jardim Presidente,3,71,2,2,619000
Jardim Maria Luiza,2,44,1,1,180000
Jardim Presidente,4,224,4,3,1290000
Vila Larsen 1,3,90,1,2,366000
Brasília,5,249,5,3,600000
Jardim Maravilha,2,43,1,1,100000
Bela Vista,3,190,3,2,850000
Brasília,3,75,1,1,350000
Jardim das Palmeiras,2,75,2,1,295000
Vila Ipiranga,2,66,1,1,405000
Shangri-lá,3,107,3,3,460000
Granville Parque Residencial,3,294,4,2,1600000
Santa Rosa,3,245,3,4,3550000
Brasília,2,42,1,1,191000
Conjunto Habitacional Alexandre Urbanas,3,174,2,1,560000
Gleba Fazenda Palhano,2,84,2,3,910000
Terra Bonita,2,62,3,2,580000
Esperança,3,260,4,3,2200000
Gleba Fazenda Palhano,3,146,2,1,1704000
Nova Olinda,3,141,1,1,450000
Brasília,2,45,1,1,160000
Veraliz,4,150,2,3,570000
Conjunto Habitacional Alexandre Urbanas,3,180,2,2,510000
Parque Residencial Alcântara,4,300,2,4,1550000
Champagnat,3,139,2,3,350000
Brasília,3,250,2,3,1442000
Gleba Fazenda Palhano,2,70,1,2,650000
Gleba Fazenda Palhano,3,216,4,5,2500000
Maringá,3,68,1,2,420000
Santa Rita 1,3,119,3,3,500000
Centro,1,57,2,2,430000
Jardim Novo Sabará,2,45,1,1,122000
Santa Rosa,3,323,4,4,3850000
Jardim Itapoá,3,130,3,2,550000
Aurora,2,64,1,2,630000
Aquilles Sthengel,4,230,2,3,450000
Esperança,3,287,4,4,3400000
Gleba Fazenda Palhano,3,215,3,4,1900000
Bandeirantes,3,80,1,2,420000
Jardim São Paulo,2,50,1,1,120000
Vivendas do Arvoredo,4,272,4,5,2920000
Vila Siam,3,70,1,2,575000
Santa Rosa,3,323,4,4,4000000
Jardim Vale Verde,5,450,4,4,1400000
Jardim Burle Marx,3,131,3,4,800000
Jardim Colúmbia D,3,149,2,1,335000
Vila Brasil,3,66,1,1,420000
Parque Residencial Alcântara,3,265,4,5,2200000
Gleba Fazenda Palhano,3,151,2,3,2190000
Gleba Simon Frazer,3,195,4,4,1400000
Conjunto Habitacional Santiago II,3,55,1,1,300000
Centro,3,83,1,2,330000
Brasília,2,64,1,1,190000
Califórnia,5,127,2,4,597000
Heimtal,2,64,3,1,285000
Parque Jamaica,3,147,2,2,780000
Brasília,3,120,1,2,370000
Terras de Santana II,4,316,2,5,2500000
Centro,3,91,1,2,450000
Portal de Versalhes 2,4,306,2,4,800000
Jardim Montecatini,3,75,2,2,410000
Judith,3,79,2,2,650000
Recanto do Salto,4,311,2,4,3200000
Terra Bonita,2,69,1,2,470000
Brasília,3,144,2,3,1200000
Gleba Fazenda Palhano,3,70,2,2,500000
Lindóia,3,200,2,4,970000
Jardim Planalto,3,111,2,2,560000
Gleba Fazenda Palhano,3,79,2,1,570000
Santos Dumont,3,196,4,3,480000
Vale dos Tucanos,4,300,5,3,2700000
Perobinha,2,46,1,1,213400
Gleba Fazenda Palhano,2,146,1,3,1722100
Centro,3,227,2,3,800000
Gleba Fazenda Palhano,3,103,2,3,1199000
Brasília,3,56,1,1,165000
Guanabara Parque Boulevard,3,104,2,2,1110000
Jardim Pioneiros,3,71,2,2,290000
Marumbi,3,80,3,2,296000
Guanabara Parque Boulevard,3,104,2,3,1035000
Gleba Fazenda Palhano,3,75,1,2,595000
Califórnia,3,55,1,1,180000
Vila Ziober,2,51,1,1,159900
Conjunto Habitacional Saltinho,2,115,1,1,210000
Aurora,2,64,2,2,480000
Santa Rita 1,2,60,2,1,250000
Centro,3,147,2,3,680000
Jardim São Tomás,3,250,3,2,390000
Cafezal,3,140,3,3,620000
Jardim Alvorada,3,240,1,2,700000
Andrade,3,72,1,2,590000
Brasília,3,150,2,1,399900
Centro,2,250,2,2,300000
Coliseu,3,285,4,3,800000
Brasília,3,140,4,3,420000
Brasília,2,56,1,1,147000
Jardim Morumbi,3,190,2,4,450000
Gleba Fazenda Palhano,2,74,1,2,540000
Parigot de Souza 2,2,52,1,1,179000
Gleba Fazenda Palhano,3,78,2,2,649670
Nossa Senhora de Lourdes,2,96,1,2,250000
Jardim Londrilar,4,176,4,4,2100000
Portal de Versalhes 1,1,38,1,1,160000
Conjunto Residencial Marajoara,2,45,1,1,150000
Gleba Fazenda Palhano,3,111,2,2,1348200
Alto da Colina,2,53,1,1,200000
Leonor,2,47,1,1,240000
Guanabara Parque Boulevard,3,104,2,3,1100000
Vivendas do Arvoredo,4,338,4,5,5164000
Centro,3,82,1,2,420000
Judith,4,600,5,4,3000000
Gleba Fazenda Palhano,3,216,3,4,2270000
Conjunto Habitacional Alexandre Urbanas,3,120,2,1,250000
Ideal,2,46,1,1,195000
Gleba Fazenda Palhano,3,91,2,3,800000
Centro,3,64,1,2,470000
Gleba Simon Frazer,4,255,4,5,1750000
Gleba Fazenda Palhano,3,165,2,4,1950000
Santa Rosa,2,98,2,3,965000
Parque Residencial Joaquim Toledo Piza,4,140,3,3,375000
Jardim América,2,62,1,2,290000
Gleba Simon Frazer,4,211,4,5,1650000
Centro,3,68,2,1,380000
Recanto do Salto,3,298,5,5,3000000
Aurora,3,68,1,2,577000
Jardim São Tomás,3,82,2,2,350000
Vivendas do Arvoredo,3,178,4,5,2990000
Bancários,3,290,3,4,750000
Gleba Fazenda Palhano,2,45,1,1,269000
Gleba Fazenda Palhano,3,75,1,2,675000
Guanabara Parque Boulevard,3,104,3,2,1150000
Jardim Alvorada,4,450,5,5,2200000
Conjunto Habitacional José Garcia Molina,2,45,1,1,220000
Gleba Fazenda Palhano,3,139,2,3,1590000
Residencial Quadra Norte,3,100,2,1,380000
Centro,3,107,1,4,350000
Colinas,2,47,1,1,230000
Gleba Fazenda Palhano,2,70,1,2,660000
Vila Ipiranga,1,38,1,1,160000
Gleba Fazenda Palhano,3,64,1,2,470000
Brasília,3,390,4,2,380000
Pacaembu,3,84,2,2,399400
Bela Suiça,5,590,5,3,4900000
Centro,3,133,1,3,580000
Aurora,2,75,1,2,589000
Parque Jamaica,3,162,4,3,1400000
Conjunto Habitacional Alexandre Urbanas,4,238,2,4,1800000
Brasília,2,67,1,1,195000
Centro,3,109,1,2,435000
Vale dos Tucanos,3,74,1,2,550000
Colúmbia,3,84,2,2,479470
Centro,3,71,1,2,350000
Jardim Palermo,2,79,2,1,250000
Jardim São Paulo II,2,48,1,1,220000
Centro,3,127,2,3,750000
Gleba Fazenda Palhano,3,114,2,3,980000
Centro,3,234,2,3,1200000
Parque Jamaica,3,67,1,2,420000
Lima Azevedo,4,160,2,3,750000
Gleba Simon Frazer,3,195,2,4,1150000
Universitário,3,108,4,2,667000
Judith,3,79,1,2,450000
Champagnat,3,260,2,2,1100000
Brasília,3,85,1,2,310000
Gleba Fazenda Palhano,3,195,2,5,2243000
Parque Residencial Joaquim Toledo Piza,3,130,2,2,695000
Colúmbia,3,121,1,3,460000
Centro,4,333,2,3,1190000
Brasília,3,60,1,1,300000
Centro,3,78,1,2,590000
São Vicente,3,65,1,1,450000
Conjunto Habitacional Alexandre Urbanas,3,144,2,3,1100000
Gleba Fazenda Palhano,3,87,2,2,700000
Conjunto Habitacional Alexandre Urbanas,3,140,2,4,1172000
Jardim São Paulo II,2,48,1,1,190000
Colúmbia,2,50,1,1,146953
Jardim Guararapes,3,175,2,2,550000
Centro,4,232,2,3,890000
Jardim Tarumã,5,181,5,3,720000
Conjunto Habitacional Alexandre Urbanas,3,81,2,2,399000
Jardim Planalto,3,105,2,3,375000
Chácaras Pietraróia,3,115,1,1,280000
Cidade Industrial 2,2,40,1,1,260000
Centro,3,106,1,3,480000
Colina Verde,3,406,5,5,3100000
Colúmbia,3,84,2,2,490000
Gleba Fazenda Palhano,3,122,2,4,1300000
Jardim Portal de Itamaracá,3,117,2,2,610000
Cidade Industrial 2,2,46,1,1,165000
Gleba Fazenda Palhano,3,173,2,5,1930000
Gleba Fazenda Palhano,2,45,1,1,247000
Jardim Europa,3,150,2,2,950000
Esperança,4,400,3,5,3600000
Gleba Fazenda Palhano,4,225,2,5,980000
Gleba Fazenda Palhano,2,69,2,2,560000
Gleba Fazenda Palhano,3,220,4,5,2450000
Jardim Montecatini,3,92,1,1,365000
Centro,2,58,2,2,425000
Parque Residencial Joaquim Toledo Piza,3,135,2,1,695000
Gleba Fazenda Palhano,3,165,2,3,1900000
Gleba Fazenda Palhano,3,181,4,5,2300000
Heimtal,3,52,1,1,199390
Gleba Fazenda Palhano,2,62,1,2,722450
Leonor,2,46,1,1,180000
Terras de Santana II,3,170,1,2,1500000
Esperança,4,450,4,5,3250000
Gleba Fazenda Palhano,2,49,1,1,250000
Gleba Fazenda Palhano,3,99,2,2,1100000
Cafezal,3,100,1,3,450000
Brasília,3,171,4,3,780000
Brasília,4,110,3,3,456000
Centro,3,70,2,2,595000
Tucano,3,400,2,5,1850000
Maria Lúcia,2,150,3,3,750000
Nikko,3,154,1,3,1600000
Jardim Roveri,3,85,1,2,550000
Jardim Nova Londrina,4,427,4,5,2250000
Esperança,3,151,4,2,1250000
Jardim Montecatini,3,145,4,3,1175000
Paraíso,2,48,1,1,139000
Centro,3,124,5,1,1200000
Centro,2,54,1,1,410000
Jardim Tókio,3,58,1,1,240000
Vila Larsen 1,2,63,1,2,420000
Conjunto Residencial Itamaraty,3,75,1,2,199900
Jardim Santo Antônio,3,98,1,2,186733
Petrópolis,4,267,4,3,1710000
Brasília,2,50,1,1,150000
Colúmbia,2,60,5,1,250000
Jardim Maria Luiza,2,45,1,1,155000
Judith,3,179,2,4,1100000
Jardim Higienópolis,1,55,1,1,390000
Gleba Fazenda Palhano,3,66,1,2,690000
Condomínio Vale do Arvoredo,4,220,4,5,1400000
Veraliz,3,85,2,1,330000
Nova Olinda,2,43,1,1,222000
Vila Ipiranga,2,59,1,1,300000
Brasília,2,70,2,1,350000
Jardim dos Estados,2,75,1,1,295000
Gleba Fazenda Palhano,3,187,2,4,2400000
São Vicente,2,49,1,1,268000
Jardim Prefeito Milton Menezes,3,73,2,2,285000
Jardim Burle Marx,4,172,2,5,850000
Esperança,3,175,4,3,1980000
Pacaembu,4,180,4,4,880000
Leonor,3,110,2,3,390000
Brasília,2,41,1,1,165000
Gleba Fazenda Palhano,3,165,2,3,1500000
Gleba Fazenda Palhano,2,46,1,1,350000
Jardim Athenas,2,125,1,1,240000
Parque Residencial Alcântara,5,470,2,5,2000000
Pacaembu,3,90,1,2,320000
Jardim Burle Marx,3,137,2,2,890000
Jardim São Jorge,5,600,5,5,6000000
Gleba Fazenda Palhano,2,114,2,3,1150000
Residencial Quadra Norte,2,66,3,1,290000
Centro,5,702,4,5,2999190
Terra Bonita,3,234,4,3,1950000
Cidade Industrial 2,2,41,1,1,245000
Brasília,3,114,4,3,380000
Portal de Versalhes 1,1,208,2,1,985000
Conjunto Habitacional Santiago II,3,110,2,2,460000
Cafezal,3,80,5,1,460000
Gleba Ribeirão Limeiro,2,44,1,1,189000
Vitória,4,200,4,3,750000
Andes,3,70,2,1,290000
Centro,3,90,1,2,839900
Centro,3,103,1,2,465000
Brasília,3,232,3,3,850000
Gleba Fazenda Palhano,3,165,2,5,1490000
Gleba Fazenda Palhano,4,514,4,5,3200000
Leonor,3,95,1,2,350000
Lindóia,3,230,5,2,630000
Gleba Fazenda Palhano,3,87,2,2,1190000
Gleba Fazenda Palhano,3,87,2,2,810000
Lindóia,4,178,4,3,450000
Gleba Fazenda Palhano,3,80,2,2,619000
Gleba Simon Frazer,3,199,4,3,1320000
Gleba Fazenda Palhano,2,85,2,3,915000
Gleba Fazenda Palhano,3,120,2,2,1100000
Canaã,5,445,2,4,2000000
Gleba Fazenda Palhano,3,113,2,4,1200000
Los Angeles,5,430,5,5,2000000
Gleba Fazenda Palhano,2,92,2,2,1015000
Parque Residencial Joaquim Toledo Piza,3,271,5,2,1065000
Gleba Fazenda Palhano,2,74,1,2,740000
Terras de Santana II,3,160,4,3,1500000
Industrial,2,89,1,2,520000
Esperança,4,320,4,5,4500000
Brasília,3,83,1,2,350000
Brasília,2,81,2,2,680000
Conjunto Vivi Xavier,2,45,1,1,150000
Terra Bonita,3,84,1,2,872200
Centro,2,64,1,2,440000
Centro,3,164,3,4,960000
Vila Fujita,4,128,2,1,890000
São Vicente,3,108,1,1,265000
Brasília,2,102,4,1,290000
Gleba Fazenda Palhano,3,179,2,5,1750000
Tietê,3,49,1,2,149000
Jardim Itapoá,3,168,4,2,650000
Antares,3,65,1,1,235000
Jardim das Américas,2,43,1,1,195000
Conjunto Habitacional Santiago II,3,69,2,2,335100
Tucano,5,750,5,5,4500000
Brasília,3,80,2,2,371000
Campo Belo,3,107,2,3,500000
Jardim Império do Sol,3,99,1,3,310000
Alto da Boa Vista,2,63,2,1,225000
Hedy,1,35,1,1,210000
Centro,2,69,1,1,230000
Brasília,2,50,1,1,223000
Vânia,3,139,4,1,580000
Vila Siam,3,71,1,2,499000
Judith,3,121,2,3,550000
Jardim Alvorada,3,200,2,2,780000
Gleba Fazenda Palhano,3,103,2,3,1249000
Mediterrâneo,5,400,5,5,1600000
Universitário,3,170,2,3,950000
Paraíso,2,41,1,1,190000
Loteamento Chamonix,3,80,1,2,378100
Centro,2,51,1,1,340000
Conjunto Habitacional Alexandre Urbanas,3,250,4,5,1790000
Moradias do Cabo Frio,3,90,1,1,190000
Coliseu,3,320,4,1,870000
Vivendas do Arvoredo,3,210,2,4,3700000
Vale de San Izidro,2,59,1,2,245000
Jardim Nações Unidas,2,46,1,1,190000
Vila Ipiranga,3,86,1,1,420000
Bandeirantes,2,253,2,1,220000
Jardim Athenas,2,63,1,1,550000
Jardim Maria Celina,2,45,1,1,180000
Ouro Branco,5,500,4,2,980000
Brasília,2,69,2,1,267500
Centro,3,90,2,2,340000
Universitário,3,237,2,3,1490000
Jardim Nova Londrina,5,545,5,5,2099000
Santa Mônica,3,194,5,3,690000
Gleba Fazenda Palhano,3,68,1,2,500000
Parque Residencial Alcântara,3,66,1,1,250000
Gleba Fazenda Palhano,3,173,2,4,1980000
Gleba Fazenda Palhano,3,68,1,2,480000
Campo Belo,4,393,4,4,2650000
Jardim Vilas Boas,3,65,1,1,175000
Jardim São Paulo II,2,44,1,1,120000
Gleba Fazenda Palhano,3,110,2,3,1060000
Jardim Neman Sahyun,3,93,3,2,270000
Parque Residencial Joaquim Toledo Piza,2,63,2,1,315000
Pinheiros,3,162,3,2,500000
Rodocentro,2,57,1,1,138000
Centro,3,66,1,2,240000
Universitário,2,120,2,2,590000
Terras de Santana II,4,280,2,5,1750000
Aeroporto,3,100,4,2,310000
Jardim Shangri-la A,4,302,5,3,1750000
Gleba Fazenda Palhano,2,43,1,1,180000
Gleba Fazenda Palhano,2,62,1,2,615000
Brasília,3,157,2,3,1480000
Gleba Fazenda Palhano,3,70,2,2,650000
Bela Vista,3,77,1,1,310000
Jardim Planalto,3,130,3,2,380000
Jardim Londrilar,3,205,3,4,1550000
Tucano,4,900,5,5,4000000
Brasília,3,88,2,2,445000
Cafezal,3,200,5,3,640000
Gleba Fazenda Palhano,3,185,3,4,2000000
Centro,3,77,1,2,350000
Parque Jamaica,2,48,1,1,180000
Parigot de Souza 2,3,120,2,2,290000
Cidade Industrial 2,2,40,1,1,240000
Brasília,3,86,3,2,430000
Centro,3,125,1,3,530000
Caiçaras,4,298,4,5,1850000
Terra Bonita,2,92,2,3,980000
Cidade Industrial 2,2,49,1,1,290000
Centro,2,330,2,3,1300000
Jardim do Leste,3,160,2,2,595000
Brasília,2,63,1,1,387000
Campo Belo,4,98,1,3,355000
Gleba Fazenda Palhano,2,81,2,1,670000
Recanto do Salto,2,228,2,4,3900000
Vila Casoni,3,300,3,1,650000
Vila Larsen 1,3,160,1,1,395000
Jardim Itapoá,2,70,4,1,280000
Terra Bonita,2,84,2,2,770000
Olímpico,2,127,2,1,180000
Jardim Presidente,4,250,2,2,850000
Terras de Santana II,3,185,4,4,1580000
Brasília,3,123,2,3,476000
Brasília,2,110,1,1,370000
Jardim Burle Marx,3,142,1,3,1090000
Brasília,3,390,4,2,380000
Bandeirantes,3,80,2,2,424440
Esperança,5,360,4,5,3000000
Granville Parque Residencial,3,250,5,3,1600000
Gleba Fazenda Palhano,3,91,2,3,830000
Jardim Nações Unidas,2,47,1,1,200000
Jardim Maria Luiza,2,41,1,1,98963
Brasília,2,56,1,1,380000
Califórnia,3,123,2,4,750000
Centro,3,100,1,3,550000
Petrópolis,3,98,1,1,1100000
Shangri-lá,2,70,2,2,585000
Jardim São Jorge,3,159,3,3,1970000
Santa Rosa,1,274,4,5,4000000
Brasília,3,70,1,2,295000
Jardim São Paulo II,2,45,1,1,198000
Bandeirantes,3,194,2,3,450000
Vila Filipin,3,70,2,2,420000
Gleba Fazenda Palhano,3,236,4,5,3100000
Jardim Maria Luiza,3,113,2,2,489950
Esperança,3,220,2,5,2500000
Granville Parque Residencial,3,320,2,5,1830000
Gleba Fazenda Palhano,2,103,2,3,995000
Alto da Colina,1,33,1,1,130000
Brasília,3,91,2,2,788000
Judith,3,86,1,2,500000
Gleba Fazenda Palhano,3,142,2,4,1580000
Brasília,2,55,1,2,382000
Jardim Burle Marx,4,172,2,5,850000
Conjunto Habitacional Doutor Farid Libos,2,45,1,1,220000
Jardim Londrilar,3,204,3,5,1550000
Centro,3,90,1,3,550000
Terra Bonita,2,62,2,2,650000
Centro,3,139,2,4,650000
Leonor,3,68,2,1,270000
Terra Bonita,4,264,3,2,2500000
Centro,3,148,2,4,1200000
Gleba Fazenda Palhano,3,62,2,2,609210
Residencial Santa Clara,3,192,2,3,1249000
Jardim Barra Forrest,3,180,1,2,380000
Jardim Planalto,4,160,4,3,460000
Parque Residencial Alcântara,3,492,3,5,2980000
Alto da Colina,4,203,2,5,1640000
Perobinha,2,43,1,1,75000
Recanto do Salto,4,461,5,5,4200000
Jardim das Américas,3,58,1,1,250000
Perobinha,2,49,1,1,130000
Aeroporto,3,154,4,3,530000
Arco Íris,3,132,2,1,1050000
Parque Jamaica,2,52,5,1,300000
Recanto do Salto,3,250,4,4,2550000
Brasília,2,41,1,1,220000
Nossa Senhora de Lourdes,2,60,1,2,205000
Parque Residencial Joaquim Toledo Piza,3,135,2,2,695000
Conjunto Habitacional Órion,3,102,4,2,440000
Jardim Vale Verde,3,90,1,2,215000
Antares,3,86,1,2,630000
Centro,3,147,2,3,770000
Jardim Maria Celina,2,47,1,1,165000
Esperança,4,433,5,5,3750000
Centro,2,58,1,1,350000
Conjunto Habitacional Doutor Farid Libos,2,45,1,1,190000
Brasília,3,89,1,3,315000
Conjunto Residencial Marajoara,2,45,1,1,155000
Marumbi,2,79,2,2,320000
Centro,3,76,2,2,450000
Centro,3,90,1,2,445000
Gleba Fazenda Palhano,4,374,4,5,4490000
Jardim Graziela,3,84,2,2,450000
Cidade Industrial 2,2,44,1,1,163000
Jardim Morumbi,3,56,1,2,240000
Santa Rosa,3,207,3,5,2400000
Colúmbia,3,100,2,1,380000
Guanabara Parque Boulevard,3,105,2,3,1100000
Champagnat,3,57,1,1,298000
Aurora,3,92,1,2,500000
Andrade,3,55,1,1,200000
Leonor,3,81,2,3,495000
Vila Filipin,2,50,1,2,210000
Jardim Nações Unidas,3,80,2,1,450000
Vila Siam,2,110,1,2,300000
Gleba Fazenda Palhano,3,78,2,2,570000
Jardim Tabapuã,3,154,2,3,275000
Esperança,3,125,4,2,980000
Gleba Fazenda Palhano,3,340,5,4,2500000
Antares,3,65,1,1,234840
Esperança,3,125,4,3,980000
Vitória,2,70,1,2,280000
Vila Siam,3,71,1,2,495000
Cidade Industrial 2,2,49,1,1,220000
Gleba Fazenda Palhano,3,130,2,4,1250000
Santa Rosa,3,108,2,2,1390000
Aeroporto,4,186,3,3,440000
Jardim Higienópolis,5,260,2,2,1150000
Antares,3,70,1,1,245000
Brasília,2,44,1,1,146000
Brasília,2,56,1,1,150000
Brasília,2,60,1,1,140000
Brasília,5,478,5,3,780000
San Remo,3,73,1,1,349000
Leonor,2,46,1,1,192000
Jardim Tropical,3,200,3,2,415000
Centro,2,75,1,2,270000
Mediterrâneo,4,449,4,5,2700000
Esperança,4,330,4,5,2990000
Aurora,3,68,1,2,565000
Brasília,3,100,2,1,350000
Parque Residencial Joaquim Toledo Piza,3,100,2,2,390000
Parque Residencial Alcântara,4,546,5,5,3500000
Terras de Santana II,3,300,4,5,2750000
Bandeirantes,3,80,2,2,430000
Jardim Moema,2,125,1,1,290000
San Fernando,2,61,1,1,170000
Jardim Strass,2,45,1,1,112000
Gleba Ribeirão Limeiro,2,47,1,1,235000
Vila Siam,3,73,1,2,599000
Vila Filipin,2,48,1,1,169000
Centro,2,65,1,2,430000
Brasília,3,64,1,2,416000
Heimtal,3,128,2,2,630000
Vitória,2,45,1,1,180000
Centro,2,75,1,2,690000
Ideal,3,85,2,1,350000
Heimtal,2,47,2,1,169000
Jardim Morumbi,2,50,1,1,290000
Jardim Monte Sinai,2,250,4,3,850000
Perobinha,3,100,2,1,200000
Condomínio Vale do Arvoredo,3,297,2,4,2200000
Bela Suiça,3,156,2,4,1590000
Conjunto Semiramis Barros Braga,2,105,1,2,230000
Santa Rosa,3,127,2,5,1470000
Vila Ipiranga,3,67,1,1,230000
Lago Parque,3,225,2,2,690000
Esperança,5,412,2,1,5000000
Gleba Fazenda Palhano,3,122,1,2,1290000
Andrade,3,125,2,3,1298000
Residencial Portal do Sol,2,67,2,1,235000
Olímpico,3,60,4,1,210000
Alto da Boa Vista,3,75,2,2,280000
Colinas,3,125,1,2,330000
Vivendas do Arvoredo,3,307,2,5,3500000
Coliseu,3,250,3,3,750000
Andrade,3,124,2,2,1250000
Aurora,4,247,4,5,1190000
Marumbi,3,157,2,3,1150000
Igapó,4,220,3,2,799000
Heimtal,3,146,1,1,780000
Dom Bosco,4,350,4,4,950000
Vila Filipin,2,75,2,2,455000
Shangri-lá,3,106,3,2,460000
Gleba Fazenda Palhano,3,236,3,5,2900000
Brasília,2,43,1,1,110000
Leonor,3,160,3,3,660000
Recanto do Salto,3,453,4,5,3800000
Centro,4,273,5,3,901000
Gleba Ribeirão Limeiro,2,54,1,1,240000
Centro,4,405,3,5,1600000
Gleba Fazenda Palhano,2,46,1,1,330000
Jardim Colúmbia D,2,149,2,1,300000
Aurora,3,70,1,2,415000
Gleba Fazenda Palhano,4,346,4,5,5700000
Gleba Fazenda Palhano,2,72,1,2,650000
Centro,1,24,1,1,215000
Gleba Fazenda Palhano,3,173,2,5,1930000
Jardim Brasília,3,161,4,2,730000
Bela Suiça,3,232,3,2,2590000
Terra Bonita,2,70,1,2,850000
Recanto do Salto,3,298,2,5,3200000
Terras de Santana II,3,154,2,4,1250000
Campo Belo,3,98,1,3,350000
Esperança,3,183,4,4,2300000
Jardim do Lago,3,217,2,5,1680000
Aeroporto,3,93,2,2,530000
Vila Brasil,2,54,1,2,339000
Brasília,3,127,2,5,1340000
Gleba Fazenda Palhano,3,185,3,4,2100000
Gleba Fazenda Palhano,3,173,2,5,2100000
Gleba Fazenda Palhano,3,150,2,4,710000
Bela Suiça,2,69,1,2,565000
Gleba Fazenda Palhano,2,111,1,1,1350000
Universitário,3,183,5,4,899000
Residencial Portal do Sol,2,67,1,1,229000
Brasília,2,60,2,1,195000
Conjunto Habitacional Doutor Farid Libos,2,48,1,1,190000
Cidade Industrial 2,2,41,1,1,180000
Andrade,3,124,2,1,1250000
Carnascialli,3,60,1,1,280000
Jardim Guararapes,3,76,2,2,420000
Parque Jamaica,3,67,1,2,350000
Jardim Morumbi,2,63,1,2,360000
Centro,3,87,1,2,580000
Vale dos Tucanos,2,108,1,2,320000
Gleba Fazenda Palhano,3,112,2,3,990000
Ideal,3,80,2,2,395000
Jardim Morumbi,3,175,2,2,1500000
Recanto do Salto,3,439,2,5,3650000
Aeroporto,3,140,2,2,320000
Pacaembu,4,280,4,2,1150000
Tarobá,2,62,1,1,270000
Jardim Burle Marx,4,298,5,4,1400000
Santa Rosa,2,77,1,2,740000
Centro,1,45,1,1,230000
Brasília,3,90,2,2,277500
Jardim União da Vitória II,2,85,1,1,120000
Aurora,2,75,1,1,585000
Parque Residencial Joaquim Toledo Piza,3,135,2,1,695000
Granville Parque Residencial,3,187,4,4,1050000
Ricardo,3,190,2,3,495000
Gleba Fazenda Palhano,2,47,1,1,240000
Parque Jamaica,2,41,1,1,155000
Gleba Fazenda Palhano,2,88,2,2,890000
Califórnia,2,213,1,1,450000
Coliseu,3,300,2,2,800000
Conjunto Habitacional Maria Cecília Serrano de Oliveira,3,174,2,1,450000
Judith,3,79,2,2,650000
Conjunto Habitacional Maria Cecília Serrano de Oliveira,4,60,1,2,300000
Conjunto Parigot de Souza 1,3,75,2,1,280000
Jardim América,3,64,1,1,270000
Jardim Londrilar,3,330,4,5,2695000
Gleba Fazenda Palhano,3,173,2,5,1980000
Guanabara Parque Boulevard,3,80,1,2,590000
Brasília,2,49,1,1,308000
Marumbi,3,157,2,3,1150000
Gleba Fazenda Palhano,2,114,2,3,1600000
Jardim Presidente,2,71,2,2,780000
Jardim Alvorada,5,300,3,3,680000
Santa Rosa,3,127,2,4,1350000
Brasília,2,46,1,1,260000
Recanto Nobre,5,846,5,5,11900000
Ideal,3,90,2,2,295000
Conjunto Habitacional Doutor Farid Libos,2,43,1,1,250000
Parque Residencial Michael Licha,3,81,2,2,300000
Gleba Fazenda Palhano,1,52,1,2,597400
Gleba Fazenda Palhano,4,338,4,5,5208000
Antares,3,55,1,1,240000
Bela Suiça,3,74,1,2,500000
Jardim Morumbi,3,144,4,1,1150000
Gleba Fazenda Palhano,3,400,4,4,4950000
Centro,3,92,1,3,350000
Gleba Fazenda Palhano,3,112,2,2,1190000
Ouro Verde,2,47,1,1,190000
Vila Larsen 1,3,72,2,2,427000
Jardim Maria Luiza,2,68,1,1,190000
Jardim Continental,3,175,2,3,620000
Recanto do Salto,4,370,3,5,3950000
Brasília,3,115,2,3,1367000
Ideal,2,43,1,1,190000
Olímpico,2,47,1,1,265000
Champagnat,4,188,1,1,600000
Vila Ipiranga,2,53,1,1,245000
Gleba Fazenda Palhano,3,77,2,2,600000
Jardim Morumbi,2,91,1,1,269000
Campo Belo,3,180,3,2,585000
Nossa Senhora de Lourdes,3,69,1,1,270000
Gleba Fazenda Palhano,2,54,1,1,630000
Condomínio Vale do Arvoredo,3,165,4,4,1295000
Jardim Higienópolis,3,300,3,3,1350000
Gleba Fazenda Palhano,2,74,1,2,720000
Jardim América,2,55,1,1,300000
Jardim Presidente,3,71,1,2,639000
Jardim Ok,3,132,2,1,580000
Gleba Simon Frazer,4,235,4,3,1750000
Jardim Moema,3,70,1,1,280000
Vivendas do Arvoredo,4,400,4,5,5250000
Centro,3,88,1,1,330000
Jardim das Américas,3,84,1,2,450000
Recanto do Salto,5,464,3,5,5800000
Leonor,3,78,5,2,430000
Antares,3,197,4,2,550000
Santa Rosa,3,245,4,5,2700000
Conjunto Café,3,100,2,1,390000
Vivendas do Arvoredo,5,350,3,5,4990000
Ernani Moura Lima,3,99,2,2,550000
Jardim São Paulo,3,87,1,1,380000
Progresso,3,192,1,2,165000
Brasília,2,105,3,1,320000
Esperança,4,500,4,5,3200000
Parque Jamaica,2,46,1,1,185000
Gleba Fazenda Palhano,2,78,1,2,550000
Gleba Fazenda Palhano,3,181,3,4,1950000
Jardim São Jorge,4,283,3,5,3554851
Vivendas do Arvoredo,3,260,2,1,4200000
Brasília,4,235,5,5,490000
Brasília,2,44,1,1,135000
Vivendas do Arvoredo,3,369,2,3,2990000
Franciscato,4,160,3,2,200000
Residencial Abussafe II,2,75,2,2,380000
Esperança,3,225,2,4,1900000
Gleba Fazenda Palhano,2,110,2,2,1100000
Jardim Maria Celina,2,41,1,2,199990
Conjunto Habitacional Alexandre Urbanas,3,210,2,5,1650000
Gleba Fazenda Palhano,3,103,2,2,810000
Judith,2,50,1,1,270000
Centro,3,128,2,2,920000
Jardim São Jorge,4,283,3,5,3900000
Gleba Fazenda Palhano,3,173,2,4,1930000
Brasília,3,70,1,2,435000
Vivendas do Arvoredo,4,602,1,1,4700000
Jardim do Lago,3,213,2,5,1750000
Champagnat,3,58,1,1,330000
Jardim Londrilar,3,205,3,5,1550000
Brasília,2,45,1,1,106000
Gleba Fazenda Palhano,2,59,1,1,265000
Campo Belo,3,207,3,1,770000
Gleba Fazenda Palhano,3,183,3,3,2630000
Centro,2,75,1,1,680000
Estância Santa Paula,5,360,5,5,3500000
Brasília,2,70,1,1,220000
Gleba Fazenda Palhano,2,45,1,1,255000
Santa Rosa,3,108,2,2,1200000
Esperança,4,1313,2,5,3450000
Vivendas do Arvoredo,4,413,4,2,3800000
Vila Brasil,2,55,1,2,340000
Judith,3,84,1,2,690000
Jardim Santa Cruz,3,57,1,1,160000
Judith,3,127,2,2,850000
Brasília,3,80,2,1,230000
Jardim Morumbi,3,235,4,1,1390000
Gleba Fazenda Palhano,3,156,2,3,1080000
Conjunto Cafezal 1,3,65,3,2,250000
Brasília,3,100,2,2,495000
Esperança,3,295,4,5,2990000
Vila Filipin,2,49,1,2,195000
Centro,1,51,1,2,430000
Coliseu,3,250,4,4,850000
Kennedy,3,280,3,4,1300000
Bela Suiça,4,232,4,5,2850000
Brasília,3,200,2,2,250000
Ideal,2,146,4,2,320000
Granville Parque Residencial,3,320,4,5,1700000
Gleba Fazenda Palhano,2,92,2,2,1200000
Vivendas do Arvoredo,3,394,4,2,6500000
Itamarati,5,360,4,5,3500000
Conjunto Habitacional José Garcia Molina,2,45,1,1,165000
Iguaçu,4,540,5,5,2250000
Centro,3,90,1,2,590000
Esperança,3,242,3,4,2650000
Loteamento Chamonix,3,130,2,3,530000
Cidade Industrial 2,2,50,1,1,200000
Jardim Morumbi,3,200,4,5,1570000
Operária,5,200,4,4,460000
Gleba Fazenda Palhano,3,122,2,3,1350000
Conjunto Habitacional Santiago II,3,69,2,2,260000
Gleba Fazenda Palhano,3,96,2,2,680000
Gleba Fazenda Palhano,2,98,2,2,1163000
Jardim Burle Marx,5,215,4,5,850000
Centro,3,81,1,2,680000
Esperança,4,324,4,4,3100000
Brasília,4,115,2,2,610000
Centro,3,111,1,2,410000
Ideal,5,200,4,2,500000
Gleba Fazenda Palhano,3,124,2,3,1461000
Jardim Sumaré,5,500,4,4,1100000
Gleba Fazenda Palhano,4,344,3,5,5432500
Brasília,3,123,2,3,750000
Jardim Morumbi,3,243,4,4,1500000
Portal de Versalhes 2,4,135,1,1,550000
Esperança,3,287,4,5,3400000
Gleba Ribeirão Limeiro,3,187,4,4,1700000
Portuguesa,2,56,1,1,229000
Jardim São Francisco de Assis,2,83,2,1,220000
Gleba Fazenda Palhano,2,46,1,1,260000
Jardim Moema,2,62,1,1,255000
Vitória,3,69,1,2,497000
Gleba Fazenda Palhano,3,139,2,3,1600000
Jardim Tókio,3,70,2,2,310000
Centro,4,205,2,5,900000
Bela Suiça,3,115,2,3,1150000
Jardim Morumbi,3,56,1,1,198000
Brasília,3,125,2,2,421000
Vila Siam,3,126,2,3,430000
Jardim dos Estados,2,56,1,1,285000
Brasília,1,125,1,1,220000
Portal de Versalhes 2,4,135,2,3,550000
Jardim Continental,3,80,1,1,385000
Mediterrâneo,3,467,3,4,2950000
Brasília,3,77,1,2,392000
Guanabara Parque Boulevard,3,104,2,3,985000
Conjunto Habitacional Órion,3,143,2,2,430000
Antares,3,76,1,1,290000
Vila Siam,2,71,1,2,630000
Brasília,3,90,2,1,239000
Parque Residencial Joaquim Toledo Piza,1,38,1,1,155000
Jardim América,3,90,1,2,400000
Jardim Nova Londrina,5,430,5,5,2300000
Guanabara,4,385,5,5,3300000
Brasília,2,45,1,1,191000
Gleba Simon Frazer,3,235,4,2,1599000
Califórnia,3,138,2,2,390000
Jardim América,1,70,1,2,450000
Gleba Fazenda Palhano,3,162,2,5,1350000
Conjunto Habitacional Flores,3,95,3,1,295000
Residencial Veneza,4,150,2,2,380000
Brasília,3,94,1,3,290000
Vale dos Tucanos,3,52,1,1,175000
Vivendas do Arvoredo,4,500,4,4,4100000
Mediterrâneo,5,250,3,3,1600000
Champagnat,3,62,2,1,350000
Gleba Fazenda Palhano,2,45,1,1,330000
Residencial José Lázaro Gouvea,2,70,1,2,670000
Gleba Fazenda Palhano,3,81,2,2,749000
Brasília,2,58,1,2,308000
Parque Jamaica,3,246,4,3,1600000
Santa Rosa,3,245,3,5,2750000
Centro,3,84,2,2,550000
Vila Fujita,3,345,2,3,698000
Esperança,3,125,4,3,985000
Gleba Fazenda Palhano,3,80,2,2,735000
Perobinha,2,60,1,1,100000
Universitário,4,163,2,3,1050000
Gleba Fazenda Palhano,2,74,1,2,665000
Jardim São Jorge,4,723,4,5,6000000
Conjunto Habitacional Doutor Farid Libos,2,45,1,1,170000
Jardim Moema,2,76,1,1,257000
Industrial,2,142,5,2,530000
Gleba Fazenda Palhano,2,43,1,1,147000
Esperança,3,152,2,3,1290000
Jardim América,3,65,1,1,255000
Centro,2,85,2,2,780000
Brasília,2,54,1,1,412000
Alpes,4,220,4,5,755000
Jardim Morumbi,3,70,1,1,405000
Caiçaras,3,206,3,4,849000
Gleba Fazenda Palhano,3,75,1,2,750000
Alto da Boa Vista,3,86,2,2,310000
Jardim do Lago,1,212,2,4,1750000
São Pedro,3,60,1,1,239390
Gleba Fazenda Palhano,1,58,1,2,700000
Conjunto Habitacional Alexandre Urbanas,3,200,2,2,1500000
Jardim América,3,37,1,3,340000
Gleba Fazenda Palhano,3,89,2,2,795000
Gleba Fazenda Palhano,3,214,3,4,2500000
Colina Verde,3,420,5,4,3100000
Vila Glória,1,186,1,1,450000
Gleba Fazenda Palhano,2,58,1,2,670000
Centro,3,95,1,3,430000
Jardim Nova Esperança,2,65,2,1,140000
Vila Siam,3,71,1,2,620000
Centro,3,87,1,2,220000
São Pedro,3,235,2,3,1600000
Jardim Vale Verde,3,225,3,1,350000
Ideal,3,250,1,1,320000
Recanto do Salto,3,318,4,5,3490000
Gleba Fazenda Palhano,4,346,4,5,4680000
Gleba Fazenda Palhano,2,69,2,2,560000
Portal de Versalhes 1,1,50,1,1,180000
Bela Suiça,5,1000,3,5,17000000
Recanto do Salto,3,318,4,4,3490000
Conjunto Residencial Marajoara,2,45,1,1,155000
Gleba Fazenda Palhano,3,75,1,2,590000
Brasília,2,51,1,1,122000
Gleba Fazenda Palhano,2,45,1,1,269000
Quebec,4,274,4,2,1250000
Ideal,3,80,1,2,280000
Parque Jamaica,3,70,1,1,170000
Jardim Vilas Boas,3,22,4,4,1300000
Centro,3,120,1,3,440000
Judith,3,179,2,4,700000
Terra Bonita,2,70,2,2,850000
Gleba Fazenda Palhano,3,358,3,2,2800000
Jardim Planalto,4,90,3,1,500000
Alto da Colina,1,43,1,1,150000
Gleba Fazenda Palhano,4,285,4,5,3100000
Bela Vista,1,25,1,1,155000
Brasília,2,74,2,2,350000
Gleba Ribeirão Limeiro,2,48,1,1,210000
Jardim Tarumã,3,225,4,3,850000
Espanha,3,168,4,1,495000
Recanto do Salto,3,250,4,5,2500000
Vila Larsen 1,2,80,1,1,360000
Gleba Fazenda Palhano,2,46,1,1,373000
Gleba Fazenda Palhano,3,99,2,1,920000
Jardim Maria Celina,2,46,1,1,50000
Santa Rosa,2,69,1,2,600000
Parque Residencial Joaquim Toledo Piza,1,250,1,1,250000
Parque Jamaica,3,187,2,1,1100000
Novo Antares,3,81,2,2,410000
Bandeirantes,2,83,5,1,330000
Jardim Shangri-la A,2,52,1,2,395000
Centro,2,50,1,1,175000
Brasília,2,78,2,2,340000
Recanto do Salto,3,374,1,1,5000000
Brasília,3,220,2,4,1480000
Conjunto Habitacional Doutor Farid Libos,2,43,1,1,180000
Gleba Fazenda Palhano,3,91,2,2,850000
Gleba Simon Frazer,3,229,4,4,1590000
Centro,3,212,2,1,400000
Gleba Fazenda Palhano,2,64,1,1,480000
Jardim Higienópolis,3,100,1,2,415000
Conjunto Habitacional José Garcia Molina,2,45,1,1,150000
Jardim das Américas,2,44,1,1,140000
Gleba Fazenda Palhano,3,187,3,3,1300000
Bela Vista,3,132,2,3,890000
Santa Mônica,3,310,4,3,1190000
Esperança,3,300,4,4,2215000
Campo Belo,3,98,1,3,350000
Centro,3,138,1,3,600000
Brasília,2,75,1,1,245000
Vivendas do Arvoredo,3,70,2,2,580000
Loteamento Chamonix,3,80,1,2,379000
Jardim Maria Luiza,2,45,1,1,198000
Centro,2,56,1,1,180000
Jardim Tókio,3,58,1,1,220000
Conjunto Café,2,60,1,1,235000
Gleba Fazenda Palhano,3,139,2,3,1598000
Jardim Higienópolis,2,74,2,2,670000
Dom Bosco,4,270,3,5,2500000
Terra Bonita,2,63,1,2,430000
Gleba Fazenda Palhano,4,235,3,5,2950000
Gleba Fazenda Palhano,3,115,2,1,620000
Santa Rosa,2,69,1,2,600000
Operária,4,317,1,4,1700000
Vila Brasil,2,54,1,2,340000
Centro,4,177,2,4,1100000
Parque Residencial Joaquim Toledo Piza,3,130,2,2,695000
Alpes,3,170,2,3,400000
Brasília,2,82,1,2,414000
Jardim Agari,5,690,5,5,2980000
Jardim Maria Celina,2,55,1,1,100000
Jerumenha,3,110,4,2,449000
Nossa Senhora de Lourdes,3,80,1,1,280000
Jardim Ilha do Mel,4,193,4,3,750000
Gleba Fazenda Palhano,2,62,1,2,660000
Colúmbia,3,84,2,3,490000
Aurora,3,70,1,2,430000
Centro,4,405,3,4,1980000
Maria Lúcia,2,150,3,3,750000
Jardim Santa Alice,3,90,2,3,445000
Industrial,3,59,1,1,190000
Parigot de Souza 2,2,45,1,1,219000
Centro,3,125,1,2,450000
Vila Larsen 1,3,70,1,1,349000
São Vicente,2,49,1,2,285000
Jardim Montecatini,2,80,2,3,310000
Maria Lúcia,3,150,2,3,380000
Colinas,2,44,1,1,215000
Gleba Fazenda Palhano,2,44,1,1,250000
Vila Goes,1,208,1,1,400000
Gleba Fazenda Palhano,3,130,2,2,1250000
Gleba Fazenda Palhano,3,81,2,2,820000
Centro,2,58,1,1,325000
Centro,3,120,1,1,350000
Jardim Morumbi,2,50,1,1,345000
Jardim Imagawa,3,50,1,1,135000
Recanto do Pitanguá,4,410,4,5,3400000
Guanabara,4,130,2,4,1200000
Gleba Fazenda Palhano,3,120,2,3,1100000
Shangri-lá,3,106,3,1,460000
Centro,4,89,1,3,550000
Gleba Fazenda Palhano,3,175,2,4,1980000
Centro,3,164,2,5,930000
Jardim Morumbi,3,195,2,4,1150000
Esperança,3,278,2,5,2400000
Colinas,2,71,1,2,280000
Gleba Fazenda Palhano,3,181,3,5,1950000
Centro,3,10,1,2,430000
Brasília,3,100,1,2,430000
Gleba Fazenda Palhano,3,92,2,1,780000
Marumbi,3,145,1,1,480000
Vila Larsen 1,3,71,1,2,349000
Cafezal,2,60,3,1,200000
Santa Rosa,3,122,2,3,990000
Condomínio Vale do Arvoredo,4,240,2,4,1600000
Conjunto Cafezal 1,3,297,1,1,260000
Centro,4,550,2,2,1750000
Santa Rosa,3,78,2,2,750000
Gleba Fazenda Palhano,4,445,4,5,4300000
Jardim das Américas,3,60,1,1,255000
Jardim das Américas,2,44,1,1,125000
Colinas,2,45,1,1,200000
Gleba Fazenda Palhano,3,83,2,2,785000
Monte Belo,4,232,2,4,900000
Igapó,3,99,2,3,400000
Residencial José B Almeida,3,74,2,2,530000
Jardim Nova Esperança,3,68,2,1,250000
Centro,2,58,1,1,335000
Santa Rita 2,3,60,1,1,135000
Judith,3,79,2,2,650000
Jardim Nações Unidas,3,87,1,1,360000
Centro,3,147,2,4,800000
Centro,4,280,3,4,1450000
Gleba Fazenda Palhano,3,112,2,4,1200000
Residencial José B Almeida,2,63,1,1,310000
Gleba Fazenda Palhano,2,43,1,1,300000
Brasília,3,80,1,2,380000
Centro,4,136,1,2,342000
Gleba Fazenda Palhano,3,181,3,4,1950000
Jardim do Lago,3,217,2,3,1830000
Terra Bonita,2,62,1,2,595000
Nossa Senhora de Lourdes,2,108,1,3,329000
Gleba Simon Frazer,3,78,2,2,450000
Brasília,3,114,2,3,1300000
Ernani Moura Lima,3,99,3,2,550000
Sabará I,3,88,4,2,559000
Centro,3,128,2,3,1385000
Jardim das Américas,3,57,1,1,220000
Olímpico,1,183,2,3,1190000
Brasília,3,143,2,1,380000
Antares,5,210,3,4,750000
Jardim Santa Alice,3,90,1,2,430000
Terra Bonita,2,70,1,2,597380
Gleba Fazenda Palhano,3,214,3,5,2500000
Portal de Versalhes 2,3,114,1,3,550000
Bela Suiça,4,419,4,5,5700000
Gleba Fazenda Palhano,2,58,1,2,650000
Gleba Fazenda Palhano,3,99,2,2,680000
Jardim Montecatini,3,125,1,2,365000
Santa Rosa,4,200,2,4,1500000
Colúmbia,2,150,4,2,550000
Esperança,5,284,4,5,3200000
San Fernando,2,52,1,1,180000
Gleba Fazenda Palhano,2,75,2,1,680000
Jardim São Paulo II,1,80,1,2,304000
Operária,5,400,4,5,1650000
Brasília,2,71,1,1,263500
Itamarati,4,265,4,5,950000
Terra Bonita,3,230,3,2,855000
Califórnia,4,225,1,2,590000
Judith,3,87,1,3,395000
Gleba Fazenda Palhano,3,181,2,5,2790000
Centro,3,86,2,2,850000
Parque Jamaica,3,71,1,2,355000
Gleba Ribeirão Limeiro,2,44,1,1,225000
Gleba Fazenda Palhano,3,93,2,1,635000
Esperança,3,302,4,4,2500000
Jardim Colúmbia D,2,98,4,1,220000
Paraíso,2,45,1,1,170000
Santa Mônica,4,480,4,4,780000
Aurora,2,75,1,2,590000
Tietê,2,55,1,1,150000
Esperança,3,130,2,2,600000
Guanabara Parque Boulevard,3,80,1,2,760000
Esperança,5,303,3,5,3190000
Gleba Fazenda Palhano,3,167,2,5,2390000
Brasília,4,122,2,4,1272000
Luiz de Sá,3,110,4,1,250000
Conjunto Residencial Marajoara,2,45,1,1,165000
Gleba Fazenda Palhano,3,125,1,3,950000
Tietê,3,49,1,1,150000
Terra Bonita,4,280,4,5,2200000
Jardim Ok,2,63,2,1,240000
Iguaçu,4,400,4,4,2380000
Residencial Portal do Sol,3,84,1,2,350000
Vila Larsen 1,3,89,1,3,315000
Recanto do Salto,4,369,3,5,3950000
Colúmbia,3,83,1,2,375000
Olímpico,2,41,1,1,170000
Vale dos Tucanos,3,77,1,1,550000
Gleba Fazenda Palhano,3,124,2,3,1200000
Gleba Ribeirão Limeiro,2,44,1,1,185000
Jardim Belo Horizonte,3,87,2,2,400000
Vila Brasil,2,54,1,2,330000
Centro,2,54,1,1,268000
Cafezal,3,170,2,1,450000
Brasília,2,42,1,1,130000
Centro,3,76,1,2,700000
Gleba Fazenda Palhano,3,82,2,2,680000
Nikko,3,151,2,5,1470000
Vivendas do Arvoredo,5,725,4,5,8500000
Conjunto Habitacional Maria Cecília Serrano de Oliveira,1,60,1,1,160000
Brasília,3,178,4,2,680000
Gleba Fazenda Palhano,2,67,1,2,530000
Centro,3,64,1,2,409000
Gleba Fazenda Palhano,3,195,2,3,2250000
Gleba Fazenda Palhano,2,81,1,2,770000
Andrade,3,85,1,3,360000
Conjunto Habitacional Alexandre Urbanas,3,84,2,2,435000
Conjunto Habitacional Alexandre Urbanas,3,181,2,5,1295000
Santa Rosa,3,127,2,5,1470000
Gleba Fazenda Palhano,2,69,1,1,596000
Jardim Presidente,2,71,2,2,790000
Brasília,3,162,2,3,825000
Conjunto Habitacional Santiago II,3,120,1,3,399000
Parque Jamaica,3,69,1,2,360000
Centro,2,87,1,3,250000
Gleba Fazenda Palhano,3,83,2,2,750000
Jardim Strass,3,78,1,2,350000
Centro,3,77,1,2,285000
Conjunto Habitacional Doutor Farid Libos,2,43,1,1,195000
Brasília,3,110,1,2,297000
Centro,3,94,1,2,559000
Centro,3,114,1,3,590000
Portal de Versalhes 1,3,260,2,5,940000
Perobinha,2,43,1,1,110000
Parque Jamaica,2,51,1,1,200000
Terra Bonita,3,73,1,2,590000
Centro,4,336,4,3,2200000
Gleba Fazenda Palhano,3,185,3,5,1949520
Residencial Abussafe,3,128,4,2,450000
Gleba Fazenda Palhano,3,183,3,4,2180000
Centro,3,94,2,3,420000
Santa Rosa,3,186,4,3,1390000
Jardim Jóquei Club,1,35,1,1,155000
Jardim Oriente,3,200,2,3,550000
Cafezal,3,100,1,3,450000
Vila Ipiranga,3,100,1,1,350000
Centro,3,86,2,2,850000
Ideal,3,144,4,3,1175000
Gleba Fazenda Palhano,3,82,2,3,810000
Centro,3,70,2,2,610000
Centro,3,108,1,2,400000
Centro,1,42,1,1,200000
Gleba Fazenda Palhano,3,81,2,2,680000
Parque Leblon,2,94,1,2,369000
São Pedro,3,177,4,4,790000
Gleba Fazenda Palhano,2,92,2,3,840000
Gleba Fazenda Palhano,1,48,1,1,530000
Brasília,2,86,1,1,330000
Jardim Honda 2,2,112,2,1,400000
Jardim Graziela,3,84,1,2,449230
Centro,3,156,2,2,820000
Brasília,2,45,1,1,106000
Vitória,3,69,1,2,655000
Dom Pedro,3,127,4,3,1280000
Leonor,2,75,1,2,381120
Conjunto Parigot de Souza 3,2,120,1,2,260000
Jardim Adriana II,3,73,1,2,350000
Santa Mônica,3,108,1,1,390000
Jardim Monte Sinai,3,230,4,3,850000
Residencial Abussafe,3,118,2,2,550000
Paraíso,2,45,1,1,179750
Centro,4,228,2,5,1695000
Jardim Presidente,3,71,2,2,735000
Terra Bonita,3,73,1,2,455000
Gleba Fazenda Palhano,3,216,3,4,1900000
Brasília,3,89,1,2,405000
Residencial Professora Madalena Cardoso,2,51,1,1,55000
Colúmbia,3,216,4,5,1300000
Santa Rosa,3,127,2,5,1350000
Conjunto Residencial Marajoara,2,45,1,1,160000
Gleba Fazenda Palhano,2,114,2,3,1300000
Jardim Imagawa,2,250,2,1,320000
Gleba Simon Frazer,3,144,4,3,1150000
Estância Santa Paula,4,600,5,5,4200000
Brasília,3,120,4,2,400000
Gleba Fazenda Palhano,2,46,1,1,319500
Gleba Fazenda Palhano,1,185,2,4,2000000
Jardim Itapoá,3,141,3,1,320000
Brasília,3,126,2,3,387000
Tucano,4,330,4,4,1350000
Gleba Fazenda Palhano,1,52,1,2,515000
Vitória,2,45,1,1,180000
Conjunto Habitacional Mister Thomas,3,100,2,2,295000
Igapó,3,227,2,2,650000
Jardim Nova Esperança,2,120,4,1,260000
Conjunto Habitacional Jesualdo Garcia Pessoa,3,108,3,1,190000
Parque Residencial Joaquim Toledo Piza,3,135,2,2,690000
Jardim Tókio,4,148,2,3,240000
Jardim Jóquei Club,2,41,1,1,185000
Pacaembu,3,170,3,3,690000
Conjunto Residencial Itamaraty,3,72,1,1,222000
Santa Rosa,2,81,1,2,690000
Nova Olinda,3,81,2,2,330000
Brasília,2,61,1,1,189090
Caiçaras,4,298,4,5,1700000
Jardim Maracanã,2,96,3,2,240000
Vila Ipiranga,1,47,1,1,180000
Gleba Fazenda Palhano,2,80,2,2,765000
Conjunto Habitacional Maria Cecília Serrano de Oliveira,3,90,2,2,160000
Conjunto Habitacional José Garcia Molina,2,45,1,1,155000
Brasília,3,110,2,2,475000
Centro,2,58,1,1,295000
Gleba Fazenda Palhano,3,486,5,5,4500000
Jardim São Jorge,3,159,2,4,1867000
Gleba Fazenda Palhano,3,130,2,3,1190000
Jardim Tókio,4,247,3,4,680000
Gleba Fazenda Palhano,3,94,2,2,859000
Conjunto Habitacional Santiago II,2,50,1,2,289290
Brasília,2,50,1,1,189000
Antares,3,82,1,2,650000
Jardim Itapoá,2,82,1,1,280000
Brasília,4,180,4,3,580000
Arpoador,5,312,2,4,500000
Gleba Fazenda Palhano,2,46,1,1,330000
Gleba Fazenda Palhano,3,179,3,5,1890000
Jardim Europa,5,250,2,3,670000
Centro,2,75,1,2,690000
Jardim Santo Antônio,3,174,4,3,646600
Brasília,3,226,4,4,1200000
Gleba Fazenda Palhano,3,216,3,5,3300000
Gleba Fazenda Palhano,3,92,2,2,840000
Santa Mônica,3,190,3,3,625000
Jardim São Paulo II,2,45,1,1,175000
Centro,1,60,1,1,266900
Parque Jamaica,3,59,1,1,145000
Residencial José Lázaro Gouvea,3,70,2,2,545000
Portal de Versalhes 1,3,227,1,2,850000
Jardim Maria Celina,2,49,1,1,50000
Conjunto Habitacional Alexandre Urbanas,3,140,2,4,1172000
Parque Residencial Michael Licha,3,84,1,2,335000
Gleba Fazenda Palhano,3,81,1,2,655000
Gleba Fazenda Palhano,1,95,1,1,699000
Heimtal,3,90,2,2,545000
Bela Suiça,2,70,1,1,540000
Jardim das Américas,3,63,1,1,175000
Antares,3,180,4,3,379000
Jardim São Jorge,3,159,2,4,1811000
Gleba Fazenda Palhano,2,45,1,1,320000
Brasília,3,105,1,2,412000
Esperança,4,313,4,3,3400000
Waldemar Hauer,2,75,2,1,350000
Santa Rosa,3,182,2,5,2100000
Gleba Simon Frazer,3,80,2,2,420000
Brasília,3,120,2,2,269000
Califórnia,3,123,2,4,750000
Colinas,2,108,1,1,250000
Gleba Fazenda Palhano,2,77,2,2,690000
Brasília,3,145,4,2,700000
Colinas,2,44,1,1,190000
Heimtal,3,100,1,1,230000
Centro,3,213,4,1,900000
Gleba Fazenda Palhano,2,74,1,2,740000
Andrade,3,72,1,2,580000
Vila Ipiranga,3,67,2,2,370000
Parque Jamaica,3,94,2,2,680000
Centro,3,64,1,2,180000
Brasília,3,97,1,2,250000
Residencial Professora Madalena Cardoso,3,63,1,1,195000
Jardim Império do Sol,3,144,1,2,510000
Conjunto Semiramis Barros Braga,3,50,3,3,250000
Centro,1,51,1,2,478000
Universitário,3,202,4,4,1150000
Jardim Maria Luiza,2,135,1,2,360000
Nova Olinda,3,141,3,1,450000
Jardim Campos Verdes,3,118,4,3,455000
Gleba Ribeirão Limeiro,2,43,1,1,250000
Centro,3,74,1,2,320000
Jardim ltaparica,3,80,1,1,280000
Newton Guimarães,3,100,2,2,200000
Santa Rosa,2,69,1,2,600000
Panorama,2,57,1,1,179800
Ideal,2,45,1,1,180000
Esperança,4,329,4,5,2750000
Lago Parque,3,166,2,2,810000
Nova Olinda,2,54,1,1,185000
Centro,3,78,2,2,393000
Gleba Ribeirão Limeiro,2,45,1,1,235000
Brasília,3,266,5,4,1150000
Centro,3,87,2,2,640000
Gleba Simon Frazer,3,187,4,4,1600000
Ideal,3,80,1,2,310000
Centro,3,70,1,2,280000
Brasília,3,75,1,2,379000
Centro,2,64,1,2,460000
Conjunto Habitacional João Turquino,2,45,1,1,145000
Jardim Vilas Boas,3,225,4,5,1300000
Santa Rosa,3,104,2,2,1180000
Centro,1,40,1,1,187000
Santa Izabel,2,48,1,1,190000
Brasília,3,130,2,3,690000
Residencial Vila Romana,3,120,2,2,379000
Centro,3,77,3,2,698000
Conjunto Habitacional Alexandre Urbanas,3,143,4,3,1150000
Coliseu,4,164,4,3,680000
Conjunto Habitacional Santiago II,3,55,1,1,285000
Centro,3,71,1,2,285000
Gleba Fazenda Palhano,1,45,1,2,535000
Vivendas do Arvoredo,4,530,5,5,4900000
Vale de San Izidro,3,163,4,1,870000
Vivendas do Arvoredo,3,70,2,2,630000
Brasília,2,45,1,1,170000
Coliseu,5,500,5,5,1950000
Centro,4,260,4,2,650000
Brasília,2,60,1,1,290000
Terra Bonita,2,61,1,2,529900
Lagoa Dourada,2,45,1,1,130000
Olímpico,2,47,1,1,210000
Vila Siam,2,69,2,2,589670
Esperança,3,236,4,4,2500000
Andrade,3,193,2,4,780000
Gleba Fazenda Palhano,3,235,3,5,3100000
Gleba Fazenda Palhano,2,82,2,3,850000
Santa Joana,5,200,3,2,395000
Brasília,3,200,2,4,1390000
Jardim do Leste,3,266,1,3,950000
Gleba Fazenda Palhano,2,103,2,3,1180000
Jardim Império do Sol,2,97,5,1,400000
Brasília,2,80,2,3,335000
Terra Bonita,2,110,4,1,560000
Jardim Planalto,4,250,3,3,575000
Vitória,3,167,1,2,550000
Santa Rosa,3,246,3,4,3390000
San Remo,3,73,1,1,349000
Centro,3,71,1,2,287000
Parque Residencial Joaquim Toledo Piza,3,436,2,2,1360000
Colinas,2,44,1,1,245000
Pacaembu,3,143,2,3,544140
Brasília,2,68,1,2,390000
Recanto do Salto,4,250,5,4,2700000
Conjunto Habitacional José Garcia Molina,2,55,1,1,170000
Santa Rosa,3,245,4,5,2700000
Nova,2,56,1,1,280000
Conjunto Habitacional Alexandre Urbanas,3,145,2,3,1150000
Igapó,5,273,2,1,599990
Brasília,3,306,3,1,280000
Vale de San Izidro,2,59,1,1,195000
Residencial Vila Romana,3,160,2,3,470000
Esperança,5,480,4,5,7000000
Jardim Tókio,2,150,2,1,289000
Brasília,2,47,1,1,336600
Alpes,3,150,1,2,250000
Brasília,2,86,1,2,357000
Centro,3,119,1,3,365000
Gleba Simon Frazer,2,128,2,2,399000
Gleba Fazenda Palhano,3,185,3,4,1790000
Jardim Santa Cruz,3,58,1,1,180000
Centro,3,103,2,2,580000
Ideal,2,60,2,2,297000
Centro,1,54,1,2,320000
Califórnia,3,140,4,3,400000
Aurora,2,64,1,2,510000
Jardim Santa Cruz,3,58,1,1,155000
Califórnia,4,332,4,2,1200000
Catuai,1,50,3,1,220000
Igapó,3,65,1,1,230000
Colinas,2,85,1,1,380000
Conjunto Habitacional José Garcia Molina,3,150,4,1,870000
Gleba Fazenda Palhano,3,112,2,3,1050000
Terra Bonita,3,290,4,5,2500000
Centro,1,46,1,1,269900
Cláudia,3,76,1,2,330000
Parque Residencial Michael Licha,3,84,2,2,350000
Judith,3,179,1,2,950000
Brasília,2,72,2,1,260000
Messiânico,3,280,2,3,750000
Jardim Morumbi,2,110,4,2,450000
São Vicente,3,65,1,1,450000
Industrial,2,47,1,1,150000
Conjunto Vivi Xavier,3,110,2,2,330000
Vila Larsen 1,2,63,2,2,480000
Parque Jamaica,2,45,1,1,179570
Jardim Prefeito Milton Menezes,3,120,4,3,550000
Brasília,1,53,5,1,550000
Gleba Fazenda Palhano,3,137,2,5,1550000
Vivendas do Arvoredo,4,400,4,5,5500000
Caravelle,4,500,4,5,2499000
Residencial Quadra Norte,2,72,1,1,300000
Champagnat,3,58,2,1,345000
Maringá,3,68,1,2,420000
Santa Rosa,4,96,1,1,1200000
Jardim Montecatini,3,85,2,2,365000
Jardim Belo Horizonte,3,87,2,2,420000
Gleba Fazenda Palhano,3,133,2,5,1390000
Centro,3,177,1,2,805000
Gleba Fazenda Palhano,3,163,2,4,1450000
Jardim Nova Londrina,3,180,4,2,990000
Centro,2,43,1,1,168000
Gleba Fazenda Palhano,2,73,1,2,880000
Centro,4,414,3,5,1700000
Monte Carlo,3,220,5,4,580000
Gleba Fazenda Palhano,2,51,1,1,430000
Califórnia,4,410,4,4,1200000
Mediterrâneo,5,549,5,5,3500000
Gleba Fazenda Palhano,3,75,1,2,908750
Guanabara,3,269,3,4,3380000
Aeroporto,3,78,2,2,490000
Gleba Fazenda Palhano,2,85,2,2,910000
Terra Bonita,3,242,4,4,1600000
Leonor,3,181,2,1,395000
Gleba Fazenda Palhano,3,130,2,5,1250000
Vitória,2,69,1,2,505000
Petrópolis,4,267,4,4,1700000
Bela Suiça,5,720,4,5,4200000
Industrial,3,95,1,1,370000
Jardim Higienópolis,3,71,2,2,515000
Jardim do Lago,3,213,2,5,1830000
Brasília,2,48,1,1,159900
Jardim Jóquei Club,2,53,1,1,165000
Gleba Fazenda Palhano,4,300,4,4,4300000
Bela Vista,2,128,2,3,990000
Recanto do Salto,4,250,5,4,2700000
Gleba Fazenda Palhano,3,173,2,4,1980000
Jardim Portal de Itamaracá,3,84,2,2,350000
Conjunto Habitacional Alexandre Urbanas,3,191,2,4,1580000
Olímpico,2,54,1,2,270000
Santa Rita 1,4,440,2,4,1080000
Jardim Neman Sahyun,3,140,2,2,425000
Nossa Senhora de Lourdes,3,180,2,4,830000
Gleba Fazenda Palhano,3,120,2,3,1200000
Gleba Simon Frazer,3,250,2,3,1100000
Vitória,3,85,1,2,550000
Parque Residencial Joaquim Toledo Piza,3,154,1,1,300000
Conjunto Habitacional Santiago II,2,92,2,1,300000
Jardim Londrilar,3,230,4,4,1800000
Vivendas do Arvoredo,3,178,2,5,2990000
Centro,3,87,1,3,385000
Champagnat,3,205,4,4,810000
Centro,3,142,1,3,380000
Vila Filipin,2,47,1,1,168000
Ideal,2,46,1,1,180000
Gleba Fazenda Palhano,3,185,2,5,1890000
Portal de Versalhes 1,3,159,4,2,750000
Leonor,2,46,1,1,185000
Paraíso,2,56,1,1,249000
Gleba Fazenda Palhano,3,139,2,3,1650000
Cafezal,3,184,1,1,647000
Jardim Império do Sol,3,182,2,4,490000
Brasília,4,161,3,3,730000
Conjunto Parigot de Souza 1,3,130,2,2,360000
Champagnat,2,65,1,2,375000
Jardim Shangri-la A,2,52,1,2,410000
Residencial José Lázaro Gouvea,3,300,2,5,2800000
Jardim Colúmbia D,3,85,2,2,329810
Cafezal,3,80,2,2,240000
Jardim Tókio,3,180,2,2,320000
Quebec,4,240,4,4,1450000
Gleba Fazenda Palhano,3,165,2,5,1500000
Conjunto Semiramis Barros Braga,4,128,5,2,420000
Conjunto Habitacional Santiago II,3,95,2,1,520000
Vila Casoni,3,128,2,2,350000
Jardim Morumbi,2,91,1,2,249000
Santa Rosa,3,115,2,2,1300000
Jardim São Jorge,3,119,2,4,1470000
Conjunto Habitacional João Turquino,2,45,1,1,180000
Centro,3,106,1,3,620000
Terra Bonita,2,70,1,2,580000
Gleba Fazenda Palhano,2,89,3,2,850000
Gleba Fazenda Palhano,3,81,2,2,800000
Centro,3,133,1,3,580000
Jardim Santa Alice,4,236,5,4,700000
Guanabara,3,396,4,5,3500000
Bela Suiça,2,70,1,2,565000
Heimtal,3,80,2,1,215000
Centro,3,86,1,2,680000
Conjunto Habitacional Alexandre Urbanas,3,210,4,4,1785000
Gleba Fazenda Palhano,3,137,2,5,1250000
Gleba Fazenda Palhano,2,75,2,2,720000
Bandeirantes,3,190,5,2,550000
Leonor,3,87,1,1,360000
Petrópolis,3,167,2,2,850000
Vivendas do Arvoredo,2,54,1,1,440000
Gleba Simon Frazer,3,290,4,5,1350000
Cafezal,3,200,3,1,600000
Vivendas do Arvoredo,3,320,2,5,3990000
Parque Residencial Alcântara,4,320,4,5,3000000
Jardim Guaporé,4,210,2,3,890000
Brasília,2,45,1,1,159000
Brasília,3,85,3,2,293000
Centro,2,111,2,1,480000
Campo Belo,1,563,5,4,2500000
Jardim Agari,4,137,2,4,870000
Colúmbia,3,84,2,1,490000
Portal de Versalhes 1,1,50,1,1,170000
Jardim Moema,3,90,2,2,190000
Esperança,4,312,2,4,3500000
Recanto do Salto,3,265,4,2,2740000
Jardim Central Park,3,180,5,3,1290000
Residencial Vila Romana,2,125,1,2,555000
Gleba Fazenda Palhano,3,221,3,4,2400000
Gleba Fazenda Palhano,3,151,2,4,1980000
Colinas,3,72,2,2,240000
Vila Brasil,3,65,1,2,434600
Centro,4,290,2,2,3000000
Gleba Fazenda Palhano,3,130,2,3,1190000
Vale dos Tucanos,1,36,1,1,140000
Gleba Fazenda Palhano,3,235,3,5,2950000
Recanto do Salto,3,330,4,4,3600000
Residencial Terra Nova,2,96,2,1,160000
Terra Bonita,3,97,1,2,980000
Centro,2,63,1,1,255000
Taliana,2,47,1,1,165000
São Vicente,3,65,1,1,430000
Jardim Morumbi,3,60,1,1,235000
Iguaçu,4,336,4,3,2470000
Gleba Fazenda Palhano,3,64,1,2,499000
Jardim Paris,2,250,3,1,200000
Leonor,2,46,1,1,185000
Cinco Conjuntos,3,139,2,1,290000
Jardim Morumbi,3,140,4,2,1100000
Gleba Fazenda Palhano,3,170,2,4,1277000
Jardim das Américas,2,58,1,1,160000
Gleba Fazenda Palhano,3,220,3,4,2500000
Gleba Fazenda Palhano,3,90,1,3,848870
Caiçaras,4,718,5,5,4700000
Jardim Presidente,3,71,2,2,690000
Santa Rosa,3,70,2,2,630000
Centro,3,204,2,4,2880500
Brasília,3,190,2,3,680000
Ideal,3,150,2,2,700000
Gleba Fazenda Palhano,3,181,2,3,2790000
Jardim Colúmbia D,2,58,1,1,235000
Coliseu,3,264,4,2,810000
Estância Santa Paula,3,250,5,3,1980000
Colúmbia,3,84,2,1,350000
Centro,3,139,3,3,675000
Brasília,2,86,2,1,275000
Bela Suiça,4,419,4,5,5000000
Gleba Fazenda Palhano,3,200,3,5,2300000
Gleba Fazenda Palhano,2,103,2,2,999000
Brasília,4,115,2,2,610000
Gleba Fazenda Palhano,3,151,2,4,2300000
Brasília,3,157,2,3,598700
Brasília,3,96,2,2,450000
Nova,3,439,1,1,600000
Heimtal,3,100,2,2,560000
Bela Suiça,3,97,1,1,450000
Fraternidade,2,93,3,2,250000
Leonor,2,46,1,1,165000
Jardim Maria Celina,3,66,1,1,360000
Lagoa Dourada,3,97,4,2,550000
Esperança,3,250,4,2,2800000
Caravelle,3,363,4,2,950000
Gleba Fazenda Palhano,2,122,2,3,1350000
Brasília,3,160,2,3,660000
Centro,2,70,1,1,235000
Gleba Fazenda Palhano,3,113,2,1,988000
Gleba Fazenda Palhano,4,410,4,1,3600000
Conjunto Habitacional Violim,2,70,2,1,139000
Terra Bonita,3,119,2,2,700000
Centro,3,158,4,1,599700
Leonor,3,160,2,3,659720
Brasília,2,44,1,1,210000
Vivendas do Arvoredo,3,178,2,2,2990000
Leonor,2,46,1,1,95000
Gleba Fazenda Palhano,3,68,1,1,520000
Jardim São Paulo II,2,49,1,1,195000
Cidade Industrial 2,2,44,1,1,210000
Jardim Paris,1,75,3,1,215000
Brasília,3,115,2,3,1367000
Residencial José Lázaro Gouvea,3,70,1,2,550000
Jardim das Américas,3,90,1,2,490000
Califórnia,3,191,4,3,650000
Messiânico,4,180,3,3,580000
Gleba Fazenda Palhano,2,100,2,3,1058100
Jardim Portal de Itamaracá,3,84,2,2,350000
Petrópolis,3,215,2,2,1200000
Loteamento Chamonix,3,80,2,2,435000
Jardim ltaparica,3,137,2,1,320000
Centro,4,159,2,1,695000
San Conrado,3,120,1,1,440000
Jardim Oscavo Santos,3,120,2,2,570000
Gleba Fazenda Palhano,3,122,2,3,1350000
Andrade,3,124,2,2,1250000
Taliana,2,47,1,1,180000
Jardim Santa Cruz,3,57,1,1,150000
Terra Bonita,3,73,1,2,440000
Vila Larsen 1,2,57,1,2,380000
Monte Belo,3,186,4,2,1119280
Jardim Belo Horizonte,3,90,2,2,420000
Aurora,2,55,1,2,498000
Jardim Shangri-la A,3,67,1,2,480000
Jardim São Tomás,3,95,2,3,530000
Centro,1,43,2,2,430000
Lagoa Dourada,3,97,5,3,550000
Vale dos Tucanos,2,105,1,2,350000
Jardim Vale Verde,3,89,1,2,215000
São Pedro,2,49,1,1,150000
Jardim Morumbi,3,58,1,1,240000
Nova Olinda,2,100,1,1,300000
Centro,3,261,2,4,650000
Jardim Londrilar,3,139,2,2,795000
Portal de Versalhes 2,5,264,4,4,750000
Terras de Santana II,3,188,2,4,1400000
Brasília,3,85,2,2,409900
Centro,3,90,2,4,600000
Jardim Morumbi,3,57,1,1,205000
Gleba Fazenda Palhano,2,62,1,2,680000
Brasília,4,122,2,4,1272000
Bela Suiça,3,232,3,5,2800000
Paulista,3,90,1,2,350000
Gleba Fazenda Palhano,2,82,2,3,890000
Centro,3,70,1,2,660000
Jardim Neman Sahyun,3,180,2,2,350000
Rodocentro,3,110,2,3,553000
Panorama,3,62,1,1,150000
Armindo Guazzi,3,140,2,1,300000
Jardim Jóquei Club,2,45,1,1,235000
Gleba Fazenda Palhano,3,74,1,2,610000
Conjunto Habitacional Doutor Farid Libos,2,44,1,1,200000
Brasília,3,133,2,2,488000
Centro,2,44,1,1,65000
Vivendas do Arvoredo,3,194,4,5,2350000
Centro,3,160,1,3,330000
Jardim da Luz,1,75,5,1,300000
Conjunto Habitacional Jamile Dequech,2,90,1,1,130000
Gleba Fazenda Palhano,3,185,2,5,1960000
Terra Bonita,4,272,4,5,2000000
Santa Rita 2,2,54,1,1,122000
Gleba Fazenda Palhano,3,112,1,3,1325000
Gleba Fazenda Palhano,2,46,1,1,320000
Ernani Moura Lima,2,60,1,1,250000
Portal de Versalhes 2,3,180,2,4,980000
Centro,4,297,3,4,1440000
Parque Jamaica,3,70,1,1,199000
Vila Larsen 1,3,66,1,2,350000
Residencial Vila Romana,2,125,1,2,555000
Conjunto Habitacional Alexandre Urbanas,3,190,4,4,1488900
Esperança,3,130,1,2,530000
Vitória,3,60,1,2,370000
Gleba Fazenda Palhano,2,58,1,2,670000
Recanto do Salto,3,420,4,4,3900000
Parque Jamaica,2,54,1,1,160000
Centro,3,74,1,2,320000
Loteamento Chamonix,3,80,1,2,369000
Jardim Império do Sol,3,106,2,2,475000
Esperança,3,225,4,3,1900000
Jardim Sérgio Antônio,2,51,1,1,145000
Gleba Fazenda Palhano,3,133,2,3,1474000
Centro,4,272,2,5,1500000
Jardim Barcelona,3,129,2,2,370000
Nossa Senhora de Lourdes,3,96,1,1,210000
Esperança,4,290,2,5,3500000
Terras de Santana II,3,280,2,5,1980000
Cláudia,3,76,1,1,290000
Leonor,2,63,4,1,275000
Esperança,2,41,1,1,114838
Centro,3,177,1,2,805000
Gleba Fazenda Palhano,3,88,2,2,720000
Portal de Versalhes 2,3,405,5,3,950000
Sabará III,3,62,1,1,310000
Jardim Novo Sabará,2,45,1,1,165000
San Fernando,2,48,1,1,150000
Parque Jamaica,3,71,1,2,490000
Gleba Fazenda Palhano,3,111,2,3,1250000
Gleba Fazenda Palhano,3,113,2,1,720000
Parque Jamaica,2,45,1,1,145000
Parque Residencial Joaquim Toledo Piza,3,130,2,2,695000
Jardim Morumbi,3,243,4,4,1500000
Jardim Morumbi,3,146,2,5,1000000
Recanto do Salto,4,400,4,5,3900000
Lago Parque,3,380,5,5,2450000
Brasília,3,350,5,3,1550000
Jardim América,2,54,1,1,200000
Jardim São Jorge,4,283,3,5,3800000
Califórnia,3,176,1,2,280000
Conjunto Habitacional Alexandre Urbanas,3,150,4,4,1050000
Gleba Fazenda Palhano,3,169,2,4,1290000
Gleba Fazenda Palhano,3,155,3,5,2000000
Santa Izabel,2,46,1,1,200000
Brasília,2,53,1,1,230000
Andrade,4,327,5,2,1000000
Pinheiros,3,150,4,3,500000
Andes,3,70,1,1,309999
Bela Suiça,4,419,4,5,5350000
Gleba Fazenda Palhano,2,46,1,1,285000
Brasília,2,76,2,1,324000
Centro,3,110,1,2,450000
Brasília,2,72,1,1,240000
Terra Bonita,3,67,1,2,445000
Jardim Nova Esperança,3,70,3,2,298000
Coliseu,2,40,1,1,104296
Jardim Colúmbia D,2,200,2,2,470000
Lago Parque,4,202,3,3,1000000
Esperança,4,426,4,5,4900000
Cafezal,3,135,2,3,675000
Brasília,3,90,2,2,365000
Conjunto Habitacional Santiago II,3,55,1,1,295000
Granville Parque Residencial,3,320,5,4,1750000
Gleba Simon Frazer,3,189,2,3,1500000
Jardim América,3,320,5,2,620000
Alto da Colina,1,43,1,1,150000
Jardim São Jorge,5,515,4,5,7000000
Ouro Verde,2,45,1,1,190000
Universitário,3,135,3,2,790000
Jardim Morumbi,2,55,2,1,440000
Condomínio Vale do Arvoredo,4,220,4,4,1440000
Gleba Fazenda Palhano,3,139,2,4,1550000
Gleba Fazenda Palhano,3,95,2,2,960000
Jardim Presidente,3,104,2,2,290000
Residencial José Lázaro Gouvea,3,70,1,2,510000
Gleba Fazenda Palhano,2,103,2,3,995000
Jardim Imagawa,3,170,1,1,800000
Centro,2,56,1,2,380000
Conjunto Semiramis Barros Braga,3,200,1,1,200000
Leonor,3,119,2,2,449000
Paraíso,2,47,1,1,170000
Centro,4,413,3,4,1550000
Gleba Fazenda Palhano,3,124,2,4,1395000
Gleba Fazenda Palhano,2,45,1,1,250000
Petrópolis,3,374,4,3,860000
Santa Rosa,3,245,3,5,2400000
Jardim Agari,3,75,1,1,335000
Judith,3,110,2,2,695000
Gleba Fazenda Palhano,3,130,2,3,998000
Universitário,4,190,2,3,900000
Gleba Fazenda Palhano,3,111,2,3,1310000
Jacomo Violin,4,140,3,2,320000
Tucano,5,686,5,3,4500000
Esperança,5,302,4,5,3190000
Paraíso,2,41,1,1,185000
Jardim Alvorada,3,280,2,1,720000
Centro,2,158,1,3,720000
Gleba Fazenda Palhano,3,216,3,1,2350000
Guanabara Parque Boulevard,3,104,2,3,1150000
Conceição,3,87,1,2,399000
Jardim das Américas,3,57,1,1,155000
Bela Suiça,3,113,2,3,780000
Esperança,3,155,1,1,530000
Portal de Versalhes 1,1,25,1,1,150000
Brasília,3,179,4,3,400000
Progresso,2,116,2,1,167000
São Pedro,3,200,3,4,592000
Centro,3,120,1,2,520000
Santa Rosa,3,108,2,3,1280000
Centro,3,175,2,4,549000
Colúmbia,3,97,2,2,380000
Gleba Fazenda Palhano,3,338,3,4,5165000
Jardim Itatiaia 2,3,126,5,3,2700000
Jardim Shangri-la A,3,400,5,2,1380000
Conjunto Café,3,62,1,1,210000
Gleba Fazenda Palhano,3,110,2,2,1100000
Brasília,2,44,1,1,125000
São Vicente,2,65,1,2,439000
Conjunto Semiramis Barros Braga,2,110,1,2,140000
Ouro Verde,2,46,1,1,165000
Aurora,3,69,1,2,450000
Esperança,5,360,5,5,3500000
Cafezal,3,230,1,4,520000
Andrade,3,71,1,3,280000
Gleba Fazenda Palhano,3,103,2,3,860000
Jardim Planalto,3,111,2,2,530000
Esperança,3,300,4,4,2500000
Gleba Fazenda Palhano,3,78,1,2,750000
Dom Pedro,4,350,4,4,950000
Gleba Fazenda Palhano,3,112,2,3,1100000
Jardim do Lago,3,217,2,1,1850000
Industrial,3,98,3,1,180000
Centro,3,90,1,1,250000
Brasília,3,250,4,3,715000
Santa Rosa,2,87,1,1,691700
Jardim Montecatini,3,145,2,2,1175000
Jardim Maria Celina,2,47,1,1,220000
Centro,2,64,1,1,190000
Pacaembu,3,275,4,2,750000
Brasília,3,70,4,2,250000
Bela Suiça,3,120,2,1,780000
Conjunto Habitacional João Turquino,2,46,1,1,180000
Califórnia,3,123,2,2,750000
Residencial Abussafe,2,144,4,1,460000
Jardim Maria Celina,2,45,1,1,210000
Jardim Tókio,3,58,1,2,230000
Terra Bonita,2,62,1,2,718000
Paulista,2,97,5,1,230000
Nova,3,150,3,1,450000
Terra Bonita,2,70,1,2,610000
Residencial José Lázaro Gouvea,3,70,1,2,500000
Esperança,3,150,2,4,1395000
Gleba Fazenda Palhano,3,66,2,2,600000
Vila Fujita,3,149,2,3,820000
Centro,3,98,1,2,550000
Jardim Europa,3,68,1,2,220000
Gleba Fazenda Palhano,3,136,3,4,1590000
Aurora,2,55,1,2,432500
Centro,4,250,1,1,1980000
Residencial Abussafe,5,220,2,3,699999
Gleba Fazenda Palhano,3,195,3,4,2000000
Ouro Verde,2,47,1,1,170000
Jardim Morumbi,3,140,2,2,500000
Caravelle,3,158,2,2,450000
Conjunto Habitacional José Garcia Molina,2,45,1,1,155000
Colinas,2,76,3,1,250000
Jardim das Américas,2,42,1,1,165000
Jardim das Américas,2,65,1,1,266000
Santa Rosa,3,182,2,4,2180000
Jardim Maria Luiza,3,209,2,3,520000
Petrópolis,3,215,3,3,1200000
Gleba Fazenda Palhano,3,224,4,3,2195000
Jardim Maria Celina,2,48,1,1,160000
Jardim Portal de Itamaracá,3,117,2,3,610000
Colinas,2,70,1,1,230000
Vila Fujita,3,224,2,5,895000
Dom Bosco,4,266,3,4,2550000
Gleba Fazenda Palhano,3,185,4,5,2200000
Gleba Fazenda Palhano,3,236,4,4,2390000
Parque do Lago Juliana,4,340,4,5,2700000
Gleba Fazenda Palhano,2,81,2,2,670000
Recanto do Salto,4,5000,3,5,10000000
Esperança,4,312,4,4,3380000
Jardim América,3,65,1,1,255000
Jardim Maria Luiza,2,42,1,1,149000
Vila Brasil,2,55,1,2,340000
Centro,2,137,2,2,560000
Gleba Fazenda Palhano,4,380,4,5,3400000
Brasília,2,80,1,2,340000
Parque Jamaica,2,51,1,1,260000
Gleba Fazenda Palhano,4,446,4,5,4000000
Canaã,3,292,4,5,1200000
Brasília,3,286,3,2,560000
Centro,3,179,2,4,750000
Gleba Fazenda Palhano,2,52,1,1,339000
Jardim Santa Alice,3,166,2,4,850000
Esperança,5,283,4,5,2895000
Jardim Higienópolis,3,102,1,3,599000
Centro,3,128,2,4,1180000
Parque Leblon,3,133,1,2,390000
Centro,2,64,1,2,380000
Universitário,3,180,1,3,900000
Gleba Fazenda Palhano,3,114,2,2,900000
Jardim Nova Londrina,4,300,4,3,1300000
Caravelle,3,268,2,4,1200000
Centro,3,125,1,2,370000
Jardim Tarumã,3,156,3,3,700000
Jardim Higienópolis,3,203,3,1,550000
Santa Rosa,3,98,2,2,975000
Centro,3,90,2,2,435000
Esperança,4,660,3,5,7900000
Jardim Burle Marx,3,130,2,3,795000
Jardim Itatiaia 2,2,489,4,3,1290000
Gleba Fazenda Palhano,2,89,2,3,880000
Jardim Morumbi,3,140,2,2,500000
Esperança,3,175,4,3,1980000
Jardim Shangri-la A,4,300,2,3,750000
Catuai,3,80,2,1,280000
Jardim Nações Unidas,2,47,1,1,218000
San Remo,3,152,2,2,550000
Gleba Fazenda Palhano,3,68,1,2,480000
Santa Mônica,3,150,2,3,543000
Jardim Primavera,3,85,4,3,320000
Gleba Fazenda Palhano,3,165,2,5,1890000
Gleba Fazenda Palhano,3,122,2,3,1350000
Terra Bonita,3,84,2,2,795000
Jardim São Paulo II,3,80,1,2,319000
Colúmbia,2,90,2,1,298000
Colinas,2,48,1,1,200000
Centro,2,72,1,1,200000
Gleba Fazenda Palhano,2,47,1,1,270000
Cinco Conjuntos,3,70,1,1,190000
Andrade,3,72,1,2,530000
Esperança,3,400,3,4,1700000
Vila Siam,3,69,1,2,620000
Jardim das Américas,3,57,1,1,160000
Antares,3,182,2,3,440000
Parque Residencial Joaquim Toledo Piza,4,140,2,2,375000
Taliana,2,50,1,1,170000
Tucano,3,350,2,4,3590000
Aurora,3,66,2,2,370000
João Paz,2,85,1,1,170000
Centro,1,30,1,1,150000
Gleba Fazenda Palhano,3,88,2,2,850000
Andrade,3,437,3,2,1230000
Tucano,4,2500,5,5,4500000
Vila Siam,3,67,1,2,630000
Caravelle,4,268,4,3,1200000
Brasília,3,86,2,2,660000
Jardim Aliança,2,58,1,1,260000
Gleba Fazenda Palhano,3,81,2,2,730000
Brasília,3,64,1,2,480000
Gleba Fazenda Palhano,2,62,1,2,629000
Brasília,2,80,2,2,244000
Brasília,3,64,1,2,360000
Tarobá,4,260,1,4,500000
Brasília,3,260,2,3,644000
Terra Bonita,2,63,1,2,439000
Jardim Belo Horizonte,3,87,2,2,470000
Vila Ipiranga,3,70,1,2,370000
Centro,3,287,2,2,1800000
Jardim Santos Paulo,3,113,2,3,460000
Gleba Fazenda Palhano,2,68,1,2,519000
Gleba Fazenda Palhano,3,185,2,4,1850000
Centro,3,74,1,1,350000
Residencial José Lázaro Gouvea,2,70,1,2,525000
Vila Ipiranga,1,60,1,1,225000
Vale dos Tucanos,2,64,1,1,185000
Jardim Presidente,3,71,2,2,670000
Iguaçu,3,440,2,5,2600000
Gleba Fazenda Palhano,2,75,1,1,710000
Parque Jamaica,3,160,4,4,1370000
Conjunto Habitacional Alexandre Urbanas,3,147,4,4,1220000
Centro,3,128,2,2,1350000
Conjunto Habitacional Santiago II,3,51,2,2,400000
Centro,3,93,1,1,290000
Cidade Industrial 2,3,146,2,2,1050000
Franca,3,186,2,2,320000
Alto da Colina,1,17,1,1,127000
Ernani Moura Lima,2,60,1,1,250000
Vitória,2,59,1,2,220000
Centro,1,23,1,1,240000
Santa Mônica,3,194,5,3,630000
Jardim Esperança,3,332,5,3,900000
Gleba Simon Frazer,3,140,4,4,1150000
Cafezal,5,110,2,3,700000
Recanto do Salto,4,245,2,5,2890000
Mediterrâneo,4,237,4,3,1750000
Portal de Versalhes 3,3,126,2,3,880000
Gleba Fazenda Palhano,3,160,2,3,1080000
São Vicente,3,66,1,2,460000
Parque Jamaica,2,57,1,1,220000
Jardim Presidente,2,71,2,2,650000
Jardim Paraná,3,57,1,1,225000
Gleba Fazenda Palhano,4,340,5,5,4300000
Brasília,2,490,2,3,509000
Esperança,4,210,2,2,1890000
Jardim Agari,2,57,1,1,450000
Gleba Fazenda Palhano,1,52,1,2,520000
Jardim Novo Sabará,4,324,5,3,700000
Conjunto Habitacional Doutor Farid Libos,2,45,1,1,191000
Ideal,2,80,1,2,330000
Gleba Fazenda Palhano,2,82,2,3,820000
Jardim Morumbi,4,273,2,3,1495000
Alpes,3,151,2,2,420000
Brasília,2,54,1,1,281000
Brasília,3,109,1,2,580000
Vila Ipiranga,2,67,1,1,330000
Ideal,2,70,1,2,269000
Centro,2,46,1,1,304500
Jardim São Paulo II,2,48,1,1,150000
Jardim Tókio,2,100,2,2,420000
Loteamento Chamonix,3,80,1,1,435000
Gleba Fazenda Palhano,3,117,2,2,750000
Gleba Fazenda Palhano,2,54,1,1,450000
Jardim Belo Horizonte,4,175,4,3,750000
Aurora,2,63,1,2,450000
Terra Bonita,3,70,2,2,570000
Brasília,2,45,1,1,233000
Colinas,2,41,1,1,200000
Bela Suiça,4,333,4,4,4000000
Mediterrâneo,4,450,2,5,2700000
Gleba Fazenda Palhano,2,73,1,2,880000
Leonor,3,220,4,2,500000
Jardim Pérola,3,160,3,3,650000
Jardim Tarumã,3,112,2,3,450000
Conjunto Habitacional Santiago II,2,80,1,1,380000
Esperança,4,312,4,5,3000000
Brasília,2,45,1,1,191000
Residencial José B Almeida,3,81,2,1,400000
Brasília,3,97,1,2,430000
Conjunto Habitacional Santiago II,3,65,1,1,240000
Gleba Fazenda Palhano,2,74,2,2,700000
Aurora,3,70,1,2,380000
Centro,3,212,2,1,400000
Terra Bonita,2,70,2,2,689350
Parque Jamaica,3,66,1,1,278000
Terra Bonita,4,200,4,4,1600000
Marumbi,4,191,4,2,1390000
Conjunto Habitacional José Garcia Molina,3,150,4,3,890000
Esperança,4,400,4,3,3900000
Brasília,3,90,1,2,220000
Jardim Nações Unidas,3,60,1,1,230000
Ouro Verde,2,45,1,1,160000
Jardim Bandeirantes,3,62,1,1,152500
Jardim Burle Marx,3,130,2,2,795000
Esperança,3,341,4,5,2400000
Esperança,3,216,3,5,2350000
Brasília,5,333,5,5,850000
Gleba Fazenda Palhano,3,207,3,4,2490000
Vivendas do Arvoredo,4,332,3,4,4800000
Centro,3,85,1,2,440000
Esperança,3,320,4,5,2400000
Gleba Fazenda Palhano,3,77,1,2,650000
Bela Suiça,3,232,4,5,3300000
Bandeirantes,3,80,2,2,420000
Gleba Fazenda Palhano,3,110,2,2,1060000
Centro,3,87,1,3,380000
Residencial Abussafe,3,83,2,2,435000
Centro,4,467,2,5,1700000
Brasília,4,250,4,3,995000
Gleba Fazenda Palhano,2,87,1,2,953000
Leonor,2,140,2,1,320000
Centro,3,87,1,3,380000
Gleba Simon Frazer,3,75,1,2,385000
Gleba Fazenda Palhano,3,130,2,2,1090000
Gleba Fazenda Palhano,3,120,2,3,1050000
Jardim Tókio,2,120,1,2,230000
Jardim Presidente,5,370,2,5,2500000
Centro,3,86,2,2,780000
Gleba Fazenda Palhano,3,216,2,5,3200000
Colonial,3,300,4,4,2500000
Jardim Agari,2,48,1,1,145000
Gleba Fazenda Palhano,2,75,1,2,690000
Brasília,3,87,1,2,320000
Centro,4,135,2,3,530000
Jardim Guararapes,3,100,5,2,400000
Jardim do Sol,3,82,2,2,650000
Catuai,3,130,2,2,350000
Centro,3,89,2,1,750000
Bela Suiça,4,240,4,5,3290000
Centro,2,65,1,1,280000
Terras de Santana II,4,300,2,5,3190000
Bela Suiça,2,168,2,4,1750000
Parque Residencial Alcântara,4,540,4,5,2200000
Universitário,3,176,4,3,1050000
Luiz de Sá,4,170,4,5,399100
Gleba Fazenda Palhano,3,87,1,2,890000
Jardim Império do Sol,2,57,2,1,240000
Brasília,3,300,3,3,1450000
Jardim Maria Celina,2,52,1,1,200000
Gleba Ribeirão Limeiro,2,43,1,1,245000
Brasília,2,70,2,1,230000
Terras de Santana II,3,287,4,5,3190000
Bela Suiça,5,1000,5,5,15000000
Jardim Portal dos Pioneiros,3,100,2,2,489620
São Pedro,2,45,1,1,185000
Residencial José Lázaro Gouvea,3,318,4,5,3500000
Brasília,2,46,1,1,191000
Conjunto Habitacional Alexandre Urbanas,3,207,4,4,1589999
Jardim Presidente,4,250,4,5,1630000
Esperança,4,365,3,5,3500000
Residencial Professora Marieta,2,90,2,2,250000
Jardim Higienópolis,1,45,1,1,340000
Universitário,3,313,5,5,2200000
Cidade Industrial 2,2,46,1,1,260000
Leonor,2,82,1,2,290000
Jardim Delta,2,110,2,2,480000
Parque Jamaica,3,69,1,2,340000
Esperança,4,343,4,4,3500000
Gleba Fazenda Palhano,3,185,3,4,1950000
Luiz de Sá,2,91,2,1,175000
Waldemar Hauer,3,122,5,2,400000
Jardim Aliança,3,230,3,2,250000
Centro,4,279,2,5,1200000
Centro,3,150,1,3,490000
Gleba Simon Frazer,3,149,4,5,1330000
Leonor,2,46,1,1,155000
Jardim Agari,2,75,1,1,250000
Jardim Maria Celina,1,47,1,1,200000
Centro,3,126,2,2,430000
Cidade Industrial 2,2,46,1,1,220000
Colúmbia,3,84,1,2,375000
Leonor,3,84,2,1,350000
Brasília,3,113,2,3,420000
Aurora,2,52,1,1,400000
Gleba Fazenda Palhano,3,173,2,5,1850000
Parque Jamaica,3,62,1,1,320000
Tarobá,3,192,3,2,360000
Conjunto Habitacional João Turquino,2,46,1,1,170000
Tucano,5,697,5,5,4800000
Leonor,2,46,1,1,180000
Centro,3,106,1,3,490000
Gleba Fazenda Palhano,3,167,2,5,1890000
Gleba Fazenda Palhano,3,122,2,4,1300000
Gleba Fazenda Palhano,3,79,2,2,629000
Colina Verde,5,463,4,5,1950000
Vale das Araucárias,3,273,4,4,2100000
Santa Rosa,3,86,2,2,890000
Vivendas do Arvoredo,3,178,2,5,2990000
Santa Rosa,3,127,2,3,1414000
Brasília,2,45,1,1,130000
Jardim Morumbi,2,46,1,1,255000
Conjunto Vivi Xavier,3,200,3,2,500000
Champagnat,3,58,2,1,454900
Brasília,3,202,4,4,1800000
Esperança,2,45,1,1,230000
Brasília,1,49,2,1,235000
Brasília,2,67,1,1,212000
Brasília,3,177,1,2,795000
Centro,3,147,2,3,680000
Cidade Industrial 2,2,46,2,1,233000
Jardim Vilas Boas,3,78,2,2,195000
Jardim Strass,2,44,1,1,120000
Bela Vista,3,132,2,3,840000
Gleba Fazenda Palhano,4,400,2,5,5250000
Santa Rosa,3,90,2,2,1000000
Jardim do Sol,4,120,1,2,400000
Gleba Fazenda Palhano,3,81,2,2,850000
Califórnia,3,120,5,3,550000
Terra Bonita,2,62,1,2,673000
Bela Suiça,5,1000,5,5,15000000
Jardim do Lago,3,217,3,5,1790000
Ouro Branco,3,155,2,1,300000
Esperança,3,270,4,3,2650000
Centro,3,122,1,3,440000
Conjunto Habitacional Alexandre Urbanas,2,75,2,1,425000
Colúmbia,3,98,2,2,455000
Centro,2,52,1,1,350000
Paraíso,2,45,1,1,155000
Centro,4,405,2,5,1800000
Vale dos Tucanos,3,73,1,2,380000
Parque Jamaica,3,248,4,4,1590000
Gleba Fazenda Palhano,2,77,1,2,570000
Terra Bonita,2,63,2,2,460000
Jardim Nova Esperança,2,90,2,1,180000
Parque Residencial Alcântara,3,492,3,5,2890000
Jardim São Jorge,3,119,2,4,1235000
Brasília,3,70,1,2,315880
Jardim Montecatini,3,230,4,4,1780000
Industrial,2,44,1,1,145000
Vivendas do Arvoredo,4,332,5,5,4800000
Gleba Fazenda Palhano,3,124,3,4,1375000
Centro,3,116,2,3,1050000
Santa Rosa,3,207,3,4,2800000
Armindo Guazzi,2,104,1,2,440000
Jardim Morumbi,2,50,1,1,440000
Jardim das Américas,2,57,1,1,160000
Parque Residencial Michael Licha,3,80,1,1,230000
Mediterrâneo,5,549,5,5,3500000
Califórnia,4,430,4,4,1150000
Jardim ltaparica,3,137,2,1,320000
Jardim Maria Celina,3,86,1,1,240000
Recanto do Salto,3,225,4,4,3000000
Gleba Fazenda Palhano,3,82,2,2,680000
Mediterrâneo,5,309,4,5,1600000
Jardim Montecatini,3,146,1,1,990000
Santa Rosa,2,69,1,2,614530
Paraíso,2,46,1,1,165000
Chácaras Mussahiro,3,167,2,2,899000
Bela Suiça,4,427,4,5,5990000
Gleba Fazenda Palhano,3,100,2,2,1150000
Veraliz,3,71,1,1,569900
Gleba Fazenda Palhano,3,146,2,5,1704000
Brasília,3,93,2,2,510000
Centro,3,148,2,4,1400000
Residencial Verona,3,85,2,2,410000
Conjunto Habitacional Milton Gavetti,3,110,2,2,430000
Jardim Morumbi,3,205,4,4,1440000
Guanabara Parque Boulevard,3,81,1,2,698000
Tietê,3,50,1,1,189000
Armindo Guazzi,2,95,2,1,290000
Ideal,3,150,2,1,450000
Nova Olinda,2,46,1,1,125000
Jardim Planalto,3,111,2,2,530000
Leonor,2,130,1,1,260000
Jardim Morumbi,4,128,2,2,320000
Esperança,4,278,2,5,2490000
Andrade,3,71,1,2,300000
Alpes,3,220,4,1,575000
Esperança,3,175,4,3,1980000
Residencial Abussafe,2,144,4,1,460000
Jardim Morumbi,2,50,1,1,289000
Jardim Agari,2,57,1,1,168000
Jardim da Luz,3,92,4,1,490000
Gleba Fazenda Palhano,3,179,5,5,1950000
Parque Jamaica,2,47,1,1,170000
Leonor,3,68,2,1,300000
Colinas,3,88,1,2,350000
Jardim Montecatini,3,200,4,4,1785000
Terras de Santana II,3,188,2,4,1400000
Guanabara Parque Boulevard,3,80,1,2,610000
Gleba Fazenda Palhano,1,89,2,3,999000
Centro,3,90,1,2,430000
Brasília,3,114,1,2,275000
Centro,5,760,4,5,3400000
Vale das Araucárias,4,540,4,5,2600000
Parque Residencial Joaquim Toledo Piza,3,130,2,2,695000
Centro,3,64,1,2,420000
Gleba Fazenda Palhano,3,216,4,5,2500000
Centro,3,87,1,2,580000
Aurora,2,55,1,1,350000
Centro,3,131,1,3,595000
Centro,3,133,1,3,580000
Gleba Fazenda Palhano,3,214,3,4,2650000
Brasília,2,46,1,1,143500
Conjunto Habitacional Alexandre Urbanas,3,186,4,4,1650000
Gleba Fazenda Palhano,2,82,2,3,868970
Jardim Morumbi,2,63,1,1,350000
Gleba Ribeirão Limeiro,2,42,1,1,228000
Colúmbia,3,110,2,2,398000
Jardim Planalto,3,102,2,2,530000
Loteamento Chamonix,2,89,3,3,850000
Jardim Nações Unidas,2,45,1,1,195000
Ernani Moura Lima,3,240,4,1,400000
Brasília,1,33,1,1,138000
Petrópolis,3,78,1,2,620000
Brasília,2,64,1,2,668000
Conjunto Habitacional Santiago II,2,80,1,2,360000
Centro,3,130,1,3,690000
Gleba Simon Frazer,3,210,4,4,1785000
Jardim Esperança,3,130,1,2,555000
Mediterrâneo,5,250,4,5,1600000
Olímpico,3,120,1,1,185000
Cidade Industrial 2,2,45,1,1,270000
Centro,5,650,4,5,2500000
Santa Rosa,3,127,2,5,1489000
Tucano,4,687,4,3,4500000
Lago Parque,4,385,4,4,1290000
Residencial Moradias Tibagi,3,110,3,2,365000
Conjunto Habitacional Doutor Farid Libos,2,45,1,1,179670
Gleba Fazenda Palhano,2,84,2,3,925000
Jardim Agari,3,51,1,1,250000
Cidade Industrial 2,2,40,2,1,80000
Aurora,2,55,1,2,498000
Jacomo Violin,2,48,1,1,210000
Cidade Industrial 2,2,44,1,1,159000
São Vicente,3,67,1,2,398560
Brasília,3,106,3,3,460000
Brasília,3,63,1,2,310000
Terra Bonita,3,70,2,2,530000
San Remo,3,73,1,1,349000
Bela Suiça,4,102,2,2,700000
Colúmbia,2,78,3,1,350000
Conjunto Semiramis Barros Braga,2,62,1,1,180000
Cidade Industrial 2,3,233,4,4,1990000
Parque Jamaica,2,46,1,1,410000
Ernani Moura Lima,3,100,2,2,300000
Jardim Alvorada,3,77,1,3,390000
Gleba Fazenda Palhano,3,131,2,5,1250000
Centro,1,45,1,1,185000
Gleba Fazenda Palhano,3,90,2,2,890000
Jardim São Francisco de Assis,3,120,4,2,270000
Terra Bonita,3,73,1,2,430000
Gleba Fazenda Palhano,3,79,2,2,550000
Jardim do Leste,3,266,2,3,950000
Aurora,3,64,1,2,440000
Brasília,3,160,3,2,599900
Conjunto Habitacional Doutor Farid Libos,2,43,1,1,195000
Conjunto Habitacional Alexandre Urbanas,3,150,4,4,1050000
Parque Jamaica,4,158,2,2,865000
Centro,3,92,1,3,350000
Jardim Novo Sabará,2,45,1,1,130000
Santa Rosa,3,127,2,4,1420000
Colúmbia,3,113,2,4,500000
Bela Suiça,2,70,2,2,599999
Gleba Fazenda Palhano,3,181,2,5,2790000
Vila Larsen 1,3,75,2,1,400000
Gleba Fazenda Palhano,3,79,2,2,570000
Brasília,3,64,1,2,480000
Brasília,4,400,3,5,2772000
Cafezal,2,97,1,2,375000
Esperança,4,326,4,5,4470000
Gleba Fazenda Palhano,3,120,2,3,1050000
Brasília,2,70,1,2,636000
Centro,1,28,1,1,110000
Esperança,3,125,2,2,980000
Santa Rosa,3,78,1,2,740000
Conjunto Café,3,135,2,1,450000
Iguaçu,3,540,4,3,2570000
Gleba Fazenda Palhano,3,68,2,1,450000
Gleba Fazenda Palhano,3,79,2,2,650000
Monte Belo,3,186,4,2,1120000
Caiçaras,4,549,5,5,4700000
Terra Bonita,3,67,1,2,380000
Centro,3,86,2,2,800000
Gleba Fazenda Palhano,3,173,2,5,1990000
Brasília,2,47,1,1,165000
Brasília,3,155,2,4,540000
Terra Bonita,2,70,1,2,500000
Parque Residencial Joaquim Toledo Piza,4,200,4,2,300000
Cafezal,3,98,4,1,420000
Conjunto Habitacional Doutor Farid Libos,2,44,1,1,190000
Centro,4,405,2,5,1600000
Brasília,2,50,1,1,318000
Terra Bonita,3,66,1,2,360000
Brasília,3,80,1,2,396000
Conjunto Habitacional Alexandre Urbanas,5,110,2,2,1500000
Esperança,3,224,2,2,2900000
Centro,3,90,2,4,480000
Canaã,5,322,4,5,2200000
Brasília,3,131,4,3,499000
Conjunto Habitacional Doutor Farid Libos,2,46,1,1,180000
Brasília,2,100,1,3,466000
Bela Vista,3,83,1,3,370000
Conjunto Habitacional Doutor Farid Libos,2,48,1,1,220000
Gleba Fazenda Palhano,3,122,2,3,1350000
Centro,3,74,1,1,580000
Esperança,3,154,2,3,1450000
Brasília,3,360,3,2,600000
Aragarça,4,167,4,2,390000
Jardim Londrilar,3,205,3,4,1550000
Gleba Fazenda Palhano,2,74,2,1,670000
Brasília,3,166,2,3,850000
Centro,4,372,3,5,1900000
Itamarati,4,339,3,4,1100000
Jardim Morumbi,3,230,4,3,1800000
Alpes,3,170,2,3,399000
Conjunto Habitacional Doutor Farid Libos,2,48,1,1,177000
Lagoa Dourada,1,37,1,1,160000
Conjunto Café,3,148,2,1,240000
Jardim Jóquei Club,2,46,1,1,150000
Esperança,5,490,4,5,7000000
Centro,2,80,1,2,330000
Monte Belo,3,96,1,1,550000
Terra Bonita,3,73,1,2,500000
Jardim Morumbi,4,273,4,1,1500000
Recanto do Salto,4,313,4,5,3500000
Conjunto Habitacional Alexandre Urbanas,5,110,2,2,1500000
Bela Vista,3,77,1,3,380000
Jardim Morumbi,2,49,1,1,229000
Gleba Fazenda Palhano,3,151,2,5,1980000
Califórnia,3,102,1,1,280000
Vivendas do Arvoredo,1,262,4,5,3180000
Gleba Fazenda Palhano,3,195,3,3,2270000
Jardim Nações Unidas,2,47,1,1,170000
Conjunto Habitacional José Garcia Molina,2,45,1,1,170000
Vila Santa Terezinha,2,51,1,1,375000
Guanabara Parque Boulevard,3,104,2,3,1060000
Residencial Havana,4,190,4,4,1500000
Colinas,2,44,1,1,200000
Jardim Tókio,2,155,2,2,900000
Gleba Fazenda Palhano,4,235,4,5,3600000
Paraíso,2,51,1,1,170000
Jardim Maria Celina,1,35,2,1,240000
Gleba Fazenda Palhano,3,95,2,3,560000
Centro,2,43,1,1,250000
Centro,3,90,1,2,444760
Jardim Tarumã,3,150,3,3,590000
Centro,3,171,2,2,850000
Parque Jamaica,3,138,2,1,650000
Jardim Colúmbia D,3,120,2,2,260000
Aurora,2,64,1,2,450000
Gleba Fazenda Palhano,3,126,2,4,1450000
Jardim Santa Alice,3,157,4,3,630000
Esperança,4,311,2,5,3500000
Gleba Fazenda Palhano,3,103,2,3,930000
Gleba Fazenda Palhano,3,124,2,3,1399000
Conjunto Habitacional Maria Cecília Serrano de Oliveira,2,115,2,2,180000
Centro,3,650,2,5,1650000
Jardim Londrilar,4,205,2,3,1800000
Rodocentro,3,250,2,3,1539000
Jardim Honda 2,2,66,1,1,230000
Aurora,3,69,1,2,499480
Gleba Fazenda Palhano,4,370,3,5,2500000
Brasília,3,180,3,2,370000
Jardim Portal de Itamaracá,3,82,1,2,382000
Residencial Portal do Sol,3,83,1,2,319700
Jardim Morumbi,2,46,1,1,320000
Paraíso,2,44,1,1,159000
Aurora,3,69,2,2,430000
Jardim dos Estados,2,57,4,1,340000
Jardim Presidente,4,357,2,4,850000
Terra Bonita,3,225,4,3,1700000
Alpes,1,56,2,1,220000
Vila Larsen 1,5,320,5,4,850000
Jardim Maria do Carmo,2,146,2,2,395000
Gleba Fazenda Palhano,3,81,1,2,800000
Conjunto Habitacional Doutor Farid Libos,2,48,1,1,250000
Parque Residencial Michael Licha,3,150,2,3,490000
Parque Jamaica,3,66,1,2,350000
Brasília,2,49,1,1,144000
Brasília,2,92,2,2,190000
Esperança,3,220,2,3,1680000
Andrade,3,55,1,1,198000
Jardim Honda 2,3,71,1,2,235000
Jardim Morumbi,3,63,1,1,350000
Jardim Jóquei Club,3,137,2,2,690000
Centro,2,86,2,2,750000
Jardim Belo Horizonte,3,87,2,2,470000
Centro,3,70,1,1,320000
Esperança,4,472,4,5,4900000
Jardim Montecatini,3,233,4,4,1990000
Vila Shimabokuro,2,59,1,1,250000
Centro,4,451,2,5,1600000
Amaro,3,160,3,2,600000
Jardim Mazzei 1,3,123,3,2,290000
Colinas,2,78,1,2,290000
Guanabara Parque Boulevard,3,81,1,2,698000
Vivendas do Arvoredo,3,178,4,4,2990000
Gleba Fazenda Palhano,3,122,2,4,1275000
Centro,3,95,1,3,360000
Esperança,3,298,5,5,2990000
Vale dos Tucanos,2,56,1,2,255000
Conjunto Café,4,250,2,1,340000
Brasília,2,48,1,1,159900
Olímpico,2,41,1,1,245000
Cidade Industrial 2,2,45,1,1,230000
Gleba Fazenda Palhano,3,103,2,2,880000
Jardim Burle Marx,3,88,2,2,490000
Jardim Athenas,2,100,1,1,230000
Jardim Montecatini,2,78,1,1,320000
Jardim Itatiaia 2,2,205,4,3,1290000
São Vicente,3,64,1,2,450000
Bandeirantes,4,120,2,1,450000
Jardim Paris,3,103,3,2,285000
Brasília,3,66,1,2,320000
Gleba Fazenda Palhano,4,340,4,5,6500000
Recanto do Salto,4,330,4,5,3350000
Jardim Novo Sabará,3,87,2,1,380000
Esperança,3,216,3,3,2350000
Canaã,4,450,4,5,3000000
Jardim São Jorge,4,283,3,5,3960000
João Paz,3,90,3,3,380000
Jardim Nova Londres,3,80,2,1,290000
Santa Rita 3,3,167,2,3,450000
Residencial Quadra Norte,2,100,2,2,280000
Jardim Belém,2,59,1,1,250000
Centro,3,270,2,5,900000
Conjunto Habitacional Alexandre Urbanas,3,100,2,1,256613
Vila Ziober,4,300,2,3,950000
Vila Filipin,2,48,1,1,200000
Brasília,4,211,2,5,1650000
Campo Belo,3,66,1,1,270000
Recanto do Salto,4,313,5,3,1890000
Vale dos Tucanos,3,64,1,1,220000
Conjunto Semiramis Barros Braga,3,92,2,2,230000
Colúmbia,3,65,1,1,270000
Quebec,3,150,2,2,950000
Gleba Fazenda Palhano,3,79,2,2,629000
Centro,3,128,2,4,1200000
Centro,3,70,2,2,650000
Gleba Fazenda Palhano,3,122,2,4,1350000
Centro,1,56,1,1,480000
Gleba Fazenda Palhano,3,112,2,3,1150000
Gleba Fazenda Palhano,2,72,1,2,495000
Maringá,3,360,2,2,1200000
Brasília,4,260,4,4,820000
Esperança,3,313,4,2,3500000
Esperança,2,380,2,2,4800000
Gleba Fazenda Palhano,3,286,4,5,3099390
Gleba Fazenda Palhano,2,50,1,1,270000
Jardim Presidente,2,71,2,2,790000
Gleba Fazenda Palhano,2,65,1,1,590000
Residencial Professora Madalena Cardoso,2,53,1,1,150000
Centro,5,467,2,5,1800000
Centro,1,29,1,1,260000
Olímpico,3,184,4,4,1450000
Gleba Ribeirão Limeiro,2,44,1,1,215000
Brasília,2,60,2,1,195000
Residencial Abussafe,3,84,1,1,437000
Conjunto Residencial Marajoara,2,48,1,1,185000
Gleba Fazenda Palhano,2,47,1,1,290000
Jardim dos Estados,2,80,1,2,350000
Judith,3,84,1,2,680000
Conjunto Habitacional Alexandre Urbanas,4,206,2,4,1900000
Marumbi,4,191,4,3,1390000
Brasília,2,42,1,1,250000
Terra Bonita,3,212,2,5,1890000
Gleba Fazenda Palhano,3,112,2,3,1100000
Jardim Europa,3,68,1,2,270000
Santa Mônica,5,250,3,3,550000
Guanabara Parque Boulevard,3,104,2,3,1100000
Tucano,4,330,4,4,1350000
Igapó,2,61,1,1,195000
Cláudia,3,55,1,1,260000
Gleba Fazenda Palhano,2,92,1,2,1100000
Gleba Fazenda Palhano,3,165,2,4,1850000
Parque Jamaica,3,71,1,2,485000
Esperança,4,313,4,2,3500000
Jardim Sérgio Antônio,4,110,5,3,449000
Jardim Vale do Cedro,3,160,2,2,585000
Alto da Colina,1,44,1,1,150000
Olímpico,2,47,1,1,265000
Centro,3,107,1,1,399000
Residencial José B Almeida,3,80,1,1,380000
Catuaí Parque Residence,4,327,2,2,2700000
Jardim Maria Celina,2,36,1,1,209900
Terra Bonita,2,70,1,1,680000
Esperança,4,330,3,5,3800000
Conjunto Habitacional Alexandre Urbanas,3,130,4,2,465000
Esperança,4,283,4,5,3100000
Gleba Fazenda Palhano,2,122,2,3,1290000
Jardim Ok,3,150,2,2,580000
Centro,3,138,1,3,595000
Jacomo Violin,2,52,1,1,230000
Gleba Fazenda Palhano,2,46,1,1,285000
Centro,3,83,1,1,565000
Aurora,3,63,1,2,370000
Heimtal,3,126,2,3,580000
Jardim Morumbi,2,65,1,2,345000
Sabará III,3,100,3,3,550000
Vale dos Tucanos,4,300,5,3,2700000
Bela Suiça,3,156,2,5,1700000
Centro,3,96,1,2,350000
Leonor,3,110,4,2,450000
Bela Suiça,3,69,2,2,470000
Jardim Morumbi,3,108,1,3,300000
Gleba Fazenda Palhano,3,65,1,1,345000
Centro,2,69,1,1,210000
Andrade,3,56,1,1,208000
Brasília,3,69,1,2,550000
Brasília,2,50,1,1,129000
Bela Suiça,4,102,2,2,700000
Gleba Fazenda Palhano,2,54,1,1,410000
Residencial Vila Romana,2,77,3,1,340000
Esperança,3,270,4,4,1790000
Nova Olinda,2,47,1,1,110000
São Lourenço,3,247,4,1,680000
Alto da Boa Vista,4,130,2,2,295000
Brasília,2,71,1,1,263500
Gleba Fazenda Palhano,3,89,1,2,875000
Jardim Alvorada,3,200,4,4,850000
Brasília,3,80,2,2,371000
Jardim Santa Cruz,2,50,1,1,130000
Guanabara Parque Boulevard,3,81,1,2,590000
Parque Residencial Joaquim Toledo Piza,3,110,1,1,640000
Recanto do Salto,3,400,3,4,4750000
Guanabara,3,269,4,5,3190000
Santa Rosa,3,245,4,5,2700000
Waldemar Hauer,4,130,2,3,350000
Dom Pedro I,4,400,4,1,1150000
Gleba Fazenda Palhano,3,68,1,2,440000
San Fernando,3,100,3,2,650000
Jardim Tropical,3,117,1,2,380000
Santa Rosa,2,75,2,2,820000
Vila Siam,2,62,1,2,475000
Brasília,2,46,1,1,186000
Heimtal,3,51,1,1,165000
Conjunto Residencial Marajoara,2,45,1,1,170000
Centro,4,180,5,4,1100000
Gleba Fazenda Palhano,2,45,1,1,380000
Vivendas do Arvoredo,4,360,5,5,4500000
Residencial José B Almeida,2,83,2,2,300000
Pacaembu,3,120,2,2,180000
Operária,3,230,4,4,1800000
Centro,4,231,2,3,980000
Jardim Itatiaia 2,2,260,4,4,1290000
Petrópolis,3,78,2,2,689000
Gleba Fazenda Palhano,3,81,2,2,680000
Gleba Fazenda Palhano,3,129,2,3,1070000
Jardim Nova Londrina,4,421,5,3,2250000
Brasília,1,39,1,1,150000
Vivendas do Arvoredo,3,400,4,5,6500000
Centro,3,64,1,2,409000
Conjunto Café,3,60,1,1,228000
Brasília,3,70,1,2,480000
Monte Belo,3,74,1,2,620000
Jardim Higienópolis,2,74,1,2,730000
Perobinha,2,44,1,1,90000
Gleba Ribeirão Limeiro,2,43,1,1,215000
Conjunto Habitacional José Garcia Molina,3,100,2,2,420000
Conjunto Habitacional Maria Cecília Serrano de Oliveira,3,116,2,1,260000
Gleba Fazenda Palhano,3,120,1,3,1190000
Gleba Fazenda Palhano,3,233,2,2,2732000
Jardim dos Estados,3,130,2,1,485000
Vila Casoni,3,180,2,2,490000
Jardim Morumbi,3,148,2,3,1150000
San Fernando,4,115,2,2,620000
Jardim Santa Cruz,3,165,2,3,625000
Centro,3,128,2,2,1390000
Brasília,3,75,2,2,380000
Jardim Presidente,3,71,1,2,640000
Centro,3,74,1,2,355000
Jardim Aliança,2,95,3,1,295000
Jardim Maria Luiza,2,42,2,1,149000
Santa Rosa,3,246,4,4,2700000
Gleba Fazenda Palhano,2,54,1,2,450000
Brasília,3,98,2,2,545000
Dom Ático,3,165,3,1,700000
Gleba Fazenda Palhano,3,75,2,2,600000
Conjunto Vivi Xavier,3,53,1,1,160000
Conjunto Semiramis Barros Braga,3,77,2,1,180000
Parque Residencial Michael Licha,3,70,2,2,420000
Residencial Verona,2,50,1,1,250000
Santa Rosa,3,100,2,2,1150000
Jardim Monte Sinai,3,137,4,3,560000
Gleba Fazenda Palhano,3,68,1,2,570000
Centro,3,399,2,5,1100000
Mediterrâneo,5,450,4,5,1600000
Caravelle,3,268,2,3,1210000
Jardim São Paulo II,2,48,1,1,195000
Jardim Portal de Itamaracá,3,84,2,2,350000
Gleba Fazenda Palhano,2,85,2,2,955000
Gleba Fazenda Palhano,3,155,2,5,2000000
Conjunto Habitacional Milton Gavetti,3,150,3,2,315000
Gleba Fazenda Palhano,3,235,3,4,2950000
Santa Rosa,3,69,2,2,580000
Jardim Pérola,3,115,1,3,590000
Jardim Tókio,3,58,1,1,235000
Centro,3,117,2,4,1050000
Esperança,4,343,4,3,2680000
Gleba Fazenda Palhano,4,235,4,5,3600000
Centro,3,148,2,4,1200000
Centro,3,65,1,1,450000
Gleba Fazenda Palhano,3,142,1,3,1680000
Brasília,3,200,4,4,650000
Aurora,3,68,1,2,512000
Brasília,3,75,2,2,400000
Centro,1,52,1,1,460000
Colúmbia,3,90,1,2,380000
Centro,3,89,1,1,370000
Centro,3,103,1,3,545000
Guanabara,4,668,4,2,5900000
Gleba Fazenda Palhano,3,124,2,2,1420000
Vale dos Tucanos,3,77,2,2,520000
Caravelle,3,158,2,2,470000
Tarobá,3,192,3,2,360000
Boa Vista,3,430,5,5,1350000
Andes,3,70,1,1,290000
Gleba Fazenda Palhano,3,122,2,3,1300000
Condomínio Vale do Arvoredo,4,165,4,4,1300000
Brasília,3,123,2,2,550000
Vale dos Tucanos,3,64,1,1,180000
Brasília,2,57,2,1,270000
Marumbi,2,57,1,1,135000
Boa Vista,2,55,1,1,255000
Jardim Colúmbia D,2,96,3,3,700000
Centro,2,82,1,1,400000
Conjunto Semiramis Barros Braga,3,200,1,1,240000
Jardim Montecatini,2,68,1,1,270000
Portal de Versalhes 1,3,125,2,3,790000
Jardim América,3,71,1,2,370000
Gleba Fazenda Palhano,2,46,1,1,270000
Gleba Fazenda Palhano,3,117,2,3,750000
Gleba Fazenda Palhano,4,370,4,5,3600000
Jardim Império do Sol,3,189,2,4,790000
Champagnat,3,58,2,1,399900
Centro,3,118,1,3,340000
Catuai,3,80,2,1,280000
Santa Rosa,3,108,2,3,1150000
Tietê,2,42,1,1,139000
Vila Ipiranga,2,58,2,1,300000
Paraíso,2,50,1,1,144320
Centro,3,86,2,2,745000
Jardim Honda 2,3,68,1,2,245000
Coliseu,3,81,2,1,430000
Conjunto Habitacional José Garcia Molina,2,51,1,1,165000
Gleba Fazenda Palhano,3,181,4,5,1950000
Vale dos Tucanos,2,46,1,1,181000
Jardim São Paulo II,3,63,1,1,240000
Brasília,2,47,1,1,287000
Residencial Portal do Sol,3,82,1,1,299020
Heimtal,3,147,1,1,580000
Vila Larsen 1,3,70,1,2,260000
Granville Parque Residencial,3,220,5,4,1499000
Jardim Agari,4,136,2,5,820000
Brasília,3,168,2,4,650000
Santa Rosa,3,207,3,5,2800000
Brasília,2,50,1,1,170000
Esperança,3,266,1,5,2100000
Conjunto Parigot de Souza 1,3,120,2,2,240000
Conjunto Café,2,125,1,2,300000
Jardim Nova Esperança,3,70,3,1,270000
Gleba Fazenda Palhano,3,142,2,4,2000000
Santa Rosa,3,77,2,2,636000
Recanto do Salto,5,454,4,5,3600000
Brasília,2,60,2,1,208000
Leonor,2,46,1,1,240000
Conjunto Residencial Vivendas do Arvoredo,3,220,3,2,750000
Veraliz,3,168,1,2,470000
Brasília,3,117,2,2,650000
Gleba Fazenda Palhano,3,163,2,4,1450000
Centro,5,405,3,5,2200000
Vila Larsen 1,3,89,1,3,315000
Gleba Fazenda Palhano,2,100,2,3,1240000
Conjunto Parigot de Souza 3,2,70,2,1,220000
Jardim Tókio,2,80,1,2,260000
Aquilles Sthengel,3,160,2,2,220000
Gleba Fazenda Palhano,3,129,2,4,1170000
Bela Vista,3,83,1,2,340000
Ouro Verde,3,130,2,2,310000
Centro,2,111,2,3,1150000
Gleba Fazenda Palhano,3,97,2,3,520000
Santa Rosa,3,183,3,4,1900000
Gleba Fazenda Palhano,2,42,1,1,190000
Vila Casoni,3,90,1,1,200000
Andrade,2,72,1,2,530000
Centro,3,87,1,3,385000
Ideal,2,56,2,1,250000
Ideal,3,70,2,1,230000
Ouro Branco,3,275,1,1,300000
Jardim Santa Cruz,3,57,1,1,180000
Perobinha,3,75,5,2,220000
Gleba Fazenda Palhano,3,220,3,4,2385000
Centro,3,85,1,1,340000
Jardim Lolata,3,330,3,5,960000
Conjunto Café,2,98,1,2,350000
Conceição,3,79,1,2,380000
Conjunto Habitacional José Giordano,5,250,4,4,750000
Gleba Fazenda Palhano,4,340,5,5,5000000
Santa Rosa,2,69,1,2,596000
Jardim Maria Celina,3,250,2,2,205000
Ouro Verde,2,45,1,1,220000
Gleba Fazenda Palhano,3,137,2,3,1600000
Alpes,5,286,3,4,850000
Centro,1,29,1,1,235000
Vila Larsen 1,3,77,2,1,330000
Conjunto Professora Hilda Mandarino,3,100,2,2,425000
Chácaras Mussahiro,3,100,1,1,620000
Jardim Strass,2,51,1,1,125000
Parque Jamaica,3,72,1,2,535000
Lago Parque,5,313,5,5,2500000
Centro,1,29,1,1,230000
Caiçaras,5,549,5,5,4699000
Heimtal,2,147,3,2,600000
Jerumenha,2,78,1,2,370000
Gleba Fazenda Palhano,2,46,1,1,280000
Judith,3,84,1,2,699000
Parque Jamaica,3,70,1,1,215000
Centro,1,53,1,1,250000
Jardim Planalto,3,130,3,2,390000
Judith,1,279,4,4,990000
Jardim Morumbi,3,230,4,3,1800000
Bandeirantes,3,127,4,2,800000
Jardim São Jorge,4,283,3,5,3890000
Brasília,3,124,2,3,600000
Santa Rosa,3,207,3,5,2800000
Centro,3,76,1,2,550000
Vila Ipiranga,1,38,1,1,160000
Vitória,3,80,1,1,250000
Gleba Simon Frazer,3,190,4,4,1390000
Jardim Maria Luiza,2,41,1,1,96592
Hedy,3,100,1,1,225000
Jardim do Lago,3,212,2,5,1650000
Gleba Fazenda Palhano,3,68,1,1,420000
Gleba Fazenda Palhano,2,75,2,1,750000
Cafezal,3,200,5,2,529000
Cafezal,3,135,1,3,840000
Conjunto Santa Rita 6,3,150,5,3,599000
Gleba Fazenda Palhano,3,99,2,1,920000
Jardim São Tomás,2,70,1,2,275000
Leonor,3,70,1,1,170000
Boa Vista,4,230,3,4,1100000
Heimtal,2,45,1,1,160000
Brasília,3,144,4,4,1175000
Guanabara Parque Boulevard,2,89,2,2,920000
Terra Bonita,3,220,2,4,1650000
Parque Jamaica,3,72,2,2,599000
Jardim Shangri-la A,3,67,1,2,550000
Helena,3,200,4,4,650000
Jardim Pérola,3,115,3,3,850000
Gleba Ribeirão Limeiro,2,47,1,1,235000
Jardim Santa Alice,3,116,3,2,860000
Amaro,3,69,1,2,250000
Centro,1,26,1,1,244040
Bela Suiça,4,427,4,4,6050000
Vitória,3,119,2,2,520000
Brasília,3,120,2,3,1200000
Olímpico,2,54,1,2,310000
Aurora,2,55,1,2,428700
Gleba Fazenda Palhano,3,95,2,1,930000
Gleba Fazenda Palhano,2,81,2,2,820000
Dom Bosco,4,3502,3,5,920000
Jardim Londrilar,3,139,2,2,795000
Granville Parque Residencial,3,278,4,4,2300000
Heimtal,2,48,2,1,220000
Leonor,2,47,1,1,170000
Nossa Senhora de Lourdes,3,70,1,2,260000
Centro,3,86,1,2,355000
Gleba Fazenda Palhano,4,340,5,5,5200000
Gleba Fazenda Palhano,3,103,2,3,1199000
Parque Leblon,2,80,2,1,285000
Centro,4,234,2,4,890000
Brasília,3,87,2,2,370000
Colinas,2,72,2,2,260000
Esperança,3,290,2,4,2800000
Guanabara Parque Boulevard,3,104,2,3,1300000
Esperança,4,1009,5,1,16500000
Brasília,3,85,2,2,330000
Gleba Fazenda Palhano,3,69,1,2,490000
Petrópolis,5,170,1,2,650000
Gleba Fazenda Palhano,2,75,1,2,690000
Cafezal,3,99,2,2,372000
Esperança,3,313,4,4,3500000
Gleba Fazenda Palhano,3,76,1,1,560000
Vivendas do Arvoredo,4,400,4,5,4500000
Califórnia,3,120,2,3,529000
Vila Brasil,3,66,1,2,479900
Esperança,3,295,2,2,3950000
Gleba Fazenda Palhano,4,280,2,4,1750000
Jardim Maria Luiza,2,118,2,1,350000
Terra Bonita,3,73,1,1,525000
Conjunto Professora Hilda Mandarino,3,100,2,1,450000
Jardim dos Estados,2,100,1,2,350000
Jardim Planalto,4,90,1,1,247000
Residencial Abussafe,2,80,3,1,300000
Gleba Fazenda Palhano,3,114,2,2,1600000
Ouro Verde,3,115,2,2,410000
Gleba Fazenda Palhano,2,54,1,1,430000
Brasília,2,125,1,2,555000
Leonor,2,77,1,1,180000
Jardim Montecatini,3,75,1,2,379999
Jardim Itapoá,2,180,2,3,550000
Centro,4,367,2,5,1300000
Gleba Fazenda Palhano,3,112,2,4,1340000
Alto da Boa Vista,4,250,3,2,300000
Parque Jamaica,2,61,1,2,439000
Jardim Tókio,3,197,3,3,645000
Gleba Fazenda Palhano,3,83,2,2,785000
Jardim Moema,2,75,1,1,278000
Iguaçu,3,300,4,4,2250000
Jardim Belo Horizonte,3,90,1,2,420000
Vila Brasil,1,35,1,1,250000
Residencial José Lázaro Gouvea,3,70,1,2,520000
Terra Bonita,3,69,1,2,453000
Gleba Fazenda Palhano,2,46,1,1,277000
Gleba Fazenda Palhano,3,142,2,4,2140000
Conjunto Habitacional José Garcia Molina,2,53,1,1,150000
Vale dos Tucanos,3,77,1,2,500000
Brasília,3,200,2,1,230000
Conjunto Habitacional Alexandre Urbanas,3,150,4,4,990000
Jardim Burle Marx,4,260,4,3,1500000
Jardim Morumbi,3,225,2,4,1550000
Brasília,1,39,1,1,150000
Gleba Fazenda Palhano,2,51,1,1,395000
Conjunto Habitacional Alexandre Urbanas,4,201,4,5,1390000
Gleba Simon Frazer,3,252,2,1,1800000
Brasília,2,45,1,1,212000
Jardim Montecatini,3,220,2,2,970000
Brasília,3,250,2,2,473000
Ouro Branco,2,220,3,1,500000
Mediterrâneo,4,450,4,5,2700000
Gleba Fazenda Palhano,2,75,1,2,670000
Andrade,3,124,2,2,1250000
Centro,4,333,2,5,1350000
Caiçaras,1,377,5,2,4500000
Ideal,3,146,2,1,1150000
Jardim São Paulo II,2,63,1,2,250000
Gleba Ribeirão Limeiro,2,44,1,1,230000
Brasília,3,96,2,2,320000
Gleba Fazenda Palhano,3,167,2,5,1990000
Terra Bonita,2,79,1,2,818100
Residencial José Lázaro Gouvea,4,371,3,5,3290000
Brasília,3,95,2,2,490000
Centro,3,156,2,4,879220
Brasília,3,127,2,5,1230000
Centro,3,197,1,4,630000
Jardim Montecatini,2,72,2,1,350000
Jardim Pérola,2,91,1,1,450000
Garden Park Residence,4,153,1,3,670000
Centro,3,74,1,2,580000
Brasília,5,266,3,4,700000
Colinas,3,83,1,1,355000
Centro,2,60,1,1,269990
Gleba Fazenda Palhano,3,185,2,5,2000000
Santa Rosa,3,245,3,5,2990000
Messiânico,3,156,2,1,350000
Gleba Fazenda Palhano,3,113,2,3,900000
Jardim Santo Antônio,4,263,4,2,950000
Jardim Agari,2,56,1,1,120000
Santa Rosa,3,108,2,3,1350000
Gleba Simon Frazer,3,143,2,3,590000
Nova Olinda,2,48,1,1,190000
Recanto do Salto,3,450,5,5,3800000
Colonial,3,232,3,3,1550000
Conjunto Vivi Xavier,3,115,3,2,348000
Parque Jamaica,2,61,1,2,465000
Jardim Presidente,3,71,1,2,639000
Cafezal,3,90,5,2,450000
Centro,3,123,2,3,520000
Jardim Morumbi,3,64,1,2,310000
Lago Parque,3,280,2,5,1380000
Coliseu,3,175,4,4,970000
Jardim Agari,3,220,2,2,610000
Centro,3,168,1,3,450000
Esperança,5,295,4,5,2980000
Centro,3,86,1,2,830000
Jardim Guararapes,3,160,2,2,700000
Vila Ipiranga,3,67,1,1,219900
Sebastião de Melo César,3,110,1,2,250000
Caravelle,3,390,4,4,1400000
Jardim Central Park,3,206,2,5,1380000
Gleba Fazenda Palhano,3,181,4,5,2450000
Gleba Fazenda Palhano,3,200,4,5,2600000
Gleba Fazenda Palhano,3,173,3,3,1700000
Centro,3,133,1,3,458000
Jardim Monte Sinai,3,136,4,3,580000
Colinas,2,45,1,1,180000
Centro,2,75,1,2,375000
Colúmbia,2,80,1,2,260000
Centro,2,83,1,2,300000
Jardim Morumbi,3,144,2,3,1130000
Gleba Fazenda Palhano,3,146,2,3,1650000
Jardim Higienópolis,2,137,3,1,550000
Califórnia,2,48,1,1,266000
Jardim Prefeito Milton Menezes,3,90,1,1,420000
Vila Siam,2,69,1,2,630000
Heimtal,3,52,5,1,220000
Centro,3,168,2,3,480000
Gleba Fazenda Palhano,3,103,2,2,950000
Jardim Morumbi,3,66,1,2,290000
Brasília,3,88,2,2,450000
Centro,4,163,2,5,950000
Gleba Fazenda Palhano,2,46,1,1,320000
Jardim Santa Cruz,3,58,1,1,185000
Gleba Fazenda Palhano,2,54,1,1,459000
Gleba Fazenda Palhano,2,46,1,1,159000
Gleba Fazenda Palhano,2,75,1,2,655000
Centro,3,180,2,3,990000
Parque Residencial Joaquim Toledo Piza,3,130,2,2,695000
Sabará I,3,155,2,2,510000
San Remo,3,144,2,2,980000
Conjunto Residencial Marajoara,2,47,1,1,150000
Vila Filipin,2,50,2,1,190000
Brasília,3,300,4,5,2200000
Iguaçu,4,487,4,3,2250000
Perobinha,1,50,1,1,117500
Vale dos Tucanos,4,125,1,3,650000
Santa Izabel,3,80,2,1,300000
Conjunto Habitacional José Garcia Molina,2,45,1,1,155000
San Fernando,2,60,1,1,139990
Jardim Montecatini,2,75,1,2,270000
Jardim São Paulo II,2,49,1,1,230000
Jardim Tókio,3,58,1,1,250000
Brasília,2,58,1,1,265000
Jardim Morumbi,2,46,1,1,300000
Gleba Fazenda Palhano,3,80,2,2,770000
Vale dos Tucanos,2,45,1,1,210000
Aurora,2,55,1,1,370000
San Remo,3,73,1,1,340000
Conjunto Habitacional Maria Cecília Serrano de Oliveira,2,150,2,1,190000
Brasília,4,110,3,3,456000
Guanabara Parque Boulevard,3,104,2,2,980000
San Fernando,2,56,1,1,145000
Parque Jamaica,2,61,1,1,470000
Terra Bonita,2,70,2,2,650000
Jardim Maria Luiza,2,68,1,1,245000
Califórnia,4,400,2,4,1150000
Brasília,3,181,4,4,2438000
Jardim Presidente,2,71,2,2,565000
Centro,3,86,2,2,850000
Pacaembu,3,182,1,1,450000
Centro,3,107,1,2,400000
Cafezal,2,48,1,1,265000
Pacaembu,2,65,3,1,270000
Kennedy,3,280,2,4,1560000
Aurora,3,74,1,2,580000
Gleba Fazenda Palhano,3,114,2,3,1250000
São Vicente,3,108,1,1,265000
Jardim São Paulo II,2,52,1,1,190000
Centro,1,29,1,1,245000
Gleba Fazenda Palhano,2,73,1,2,880000
Colúmbia,3,83,2,2,350000
Parque Jamaica,2,50,1,2,359990
Gleba Fazenda Palhano,3,100,2,2,1150000
Esperança,3,300,2,5,2400000
Terra Bonita,3,188,2,3,1600000
Centro,3,71,1,2,380000
Centro,3,87,1,3,385000
Centro,1,78,1,2,345000
Tarobá,3,192,3,2,360000
Brasília,3,180,2,3,650000
Brasília,2,67,1,1,380000
Jardim das Américas,2,44,1,1,160000
Vale de San Izidro,2,59,1,2,245000
Nova,3,130,5,1,700000
Esperança,2,42,1,1,225000
Lima Azevedo,3,60,1,1,235000
Santa Rita 1,3,115,4,2,340000
Jardim do Lago,3,123,2,4,1280000
Cláudia,3,55,1,1,270000
Santa Mônica,4,180,4,2,590000
Nova Olinda,2,52,1,1,135000
Ipanema,3,158,3,2,745000
Jardim Santa Cruz,3,57,1,1,145000
Esperança,3,180,4,2,1650000
Newton Guimarães,2,83,2,1,270000
Giovani Lunardelli,3,110,2,1,380000
Bela Suiça,4,419,4,5,4700000
Heimtal,3,124,2,1,670000
Conjunto Habitacional Alexandre Urbanas,3,204,4,3,1790000
Jardim Agari,3,145,2,2,380000
Jardim Maria Celina,3,79,2,2,285000
Centro,3,90,1,2,350000
Esperança,5,283,4,5,3200000
Jardim Honda 2,2,75,1,1,230000
Vila Nova,2,53,1,2,240000
Gleba Fazenda Palhano,3,97,2,3,645000
Centro,2,60,1,1,290000
Centro,2,63,1,1,275000
Jardim Higienópolis,1,45,1,1,240000
Caravelle,3,267,4,5,850000
Jardim Santa Cruz,2,58,1,1,125000
Gleba Fazenda Palhano,3,110,3,4,1250000
Parque Jamaica,2,72,1,2,550000
Conjunto Habitacional Alexandre Urbanas,3,183,4,4,1480000
Centro,3,92,1,3,360000
Helena,2,37,1,1,239996
Leonor,2,180,4,2,300000
São Pedro,3,195,4,1,580000
Esperança,4,425,4,5,4900000
Cidade Industrial 2,2,74,1,1,230000
Colinas,3,87,1,1,357000
Centro,3,75,1,2,890000
Jardim Novo Sabará,3,83,2,2,370000
Petrópolis,3,78,1,1,620000
Champagnat,5,180,2,5,380000
Centro,3,128,2,3,1090000
Leonor,3,110,3,3,390000
Jardim Presidente,2,71,1,2,775000
Conjunto Café,3,82,2,1,290000
Bandeirantes,3,100,3,2,550000
Jardim Santos Paulo,4,266,4,4,1200000
Brasília,3,90,2,1,239000
Centro,3,128,2,3,1300000
Santa Rosa,3,245,3,5,2300000
Jardim Agari,3,93,1,2,515000
Gleba Fazenda Palhano,2,46,1,1,265000
Parigot de Souza 2,3,120,1,2,260000
Centro,3,138,2,1,650000
Vivendas do Arvoredo,3,400,4,4,5260000
Coliseu,3,140,2,1,450000
Jardim Shangri-la A,3,400,5,4,1385000
Judith,3,179,2,4,950000
Terra Bonita,2,62,1,2,549000
Alto da Boa Vista,3,180,4,2,430000
Campo Belo,3,163,3,2,480000
Jardim Morumbi,3,80,1,1,215000
Conjunto Parigot de Souza 1,2,96,2,2,390000
Colinas,2,44,1,1,178000
Recanto do Salto,4,317,3,4,4500000
Gleba Fazenda Palhano,3,175,2,4,1900000
Aquilles Sthengel,2,80,2,1,170000
Santa Rosa,3,245,3,5,2300000
Bela Suiça,4,352,4,5,3774400
Jardim Moema,3,70,1,1,290000
Gleba Fazenda Palhano,3,179,3,5,1890000
Terra Bonita,3,67,1,1,380000
Esperança,3,275,2,5,2350000
Gleba Fazenda Palhano,3,92,2,2,780000
Terra Bonita,3,73,1,2,430000
Gleba Simon Frazer,3,74,1,2,385000
Gleba Simon Frazer,4,235,4,5,1750000
Gleba Fazenda Palhano,3,95,2,2,949000
Esperança,3,498,4,3,4700000
Gleba Fazenda Palhano,3,181,5,4,2400000
Jardim Presidente,5,330,4,4,945000
Vila Siam,3,71,1,2,510000
Nova Olinda,2,48,1,1,160000
Maria Lúcia,3,140,2,1,450000
Gleba Fazenda Palhano,2,45,1,1,299000
Gleba Fazenda Palhano,3,130,2,5,1600000
Esperança,3,156,2,3,1190000
Brasília,3,133,1,2,260000
Jardim Londrilar,4,136,1,2,330000
Conjunto Semiramis Barros Braga,2,130,3,1,250000
Colinas,1,86,1,2,285000
Brasília,5,249,5,3,600000
Brasília,2,48,1,1,190000
Aurora,2,51,1,1,529999
Eucaliptos,5,221,4,3,500000
Jardim Burle Marx,4,171,2,5,850000
Recanto do Salto,3,341,3,5,2990000
Gleba Ribeirão Limeiro,2,42,1,1,195000
Centro,3,118,2,2,1100000
Colúmbia,2,90,1,3,450000
Jardim América,1,36,1,1,195000
Gleba Fazenda Palhano,3,74,1,2,620000
Parque Jamaica,3,70,1,1,199790
Judith,3,127,2,3,890000
Progresso,3,60,1,1,180000
Canaã,4,436,4,5,2500000
Gleba Fazenda Palhano,3,220,4,5,2400000
Vila Brasil,4,193,3,5,698000
Esperança,3,181,2,5,1990000
Centro,4,280,3,2,1250000
Gleba Fazenda Palhano,1,52,1,2,589000
Centro,3,177,1,2,820000
Esperança,3,182,4,4,1970000
Brasília,2,56,1,1,125000
Califórnia,3,138,2,3,390000
Centro,2,250,2,2,410000
Jardim Palermo,2,79,1,1,250000
Residencial Santa Clara,3,114,2,3,930000
Vila Siam,3,69,1,2,480000
Brasília,2,47,1,1,265000
Gleba Fazenda Palhano,2,133,2,2,1550000
Coliseu,4,300,4,4,849440
Jardim Agari,3,75,1,2,335000
Brasília,2,80,1,2,252000
Heimtal,3,100,2,2,540000
Centro,3,70,2,2,610000
Brasília,2,63,1,2,285000
Cidade Industrial 2,2,45,1,1,195000
Recanto do Salto,3,345,4,5,3590000
Centro,3,122,2,3,420000
Centro,3,78,1,2,560000
Gleba Fazenda Palhano,3,155,3,5,1680000
Vivendas do Arvoredo,3,179,2,5,2990000
Gleba Fazenda Palhano,1,58,1,2,700000
Jardim Santa Cruz,3,58,1,1,120000
Bandeirantes,3,140,2,3,670000
Jardim Maria Celina,2,98,3,2,230000
Pacaembu,3,185,3,3,680000
Bela Suiça,2,70,1,2,529000
Esperança,4,475,4,5,4900000
Jardim Montecatini,1,332,2,4,1700000
Jardim Vilas Boas,3,344,1,1,740000
Brasília,3,110,3,2,450000
Jardim Lilian,3,116,1,2,299000
Gleba Fazenda Palhano,3,236,4,3,3100000
Vila Nova,2,53,1,2,240000
Aparecida,5,332,4,5,790000
Ideal,3,69,1,1,220000
Colúmbia,2,57,1,1,225000
Ouro Verde,3,113,2,2,340000
Vila Fujita,3,200,2,5,1300000
Aurora,4,350,3,3,1680000
Brasília,3,130,2,2,348000
Gleba Fazenda Palhano,2,67,1,2,550000
Vale dos Tucanos,3,77,2,2,595000
Recanto do Salto,3,318,4,5,4300000
Catuai,3,80,2,1,299000
Terra Bonita,2,69,1,2,697000
Nikko,3,121,1,3,1205000
Gleba Fazenda Palhano,3,221,4,5,2620000
Califórnia,3,93,2,2,424000
Brasília,2,250,2,2,258000
Jardim Morumbi,3,57,1,1,199000
Conjunto Habitacional João Turquino,2,46,1,1,120000
Terras de Santana II,4,370,4,4,1500000
Terra Bonita,2,70,1,2,800000
Jardim Guararapes,3,150,3,2,695000
Gleba Fazenda Palhano,3,82,2,2,785000
Andrade,3,71,2,2,240000
Jardim Santa Cruz,3,58,1,1,149000
Terra Bonita,3,69,2,2,460000
Marumbi,2,94,5,2,430000
Gleba Fazenda Palhano,3,100,2,2,1150000
Brasília,3,79,2,2,795000
São Vicente,2,49,1,1,265000
Colúmbia,2,69,2,2,300000
Marumbi,2,45,1,1,160000
Gleba Fazenda Palhano,2,74,1,2,540000
Guanabara Parque Boulevard,3,89,2,2,950000
Santa Rosa,3,85,2,2,850000
Brasília,2,77,2,3,380000
Conjunto Habitacional Doutor Farid Libos,2,44,1,1,170000
Alpes,4,120,2,1,600000
Antares,3,78,1,2,300000
Centro,2,67,1,2,200000
Gleba Fazenda Palhano,2,74,1,2,700000
Gleba Fazenda Palhano,3,185,3,4,1930000
Vila Larsen 1,3,90,1,3,366000
Parque das Indústrias,3,300,1,2,340000
Gleba Fazenda Palhano,3,216,3,3,2500000
Conjunto Habitacional José Giordano,4,150,4,2,299000
Jardim Burle Marx,4,197,2,4,850000
Jardim Itatiaia 2,4,270,2,3,2200000
Brasília,2,70,1,2,270000
Nossa Senhora de Lourdes,2,81,1,2,255000
Jardim do Lago,4,217,2,5,1650000
Terra Bonita,1,92,2,2,965060
Gleba Fazenda Palhano,3,146,3,4,1650000
Vila Santa Terezinha,5,324,1,3,500000
Residencial José Lázaro Gouvea,3,69,1,2,449000
São Vicente,3,65,1,2,450000
Santa Mônica,3,140,3,3,490000
Santa Rosa,3,207,3,5,3250000
Cinco Conjuntos,3,130,2,1,230000
Vila Santa Terezinha,2,51,2,1,380000
Jardim São Jorge,3,119,2,4,1460000
Centro,4,257,2,4,899000
Esperança,3,266,4,4,2100000
Brasília,2,55,1,2,382000
Centro,4,205,2,1,750000
Esperança,3,215,4,3,2360000
Bandeirantes,3,100,2,2,549000
Cidade Industrial 2,3,220,4,4,1780000
Antares,3,107,2,3,499000
Parque Residencial Michael Licha,3,84,1,2,349670
Gleba Fazenda Palhano,3,163,2,4,1200000
Condomínio Royal Golf Residence,4,731,4,5,15000000
Jardim América,3,76,2,1,290000
Santa Rosa,2,69,1,2,600000
Colúmbia,3,90,2,2,380000
Centro,3,90,1,2,475000
Esperança,4,430,4,5,3500000
Leonor,3,78,1,1,270000
Jardim Presidente,3,100,4,1,750000
Centro,2,58,1,1,335000
Guanabara Parque Boulevard,3,89,2,2,1000000
Gleba Fazenda Palhano,3,207,3,4,2800000
Cidade Industrial 2,2,42,1,1,159000
Centro,3,78,1,2,550000
Brasília,3,200,3,2,420000
Jardim Presidente,3,71,2,2,759000
Terra Bonita,4,308,3,5,2500000
Shangri-lá,4,69,2,1,280000
Gleba Fazenda Palhano,3,235,3,1,3300000
Gleba Fazenda Palhano,3,87,1,2,799000
Vale dos Tucanos,3,64,1,1,200000
Conjunto Habitacional José Garcia Molina,2,49,1,1,158000
Jardim América,3,67,1,2,460000
Jardim Maria Celina,2,47,1,1,190000
Jardim Agari,3,45,1,1,170000
Vila Ipiranga,2,75,1,1,300000
Paraíso,1,45,1,1,110000
Centro,3,184,2,5,1100000
Brasília,2,51,1,1,189000
Jardim Vale Azul,3,70,2,2,280000
Bela Suiça,4,419,4,5,4850000
Terra Bonita,3,180,2,2,697000
Centro,3,83,1,2,819900
Colúmbia,2,62,2,1,247000
Jardim Higienópolis,2,73,1,2,700000
Jardim Shangri-la A,3,203,4,2,800000
Waldemar Hauer,3,180,2,4,1450000
Santa Rita 1,3,114,5,1,575000
Colúmbia,2,62,1,1,280000
Brasília,2,67,1,1,380000
Alto da Boa Vista,3,120,1,1,290000
Vila Shimabokuro,1,41,1,1,160000
Califórnia,3,112,3,3,750000
Jardim Mazzei 1,2,170,1,1,700000
Gleba Fazenda Palhano,3,236,3,5,2800000
Esperança,4,313,2,4,3450000
Pacaembu,2,55,2,2,140000
Gleba Fazenda Palhano,3,181,3,5,1950000
Jardim Nações Unidas,2,45,1,1,185000
Jardim Alvorada,4,280,3,4,1500000
Jardim Jóquei Club,2,40,1,1,210000
Jardim Graziela,3,85,1,2,477000
Olímpico,2,46,1,1,277000
Gleba Fazenda Palhano,3,186,4,4,2750000
Jardim Higienópolis,2,68,1,2,350000
Jardim Tókio,5,176,1,3,240000
Brasília,3,125,2,2,421000
Jardim Graziela,3,85,1,2,477000
Jardim Lilian,3,134,1,3,310000
Centro,2,56,1,2,370000
Vila Brasil,2,54,1,2,340000
Parque Residencial Joaquim Toledo Piza,4,300,2,4,750000
Terra Bonita,2,70,1,2,695000
Esperança,3,229,5,5,2400000
Guanabara,4,130,2,3,1500000
Gleba Fazenda Palhano,1,45,1,2,475000
Gleba Fazenda Palhano,3,114,2,3,1500000
Bela Suiça,4,419,4,5,5250000
Gleba Fazenda Palhano,3,99,1,3,920000
Conjunto Habitacional Doutor Farid Libos,2,43,1,1,205000
Lago Parque,4,385,4,5,1300000
Gleba Fazenda Palhano,3,114,2,3,1200000
Colina Verde,4,302,4,5,1650000
Jardim Guararapes,3,128,2,3,712000
Limoeiro,2,200,1,2,600000
Coliseu,3,286,5,4,800000
Brasília,3,79,1,1,290000
Jardim Tomy,2,110,5,1,360000
Gleba Fazenda Palhano,2,69,1,2,520000
Jardim da Luz,5,300,4,2,650000
Colúmbia,3,98,2,2,380000
Gleba Fazenda Palhano,3,179,2,4,2000000
Jardim Maria Luiza,2,45,1,1,190000
Jardim São Jorge,4,283,3,5,3800000
Vale dos Tucanos,2,51,1,1,310000
Vale do Reno,4,369,4,4,1890000
Gleba Fazenda Palhano,3,130,2,3,950000
Caiçaras,3,66,1,1,159990
Gleba Fazenda Palhano,3,229,3,2,3080000
Gleba Fazenda Palhano,2,45,1,1,310000
Centro,3,204,2,4,2640000
Vila Goes,3,285,1,2,600000
Jardim Belém,2,90,2,1,260000
Jardim São Paulo II,3,78,1,2,295000
Nikko,3,198,2,4,2250000
Gleba Fazenda Palhano,3,200,4,4,2350000
Jardim Agari,4,137,2,2,850000
Brasília,1,35,1,1,170000
Gleba Simon Frazer,3,88,1,2,420000
Jardim Montecatini,2,69,2,1,325000
Jardim Viena,3,65,2,2,150000
Brasília,3,145,4,3,1150000
Brasília,3,105,1,2,412000
Jardim América,2,52,1,2,305000
Jardim Londrilar,2,95,1,1,280000
Conjunto Residencial Vivendas do Arvoredo,4,230,5,3,1750000
Jardim Agari,3,65,1,1,150000
Jardim Santo André,3,64,1,1,230000
São Pedro,2,140,3,2,550000
Residencial Professora Marieta,4,150,2,2,215000
Bandeirantes,3,80,2,2,425000
Califórnia,4,180,5,2,370000
Santa Rosa,4,122,2,3,1190000
Jardim Maria Celina,2,43,1,1,106000
Conjunto Habitacional Alexandre Urbanas,3,230,4,4,1570000
Califórnia,3,190,3,3,850000
Quebec,3,240,4,4,1600000
Gleba Fazenda Palhano,3,221,4,5,2500000
Heimtal,2,80,1,2,205000
Colúmbia,3,99,1,2,379330
Bela Suiça,2,70,2,2,565000
Estância Santa Paula,3,175,2,2,1950000
Gleba Fazenda Palhano,3,130,2,3,1450000
Jardim Presidente,3,125,2,2,400000
Brasília,2,81,2,2,850000
Califórnia,3,188,5,1,480000
Leonor,2,46,1,1,211000
Vale dos Tucanos,2,110,1,1,350000
Vila Monteiro,3,120,5,1,550000
Lago Parque,4,250,3,1,990000
Gleba Fazenda Palhano,3,79,2,2,629000
Gleba Fazenda Palhano,1,52,1,2,597400
Brasília,3,87,2,2,370000
Conjunto Habitacional Jamile Dequech,3,90,3,2,248900
Terra Bonita,3,140,2,3,930000
Petrópolis,3,104,2,4,1289900
Aurora,2,55,1,2,438200
Vila Ipiranga,1,55,1,1,220000
Araxá,3,220,4,4,1200000
Alpes,3,126,3,2,420000
Recanto do Salto,3,250,2,4,2000000
Terra Bonita,2,66,1,2,480000
Jardim Belém,3,98,1,1,350000
Jardim São Paulo,3,87,2,2,371000
Centro,3,120,1,3,380000
Gleba Fazenda Palhano,3,179,4,4,2200000
Terra Bonita,2,69,1,2,585000
Recanto do Salto,4,313,4,5,3500000
Terra Bonita,3,84,2,2,840000
Gleba Fazenda Palhano,3,155,3,5,1680000
Paulista,3,130,2,3,800000
Esperança,4,497,4,5,5900000
Parque Residencial Joaquim Toledo Piza,4,300,3,4,750000
Cafezal,3,126,3,2,350000
Gleba Fazenda Palhano,3,124,2,3,999000
Gleba Fazenda Palhano,3,75,1,1,590000
Conjunto Parigot de Souza 1,2,105,2,1,240000
Centro,3,88,1,2,580000
Vila Siam,3,69,1,2,667000
Gleba Fazenda Palhano,2,69,2,2,645000
Gleba Fazenda Palhano,4,240,3,5,1700000
Gleba Fazenda Palhano,3,216,3,5,3200000
Nova Olinda,2,42,1,1,115000
Parque Residencial Joaquim Toledo Piza,4,140,3,3,375000
Vila Siam,2,69,1,2,615000
Brasília,3,250,2,2,486000
Gávea,3,162,5,3,500000
Gleba Fazenda Palhano,3,80,2,2,619000
Califórnia,4,360,4,5,1200000
Centro,4,227,2,4,850000
Vila Ipiranga,2,61,1,2,430000
Jardim Morumbi,3,181,4,3,1590000
Conjunto Residencial Marajoara,2,45,1,1,165000
Vânia,3,140,3,2,390000
Conjunto Habitacional Jesualdo Garcia Pessoa,2,103,2,1,140000
Gleba Fazenda Palhano,3,173,2,5,1990000
Centro,3,89,1,3,550000
Nossa Senhora de Lourdes,2,52,1,1,250000
Centro,3,80,1,2,680000
São Vicente,3,67,1,2,453800
Gleba Simon Frazer,3,199,4,4,1399840
Gleba Fazenda Palhano,3,155,2,5,1700000
Centro,1,29,1,1,235000
Centro,3,108,1,3,480000
Jardim Burle Marx,3,140,3,2,1200000
Jardim Neman Sahyun,3,75,1,2,350000
Jardim América,2,67,2,2,405000
Vila Casoni,3,170,2,1,380000
Jardim Mazzei 1,3,88,1,1,380000
Jardim Agari,3,60,1,1,220000
Jardim Nova Esperança,2,70,1,1,250000
Residencial Professora Marieta,3,103,1,1,240000
Brasília,4,145,2,4,430000
Ouro Verde,2,45,1,1,225000
Jardim Santa Cruz,3,59,1,1,150000
Brasília,3,81,2,2,340000
Califórnia,3,89,1,2,400000
Aurora,3,69,1,2,365000
Colinas,2,50,1,1,195000
Gleba Fazenda Palhano,3,77,1,2,540000
Brasília,2,68,1,1,275000
Gleba Fazenda Palhano,1,46,1,1,320000
Jardim Burle Marx,3,130,2,2,810000
Santa Rosa,2,69,1,2,600000
Jardim Sabará,2,75,1,1,345000
Amaro,3,67,1,2,250000
Parque Residencial Joaquim Toledo Piza,3,130,2,1,695000
Jardim Morumbi,2,56,1,1,320000
Conjunto Habitacional Doutor Farid Libos,2,48,1,1,175000
Tietê,2,57,1,1,170000
Guanabara Parque Boulevard,3,104,2,3,1100000
Centro,3,87,1,2,390000
Brasília,3,160,2,3,660000
Vila Brasil,2,55,1,2,340000
Portal de Versalhes 1,5,250,5,5,1200000
Gleba Fazenda Palhano,3,122,2,2,1380000
Gleba Fazenda Palhano,2,74,1,2,590000
Terra Bonita,2,63,1,2,500000
Esperança,4,283,4,5,3000000
Bela Suiça,4,419,4,5,5200000
Vila Brasil,2,55,1,1,419900
Santa Rosa,3,245,3,5,2590000
Aragarça,3,227,4,4,1650000
Brasília,3,69,2,2,541000
Santa Rita 1,3,171,2,2,450000
Vila Ipiranga,4,480,3,5,2950000
Esperança,3,312,4,5,3400000
Gleba Fazenda Palhano,3,221,4,5,2500000
Colúmbia,3,86,2,2,450000
Centro,3,75,1,1,580000
Ouro Verde,3,49,1,1,150000
Gleba Fazenda Palhano,3,103,2,2,920000
Jardim Morumbi,2,60,1,1,269000
Jardim Morumbi,2,65,1,1,320000
Brasília,3,122,4,1,285000
Esperança,3,236,4,5,2350000
Ideal,3,82,1,2,341000
Vila Nova,2,54,1,2,285000
Brasília,2,45,1,1,165000
Três Marcos,2,50,1,1,170000
Vila Filipin,2,45,1,2,165000
Santa Rosa,4,370,3,5,2600000
Rodocentro,3,260,1,3,2080000
Centro,3,123,2,2,520000
Brasília,3,62,1,1,331000
Parque Residencial Alcântara,3,338,1,4,1600000
Jardim Nova Londrina,4,421,5,5,2250000
Jardim Higienópolis,2,77,1,2,300000
Conjunto Vivi Xavier,4,110,2,2,215000
Jardim Maria Celina,2,44,1,1,160000
Centro,5,231,2,5,750000
Jardim Higienópolis,2,77,1,1,330000
Vivendas do Arvoredo,3,200,4,3,2250000
Vivendas do Arvoredo,3,178,2,2,2990000
Jardim Guararapes,3,109,2,2,450000
Gleba Fazenda Palhano,2,60,1,2,160000
Califórnia,3,215,3,4,320000
Terra Bonita,2,51,1,1,380000
Gleba Fazenda Palhano,3,92,2,3,790000
Centro,5,650,4,2,2500000
Jardim Aliança,3,105,2,2,330000
Jardim Nações Unidas,2,45,1,1,190000
Terra Bonita,3,73,1,2,479790
Gleba Ribeirão Limeiro,1,41,1,1,169000
Conjunto Habitacional Doutor Farid Libos,2,47,1,1,185000
Vivendas do Arvoredo,3,178,2,3,2990000
Gleba Fazenda Palhano,3,74,2,2,699000
Brasília,2,47,1,1,191000
Califórnia,2,48,1,1,282000
Leonor,2,46,1,1,230000
Brasília,3,77,1,2,420000
Gleba Fazenda Palhano,3,137,2,1,1600000
Jardim Império do Sol,3,189,2,4,790000
Jardim Alah,3,65,1,1,180000
Gleba Fazenda Palhano,3,81,2,1,730000
Gleba Fazenda Palhano,2,73,1,2,780000
Terra Bonita,3,66,1,2,400000
Brasília,3,130,3,2,377000
Centro,3,77,1,2,430000
Lago Parque,5,380,5,5,2450000
Aurora,2,64,1,2,550000
Vitória,3,69,1,2,510000
Brasília,2,50,1,1,223000
Aurora,2,55,1,2,426200
Terra Bonita,3,73,1,2,455000
Leonor,3,165,2,2,275000
Gleba Fazenda Palhano,3,130,2,2,1140000
Jardim Paris,2,100,2,2,165000
Aurora,3,119,2,3,800000
Residencial José Lázaro Gouvea,3,69,1,2,519000
Vila Larsen 1,2,57,2,2,299000
Colinas,2,44,1,1,245000
Jardim dos Estados,2,48,1,1,315000
Gleba Fazenda Palhano,3,136,2,3,1590000
Centro,4,228,2,2,790000
Brasília,3,64,1,2,416000
Terra Bonita,2,62,1,2,711000
Brasília,2,56,1,1,380000
Gleba Fazenda Palhano,3,161,2,5,1685000
Leonor,3,110,2,2,450000
Colinas,2,70,1,1,285000
Terra Bonita,3,80,1,2,780000
Colúmbia,3,190,2,3,400000
Gleba Fazenda Palhano,3,114,2,3,1030000
Jardim Morumbi,3,205,4,5,1450000
Esperança,3,350,4,5,3160000
Alpes,3,260,4,2,700000
Gleba Fazenda Palhano,3,76,1,2,562000
Jardim Portal dos Pioneiros,3,95,1,2,480000
Jardim Jóquei Club,3,137,2,2,690000
Jardim São Vicente Palloti,2,70,2,2,310000
Conjunto Habitacional Violim,2,97,1,2,280000
Cidade Industrial 2,2,45,1,1,210000
Parque Residencial Joaquim Toledo Piza,2,47,1,1,175000
Terra Bonita,3,66,2,2,430000
Centro,4,231,2,5,950000
Maringá,5,265,2,3,400000
Quebec,3,550,5,5,2400000
Bandeirantes,3,80,2,2,425000
Brasília,2,49,1,1,287000
Brasília,3,82,1,2,349000
Centro,3,109,1,3,400000
Dom Ático,3,120,3,1,690000
Terra Bonita,2,62,1,2,700000
Brasília,3,180,2,2,644000
Antares,3,135,3,3,650000
Centro,3,86,2,2,749000
Conjunto Habitacional Alexandre Urbanas,3,140,2,2,1100000
Ouro Verde,2,45,1,1,175000
Bela Suiça,2,115,2,3,1200000
Centro,2,85,2,2,780000
Brasília,2,47,1,1,287000
Ideal,3,144,4,1,1175000
Vale dos Tucanos,2,109,1,3,360000
Centro,3,120,2,4,1390000
Nova Olinda,2,47,1,1,120000
Centro,4,177,1,3,805000
Gleba Fazenda Palhano,2,46,1,1,355000
Gleba Fazenda Palhano,2,89,2,3,880000
Jardim Burle Marx,3,150,3,2,750000
Recanto do Salto,3,298,4,2,3800000
Gleba Fazenda Palhano,2,122,2,1,1350000
Jardim Moema,3,70,1,1,289350
Coliseu,4,300,2,3,799180
Parque Residencial Michael Licha,3,150,2,3,490000
Alto da Boa Vista,2,77,1,1,195000
Gleba Fazenda Palhano,3,87,2,2,790000
Colúmbia,3,100,2,2,454000
Mediterrâneo,4,350,2,4,1700000
Jardim Londrilar,3,175,2,4,1890000
Jardim Agari,3,52,1,1,250000
Vila Shimabokuro,1,41,1,1,160000
Rodocentro,3,58,1,1,140000
Olímpico,3,183,2,4,1150000
Leonor,3,110,1,2,450000
Centro,3,89,1,2,370000
Jardim Agari,3,98,1,2,400000
Jardim Morumbi,3,210,2,4,1670000
Conjunto Habitacional Doutor Farid Libos,2,46,1,1,180000
Vila Ipiranga,2,53,1,1,220000
Santa Rosa,3,103,2,3,1100000
São Vicente,3,67,1,2,428000
Colinas,2,80,2,1,350000
Gleba Fazenda Palhano,1,45,1,2,345000
Jardim Maria Celina,2,41,1,1,199990
Jardim Roveri,3,400,2,4,1450000
Jardim América,3,320,5,2,680000
Jardim Agari,3,77,1,1,319000
Centro,3,106,1,2,450000
Aurora,3,68,1,2,549000
Califórnia,3,97,3,2,399000
Brasília,2,70,1,2,636000
Parque Residencial Joaquim Toledo Piza,3,130,2,2,695000
Jardim Presidente,3,71,2,2,760000
Guanabara,3,269,4,5,3400000
Gleba Fazenda Palhano,3,155,2,5,1600000
Bela Vista,3,77,1,1,369000
Portal de Versalhes 2,3,130,2,3,470000
Gleba Fazenda Palhano,1,181,3,5,1950000
Bela Suiça,2,70,1,2,540000
Jardim Agari,2,97,1,2,380000
Condomínio Vale do Arvoredo,4,240,3,5,1400000
Colúmbia,3,113,2,4,500000
Judith,2,79,2,2,784000
Jardim Paris,2,70,2,1,200000
Gleba Fazenda Palhano,3,127,2,4,1630000
Centro,3,278,2,3,1200000
Luiz de Sá,3,110,2,1,220000
Jardim Colúmbia D,3,120,2,3,450000
Gleba Fazenda Palhano,3,148,2,4,1630000
Centro,1,45,1,1,270000
Santa Mônica,3,145,3,2,335000
Conjunto Vivi Xavier,3,74,2,1,220000
Jardim Presidente,3,110,2,2,320000
Califórnia,3,216,2,3,990000
Gleba Fazenda Palhano,3,130,2,3,1190000
Jardim Presidente,3,71,1,2,750000
Conjunto Habitacional Alexandre Urbanas,3,81,2,2,399000
Vila Siam,3,69,1,1,525000
Marumbi,2,79,2,1,320000
Brasília,3,55,1,1,244000
Jardim Santa Alice,3,90,2,2,420000
Dom Bosco,3,85,1,2,330000
Residencial Veneza,3,250,3,2,440000
São Vicente,2,67,1,2,453000
Residencial Abussafe,2,100,5,1,399000
Gleba Fazenda Palhano,1,51,1,1,590000
Residencial Abussafe II,2,75,2,2,379350
Jardim Agari,3,49,1,1,170000
Jardim Sabará,2,44,1,1,150000
Brasília,2,82,2,2,375000
Vale dos Tucanos,2,110,1,3,350000
Terra Bonita,3,66,2,2,430000
Ouro Verde,2,45,1,1,175000
Jardim do Lago,4,850,5,5,6500000
Parque Jamaica,3,115,1,3,650000
Califórnia,3,84,1,2,500000
Newton Guimarães,3,85,3,1,240000
Gleba Fazenda Palhano,3,136,2,4,1385000
Gleba Fazenda Palhano,3,221,3,5,2230000
Tucano,4,390,4,5,2000000
Dom Pedro I,2,10,5,2,590000
Jardim Strass,2,51,1,1,125000
Centro,2,62,1,2,380000
Jardim Santa Cruz,3,56,1,1,145000
Brasília,3,130,2,2,695000
Vale de San Izidro,2,59,1,2,290000
Cafezal,3,80,2,3,330000
Residencial Portal do Sol,3,87,2,2,430000
Conjunto Habitacional José Garcia Molina,2,51,1,1,165000
Centro,2,60,1,2,270000
Gleba Fazenda Palhano,3,181,4,3,2400000
Brasília,1,55,5,1,280000
Colúmbia,2,200,1,1,220000
Brasília,2,105,3,1,320000
Gleba Fazenda Palhano,3,216,3,4,3200000
San Fernando,3,56,1,1,163000
Judith,2,56,1,1,260000
Centro,3,90,2,2,445000
Aeroporto,2,160,1,2,638000
Bela Suiça,4,333,4,5,3950000
Jardim Império do Sol,2,80,1,3,360000
Brasília,3,116,1,2,360000
Brasília,2,45,1,1,190000
Jardim Agari,3,137,2,4,698000
Colinas,3,90,3,1,230000
Dom Ático,4,316,4,5,1680000
Centro,2,59,1,2,600000
Quebec,5,350,2,2,400000
Centro,2,72,1,1,450000
Gleba Fazenda Palhano,3,69,1,2,240267
San Remo,3,88,1,2,414000
Jardim Higienópolis,3,101,1,3,600000
Brasília,3,75,2,2,380000
Brasília,4,400,3,4,1150000
Santa Rosa,3,245,2,5,2899430
Parque Residencial Joaquim Toledo Piza,2,62,2,1,315000
Gleba Fazenda Palhano,3,122,1,3,1500000
Conjunto Santa Rita 6,2,120,2,1,400000
Centro,4,406,2,5,1800000
Bela Suiça,3,232,3,1,2600000
Conjunto Habitacional Alexandre Urbanas,5,224,4,3,1998000
Vila Siam,3,71,1,2,498000
Vila Larsen 1,2,56,1,1,260000
Ideal,3,87,1,1,371000
Champagnat,3,58,2,1,300000
Judith,4,403,2,5,2900000
Mediterrâneo,5,450,4,5,1600000
Parque Jamaica,3,66,1,2,295000
Jardim Colúmbia D,3,120,2,3,460000
Jardim Montecatini,3,80,1,2,399800
Champagnat,3,58,1,1,330000
Champagnat,3,57,1,1,365000
Alpes,2,176,3,1,600000
Vila Casoni,3,69,1,1,343000
Jardim Santa Cruz,3,59,1,1,165000
Centro,3,74,1,2,580000
Centro,3,66,1,1,250000
Gleba Fazenda Palhano,3,153,2,4,1590000
Centro,3,227,2,2,800000
Alpes,3,104,3,1,490000
Colinas,2,90,2,1,140000
Centro,2,66,1,2,270000
Canaã,5,323,5,5,2200000
Gleba Fazenda Palhano,3,235,3,5,2950000
Vila Filipin,2,49,2,2,190000
Jardim Lilian,2,82,1,2,550000
Terra Bonita,2,84,2,2,990000
Gleba Fazenda Palhano,3,156,2,3,1080000
Colonial,3,232,3,3,1610000
Tucano,3,330,5,4,1350000
Jardim Morumbi,3,200,1,3,1490000
Centro,3,168,1,2,480000
Conjunto Café,3,100,1,1,250000
Santa Rosa,3,108,2,2,1200000
Jardim das Américas,2,58,1,1,223000
Brasília,2,44,1,1,265000
Nossa Senhora de Lourdes,3,77,1,1,205000
Santa Rosa,3,108,2,3,1150000
Centro,3,149,3,2,980000
Gleba Fazenda Palhano,2,69,2,2,560000
Gleba Fazenda Palhano,3,78,2,2,629000
Centro,3,149,2,3,550000
Centro,3,122,1,1,420000
Centro,1,39,1,1,220000
Bela Suiça,2,70,2,2,565000
Centro,4,213,2,5,780000
Centro,3,177,1,3,810000
Parque Residencial Alcântara,3,55,1,1,260000
Vitória,3,167,1,2,510000
Jardim Morumbi,3,150,4,5,1050000
Indústrias Leves,5,530,4,2,3000000
Gleba Fazenda Palhano,3,83,2,2,785000
Jardim Fortaleza,2,148,2,1,280000
Gleba Fazenda Palhano,3,133,2,3,1690000
Parque Jamaica,2,72,1,2,500000
Jardim das Américas,3,59,1,1,165000
Conjunto Habitacional José Garcia Molina,2,80,2,1,350000
Esperança,3,110,4,3,1250000
Califórnia,2,75,2,1,220000
Brasília,3,75,2,2,285000
Parque Residencial Alcântara,3,265,4,5,2200000
Gleba Fazenda Palhano,3,92,2,2,890000
Colúmbia,3,85,3,1,230000
Jardim Maria Luiza,1,45,1,1,202000
Vila Ipiranga,2,80,1,2,640000
Nossa Senhora de Lourdes,2,45,1,2,195000
Vale dos Tucanos,3,108,1,2,295000
Jardim Santa Alice,3,80,2,1,370000
Residencial José B Almeida,3,110,2,2,350000
Centro,3,86,1,2,680000
Califórnia,4,400,3,4,1150000
Marumbi,3,80,2,2,320000
Gleba Simon Frazer,3,208,4,4,1700000
Alpes,4,185,3,4,380000
Brasília,3,70,4,2,250000
Parque Residencial Alcântara,4,279,5,5,2200000
Centro,4,257,2,5,1500000
Jardim Moema,2,70,1,2,275000
Chácaras Mussahiro,3,110,2,2,570000
Colúmbia,2,90,1,3,450000
Vila Larsen 1,5,360,5,4,1000000
Brasília,1,64,1,1,170000
Marumbi,2,142,2,3,1150000
Gleba Fazenda Palhano,3,165,4,3,1980000
Jardim Central Park,3,200,2,4,1390000
Jardim Santa Cruz,3,58,1,1,160000
Parque Jamaica,3,148,3,3,800000
Santa Mônica,3,140,3,2,645000
Jardim Morumbi,2,72,1,2,330000
Brasília,2,52,2,2,295000
Parque Residencial Alcântara,2,47,1,1,257000
Jardim Santa Alice,3,156,2,2,689000
Catuai,3,147,2,2,295000
Nova Olinda,2,45,1,1,110000
Terra Bonita,3,84,2,2,760000
Brasília,3,130,2,4,1600000
Conjunto Parigot de Souza 3,2,65,1,1,280000
Ernani Moura Lima,2,200,1,1,255000
Portal de Versalhes 1,3,88,2,2,380000
Recanto do Salto,3,365,4,5,2899660
Jardim das Américas,2,59,1,1,190000
Olímpico,3,200,3,2,375000
Jardim Tókio,3,120,2,2,296000
Brasília,2,48,1,1,313000
Bela Suiça,4,333,4,5,4000000
Centro,3,85,1,2,250000
Centro,2,89,1,3,500000
Paraíso,2,47,1,1,150000
Gleba Fazenda Palhano,3,75,2,2,780000
Jardim Continental,2,94,3,2,440000
Santa Rosa,2,104,2,3,1120000
Gleba Fazenda Palhano,3,216,4,5,3390000
Gleba Fazenda Palhano,3,200,3,5,2300000
Vila Nova,2,53,1,2,259000
Novo Antares,3,81,2,2,399000
Aragarça,3,365,4,2,1800000
Conjunto Habitacional Doutor Farid Libos,2,46,1,1,170000
Gleba Fazenda Palhano,4,319,4,5,3900000
Vila Brasil,3,65,5,2,390000
Jardim Montecatini,3,81,1,1,280000
Bela Suiça,4,419,4,5,5350000
Marumbi,4,136,3,2,385000
Conjunto Habitacional Santiago II,3,55,1,1,270000
Vila Larsen 1,3,172,3,2,450000
Centro,4,232,2,5,980000
Centro,4,185,2,3,780000
Brasília,3,186,2,4,1950000
Alpes,3,230,5,4,790000
Jardim Novo Sabará,3,102,2,3,390000
Santa Rosa,3,245,3,3,3390000
Jardim São Jorge,4,283,3,5,3800000
Jacomo Violin,2,52,1,1,225000
Conjunto Habitacional Doutor Farid Libos,2,48,1,1,180000
Vale dos Tucanos,2,46,1,1,210000
Nova Olinda,3,81,1,2,310000
Operária,3,78,1,2,550000
Jardim Belo Horizonte,3,90,2,2,400000
Nossa Senhora de Lourdes,3,119,1,2,360000
Vivendas do Arvoredo,4,493,4,4,5300000
Centro,2,60,1,1,490000
Conjunto Habitacional Santiago II,2,47,1,1,200000
Jardim Maria Luiza,2,45,1,1,145000
Centro,4,247,2,5,670000
Califórnia,2,48,1,1,282000
Jardim Higienópolis,3,220,3,3,1290000
Brasília,3,80,2,2,423000
Brasília,2,100,2,1,320000
Gleba Fazenda Palhano,3,82,2,2,795000
Centro,2,65,1,2,430000
Brasília,2,120,2,1,424000
Quebec,4,600,3,5,1590000
Cafezal,3,99,1,1,450000
Coliseu,4,300,2,4,850000
Vale dos Tucanos,2,45,1,1,270000
Aurora,3,69,1,2,450000
Condomínio Vale do Arvoredo,3,200,2,2,1550000
Terra Bonita,3,204,4,5,2500000
Portal de Versalhes 1,3,126,2,2,650000
Estância Santa Paula,4,441,4,5,3980000
Gleba Simon Frazer,3,214,2,5,1690000
Vale dos Tucanos,2,44,1,1,239000
Vila Casoni,3,128,3,1,410000
Nova Olinda,2,50,1,1,140000
Nossa Senhora de Lourdes,2,55,1,2,200000
Califórnia,3,216,2,3,990000
Lago Parque,4,385,4,4,1300000
Gleba Fazenda Palhano,1,85,1,2,920000
Jardim Presidente,2,73,2,2,780000
Bela Suiça,2,115,2,2,1250000
Leonor,3,138,1,2,800000
Colinas,2,90,2,1,220000
Santa Rosa,3,205,3,4,2500000
Parque Jamaica,4,210,3,4,1350000
Santa Rosa,2,69,1,2,600000
Brasília,2,170,2,2,380000
São Vicente,3,66,1,2,520000
Jardim São Jorge,3,159,2,4,2030000
Dom Pedro,3,132,1,2,785000
Jardim São Paulo II,3,63,1,1,199000
Ouro Verde,2,46,1,1,180000
Vitória,2,71,2,1,680000
Esperança,4,506,4,5,4800000
Jardim Moema,3,72,1,1,250000
Jardim Agari,2,125,1,2,540000
Bandeirantes,3,127,1,2,590000
Alpes,3,226,4,2,600000
Leonor,2,135,2,2,310000
Parque Leblon,3,79,1,2,240000
Aurora,3,64,1,2,410000
Tucano,4,804,5,5,5000000
Jardim Tókio,2,50,1,1,200000
Centro,1,35,1,1,169900
Gleba Fazenda Palhano,5,341,3,5,1650000
Colúmbia,3,81,1,2,380000
Vila Larsen 1,3,81,1,2,250000
Portal de Versalhes 1,3,123,2,2,720000
Brasília,2,61,1,1,189090
Gleba Fazenda Palhano,3,185,3,5,2018000
Jardim Moema,3,70,1,1,280000
Jardim Shangri-la A,3,67,1,2,500000
Jardim Tarumã,4,288,4,2,950000
San Fernando,3,59,1,1,170000
Jardim Portal de Itamaracá,3,117,2,2,610000
Parque Jamaica,3,147,2,3,800000
Gleba Fazenda Palhano,3,68,1,1,435000
Centro,3,130,2,2,650000
Residencial José Lázaro Gouvea,3,69,2,2,545000
Paraíso,2,47,1,1,150000
Centro,2,71,1,2,320000
Guanabara,3,385,5,4,3200000
Vila Shimabokuro,2,58,1,1,265000
Gleba Fazenda Palhano,2,62,1,2,679000
Vivendas do Arvoredo,5,500,4,5,4000000
Conjunto Habitacional José Giordano,3,137,2,2,565000
Gleba Fazenda Palhano,3,114,2,3,1600000
Gleba Fazenda Palhano,3,77,1,2,600000
Gleba Fazenda Palhano,3,64,1,2,480000
Brasília,3,130,3,2,377000
Jardim Morumbi,3,157,4,3,990000
Jardim da Luz,4,300,5,2,900000
Ideal,2,70,1,2,180000
Vitória Régia,3,342,2,4,1100000
São Pedro,3,275,1,2,400000
Jardim Novo Sabará,3,83,2,2,370000
Cidade Industrial 2,2,46,1,1,279000
Centro,3,128,2,3,1350000
Gleba Fazenda Palhano,3,136,2,5,1590000
Brasília,3,80,1,2,396000
Gleba Fazenda Palhano,3,183,3,3,2350000
Santa Rosa,2,100,2,3,1079000
Centro,3,86,2,2,890000
Jardim Morumbi,3,100,1,1,300000
Nova Olinda,2,46,1,1,159000
Centro,3,63,1,2,230000
Centro,3,122,1,1,360000
Lagoa Dourada,3,42,1,1,140000
Operária,3,140,2,1,450000
Ouro Verde,2,44,1,1,130000
Portal de Versalhes 1,3,83,2,2,350000
Brasília,2,46,1,1,150000
Conjunto Habitacional Alexandre Urbanas,3,180,4,5,1750000
Vivendas do Arvoredo,3,178,2,5,2990000
Jardim Tókio,2,75,1,2,230000
Santa Rosa,3,77,2,2,610000
Brasília,3,123,2,2,550000
Gleba Fazenda Palhano,2,46,1,1,290000
Conjunto Habitacional José Garcia Molina,2,81,1,2,319300
Gleba Fazenda Palhano,3,236,4,2,2500000
Colúmbia,3,120,2,3,890000
Brasília,3,103,2,3,1324000
João Paz,4,170,2,2,420000
Arpoador,4,312,1,1,500000
Jardim Colúmbia D,3,90,3,2,370000
Esperança,5,570,5,5,5790000
Brasília,2,77,2,3,380000
Gleba Fazenda Palhano,4,225,3,5,2998125
Coliseu,3,150,2,2,450000
Jardim Alvorada,4,224,2,5,1300000
Santa Rosa,3,81,1,2,780000
Gleba Fazenda Palhano,3,75,1,1,557000
Centro,3,116,1,2,509590
Gleba Fazenda Palhano,1,47,1,1,540000
Vivendas do Arvoredo,4,499,4,5,4500000
Centro,4,237,1,4,650000
Santa Rosa,3,207,3,5,3250000
Santa Rosa,3,250,3,3,1050000
Gleba Fazenda Palhano,2,58,1,2,720000
Brasília,5,153,3,3,530000
Jardim União da Vitória,2,120,1,1,80000
Gleba Fazenda Palhano,3,83,2,2,294123
Gleba Fazenda Palhano,3,125,2,2,1200000
Brasília,2,42,1,1,265000
Jardim Colúmbia D,3,120,2,2,450000
Gleba Fazenda Palhano,1,52,1,2,589000
Terra Bonita,3,97,1,2,952800
Jardim Palmares,3,69,1,2,280000
Lago Parque,5,384,5,5,2450000
Gleba Fazenda Palhano,3,130,2,3,995000
Brasília,3,95,2,2,389900
Jardim Santo Antônio,4,286,2,2,980000
Jardim Maria Celina,2,48,1,1,75000
Paulista,3,145,3,2,565000
Brasília,2,48,1,1,135000
Terra Bonita,1,84,1,2,872200
Conjunto Habitacional Alexandre Urbanas,3,197,4,4,1590000
Jardim Vale Verde,3,85,2,2,329000
Jardim Itapoá,4,130,3,2,250000
Colúmbia,3,196,4,5,750000
Colinas,2,83,1,1,245000
Centro,1,51,1,1,390000
Esperança,5,282,2,5,3200000
Andrade,3,88,1,1,350000
Brasília,3,53,1,1,175000
Recanto do Salto,3,265,2,4,2740000
Jardim Tókio,2,107,1,1,350000
Colúmbia,3,84,2,2,490000
Jardim Morumbi,3,200,4,5,1500000
Heimtal,2,48,1,1,250000
Alto da Boa Vista,3,135,2,3,350000
Centro,3,70,2,2,639000
Gleba Fazenda Palhano,4,280,2,4,1500000
Jardim do Lago,4,212,2,5,1749000
Igapó,5,449,4,4,2700000
Conjunto Habitacional Santiago II,2,103,2,1,300000
Conjunto Habitacional Milton Gavetti,3,148,1,2,315000
Santa Rosa,3,245,3,5,3400000
Campo Belo,3,99,1,3,380000
Jardim Higienópolis,3,101,1,3,490000
Califórnia,3,100,2,1,249000
Iguaçu,4,540,4,3,2280000
Cafezal,4,98,4,2,420000
Ouro Verde,3,230,2,4,580000
Gleba Fazenda Palhano,3,168,2,5,1870000
Jardim Pioneiros,3,149,2,2,825000
Recanto do Salto,4,249,4,4,3150000
Tarobá,3,98,3,2,245000
Dom Ático,4,160,5,3,798000
Centro,3,204,2,1,2582000
Jardim Maria Celina,3,79,1,2,298000
Vila Larsen 1,1,58,1,2,550000
Jardim Morumbi,3,80,1,1,239000
Jardim do Leste,3,140,2,2,350000
Aeroporto,3,135,2,3,400000
Centro,2,84,1,1,695000
Gleba Fazenda Palhano,2,114,2,2,1150000
Brasília,4,40,3,2,320000
Lago Parque,5,689,5,5,2500000
Gleba Fazenda Palhano,3,75,1,2,580000
Canadá,3,246,2,2,1950000
Brasília,2,43,1,1,240000
Conjunto Habitacional José Garcia Molina,2,47,1,1,150000
Centro,2,65,1,2,280000
Centro,1,45,1,1,320000
Condomínio Vale do Arvoredo,4,164,4,3,1300000
Gleba Fazenda Palhano,3,81,1,2,750000
Brasília,2,46,1,1,307000
Vila Larsen 1,3,72,2,2,427000
Armindo Guazzi,3,130,4,3,580000
Jacomo Violin,2,80,2,1,130000
Califórnia,3,246,5,4,930000
Conjunto Habitacional Violim,3,250,2,1,280000
Vila Glória,3,150,2,1,450000
Centro,3,110,1,2,250000
Vila Siam,3,69,1,2,530000
Jardim Vilas Boas,3,70,1,1,190000
Antares,3,90,2,2,380000
Parque Residencial Alcântara,3,250,4,2,1790000
Portal de Versalhes 1,3,127,2,2,780000
Bela Suiça,4,333,4,5,4000000
Jardim São Vicente Palloti,3,150,2,3,550000
Paraíso,2,45,1,1,160000
Aurora,3,75,1,2,620000
Jardim Moema,2,125,1,1,150000
Gleba Fazenda Palhano,2,74,1,2,825000
Pacaembu,2,51,1,1,359000
Granville Parque Residencial,3,360,4,2,1750000
Bela Suiça,3,115,2,3,1200000
Gleba Fazenda Palhano,5,480,3,5,2500000
Heimtal,3,80,2,2,389950
Gleba Fazenda Palhano,3,163,2,5,1200000
Coliseu,4,300,4,5,955000
Jardim dos Estados,2,75,2,2,290000
Esperança,4,220,2,3,1650000
Aurora,2,64,2,2,490000
Gleba Fazenda Palhano,3,166,2,2,1600000
Gleba Fazenda Palhano,3,68,2,2,456000
Santa Rosa,2,69,2,2,695000
Jardim Aliança,2,50,1,1,260000
Terra Bonita,3,66,1,2,365000
Brasília,3,82,2,2,360000
Parque Jamaica,3,54,1,1,150000
Centro,3,128,2,4,1380000
Residencial Professora Madalena Cardoso,3,46,1,1,145000
Bela Suiça,2,69,2,2,560000
Esperança,3,154,2,3,1380000
Ouro Verde,2,45,1,1,170000
Jardim Nações Unidas,2,45,1,1,195000
Conjunto Vivi Xavier,2,100,1,1,215000
Recanto Nobre,5,845,5,1,11910000
Gleba Fazenda Palhano,2,46,1,1,285000
Gleba Fazenda Palhano,2,75,1,2,570000
Antares,3,300,2,2,1650000
Jardim Higienópolis,2,150,2,1,450000
Olímpico,3,80,3,3,160000
Jardim Maria do Carmo,1,64,1,1,270000
Cidade Industrial 2,2,44,1,1,180000
Centro,4,403,2,4,1800000
Cláudia,3,55,1,1,285000
Gleba Fazenda Palhano,3,136,2,3,1280000
Jardim Morumbi,2,64,1,1,330000
Cidade Industrial 2,2,41,1,1,210000
Aurora,3,312,5,4,1500000
Gleba Fazenda Palhano,3,400,2,4,4949000
Vila Ipiranga,3,74,1,1,330000
Gleba Fazenda Palhano,3,156,1,3,1099000
Centro,2,65,1,2,360000
Jardim do Sol,2,168,1,2,350000
Califórnia,4,190,5,2,570000
Gleba Fazenda Palhano,3,165,2,3,1690000
Gleba Fazenda Palhano,2,70,1,2,640000
Iguaçu,4,540,4,4,2250000
Interlagos,3,140,3,2,620000
Jardim Alto do Cafezal,3,87,2,2,350000
Vale de San Izidro,2,59,1,1,299000
Centro,3,108,1,3,480000
Bela Vista,3,77,1,2,369000
Centro,2,57,1,2,260000
Terra Bonita,3,84,2,2,750000
Conjunto Habitacional Alexandre Urbanas,3,258,2,1,1590000
Cláudia,2,47,1,1,250000
Ouro Verde,2,45,1,1,147000
Bela Vista,3,84,1,1,345000
Jardim Agari,2,56,1,2,480000
Giovani Lunardelli,4,200,1,1,250000
Caiçaras,4,549,5,5,4700000
Universitário,3,203,3,1,1387777
Califórnia,3,150,1,1,635000
Jardim Aliança,2,168,1,1,90000
Gleba Fazenda Palhano,3,98,2,2,1045450
Vitória Régia,4,343,3,5,1100000
Gleba Fazenda Palhano,3,136,2,3,1420000
Milton Gavetti,2,35,3,2,120000
Jardim Presidente,3,163,3,2,1000000
Colúmbia,3,113,2,4,500000
Brasília,5,599,5,5,3500000
Vila Ipiranga,3,126,2,3,398000
Brasília,3,135,3,3,330000
Jardim Burle Marx,4,300,4,4,1900000
Jardim Império do Sol,3,96,2,1,520000
Vila Shimabokuro,2,44,1,1,155000
Santa Rosa,3,115,2,2,1280000
Jardim do Lago,3,81,1,2,645000
Gleba Fazenda Palhano,3,114,2,3,998000
Centro,2,80,2,1,290000
Cidade Industrial 2,2,43,1,1,265000
Jardim São Vicente Palloti,2,90,2,2,389000
Gleba Fazenda Palhano,2,89,2,1,850000
Cidade Industrial 2,2,45,1,1,270000
Vila Goes,3,80,2,1,250000
Gleba Fazenda Palhano,3,79,2,2,519000
Gleba Fazenda Palhano,3,167,2,5,1900000
Brasília,3,216,2,3,990000
Jardim Tabapuã,3,100,2,3,275000
Gleba Fazenda Palhano,3,160,2,5,1600000
São Pedro,2,140,4,1,625000
Aurora,2,75,1,2,630000
Brasília,2,63,1,2,285000
Jardim Morumbi,2,41,1,1,214990
Conjunto Habitacional Alexandre Urbanas,3,81,2,2,399000
Gleba Fazenda Palhano,3,181,4,4,2400000
Jardim Burle Marx,3,140,2,3,750000
Gleba Fazenda Palhano,3,185,2,3,1870000
Antares,3,86,1,2,630000
Nikko,5,922,4,5,8000000
Gleba Fazenda Palhano,3,216,3,5,2350000
Jardim Presidente,3,71,1,2,750000
Centro,2,60,1,1,259480
Centro,4,417,2,5,1700000
Brasília,2,70,2,1,350000
Portal de Versalhes 1,1,50,1,1,170000
Santa Mônica,5,260,3,3,850000
Santa Mônica,5,200,4,2,550000
Nossa Senhora de Lourdes,2,54,1,1,270000
Jardim São Jorge,5,600,5,5,6000000
Centro,1,45,1,1,280000
Centro,3,70,2,2,690000
Jardim Athenas,2,100,1,1,230000
Santa Rosa,3,132,3,5,1480000
Vila Casoni,2,120,1,1,500000
Lagoa Dourada,3,48,1,1,149990
Conjunto Habitacional Santiago II,2,60,1,1,289000
Esperança,3,242,4,4,2350000
Jardim Planalto,3,112,4,2,580000
Jardim Agari,3,220,3,3,600000
São Vicente,2,54,1,2,270000
Brasília,2,72,1,1,240000
Residencial Abussafe,3,102,3,1,299000
Brasília,1,110,3,3,594000
Jardim Alto do Cafezal,3,130,2,2,380000
Conjunto Vivi Xavier,2,200,2,1,250000
Aurora,2,64,1,2,220000
Jardim Continental,2,107,5,1,310000
Parque das Indústrias,5,165,4,3,650000
Itamarati,5,360,4,5,3900000
Santa Rosa,2,81,2,2,950000
João Paz,3,127,5,1,180000
Jardim Shangri-la A,3,67,1,2,420000
Ouro Verde,2,75,1,1,330000
Cidade Industrial 2,2,47,1,1,230000
Terra Bonita,2,62,1,2,711000
Califórnia,5,122,4,3,480000
Franca,5,260,4,3,700000
Brasília,3,70,1,2,435000
Brasília,3,150,3,2,377000
Nova Olinda,2,47,1,1,160000
Jardim Burle Marx,3,142,1,3,1090000
Brasília,3,230,4,4,1599000
Gleba Fazenda Palhano,3,81,2,2,770000
Jardim Viena,3,147,5,2,410000
Esperança,3,295,4,2,2700000
Gleba Fazenda Palhano,3,95,2,2,980000
Jardim Jóquei Club,4,294,4,5,700000
Ideal,2,50,1,1,180000
Vila Casoni,2,60,1,1,305000
Granville Parque Residencial,3,215,4,3,1550000
Jardim Pioneiros,3,71,2,2,290000
Brasília,3,90,1,2,375000
Parque Residencial Alcântara,3,300,4,5,2300000
Parque Jamaica,3,71,1,2,560000
Olímpico,3,135,2,3,950000
Esperança,4,293,4,5,2800000
Colúmbia,3,96,2,2,398000
Gleba Fazenda Palhano,3,84,2,2,750000
Centro,2,64,1,2,420000
Califórnia,3,123,2,2,750000
Jardim Tókio,3,170,3,3,690000
Brasília,3,67,2,2,370000
Jardim Morumbi,3,57,1,1,235000
Universitário,3,150,4,3,1100000
Recanto do Salto,3,298,5,5,3000000
Cafezal,3,135,1,3,380000
Gleba Fazenda Palhano,2,44,1,1,255000
Residencial José Lázaro Gouvea,2,70,1,2,530000
Vivendas do Arvoredo,5,470,5,5,7500000
Jardim Morumbi,2,53,1,1,350000
Vila Fujita,3,178,2,2,698000
Jardim Vale do Cedro,5,135,2,5,565000
Santa Izabel,2,48,1,1,189000
Andrade,3,55,1,1,230000
Centro,3,75,1,2,265000
São Pedro,1,36,1,1,180000
Tarobá,2,120,2,2,240000
Heimtal,2,93,2,1,250000
Centro,3,129,1,2,670000
Gleba Simon Frazer,3,145,2,1,1175000
Santa Mônica,3,200,2,3,640000
Kennedy,1,42,1,1,180000
Bela Suiça,3,232,3,5,2590000
Brasília,2,73,4,2,330000
Santa Rosa,3,207,3,5,2800000
Heimtal,2,45,1,1,185000
Jardim Higienópolis,3,96,2,2,550000
Jardim Shangri-la A,3,400,5,2,1380000
Gleba Fazenda Palhano,3,100,2,3,650000
Conjunto Habitacional Mister Thomas,3,134,2,2,220000
Centro,3,81,1,2,698000
Parque Jamaica,2,50,1,1,180000
Colúmbia,3,81,1,1,310000
Conjunto Habitacional Alexandre Urbanas,3,140,2,2,1100000
Esperança,3,180,4,2,1750000
Brasília,2,46,1,1,212000
Jardim das Américas,2,44,1,1,149000
Gleba Simon Frazer,3,145,4,4,1175000
Hedy,2,240,1,1,250000
São Pedro,3,60,1,1,240000
Centro,4,275,2,4,900000
Giovani Lunardelli,3,128,2,1,600000
Alpes,5,300,4,3,804000
Jardim Agari,2,45,1,1,135000
Gleba Fazenda Palhano,3,75,1,2,690000
Brasília,2,64,1,2,668000
Gleba Fazenda Palhano,2,50,1,1,175000
Brasília,3,57,1,1,144000
Centro,3,160,4,5,1490000
Centro,3,150,2,2,580000
Centro,3,83,1,2,300000
Centro,3,70,2,2,645000
Jardim Morumbi,1,186,4,4,1500000
Perobinha,2,43,1,1,130000
Centro,2,80,1,2,270000
Jardim Morumbi,3,236,4,4,1710000
Santa Rosa,3,245,3,4,3390000
Andrade,3,124,2,3,1350000
Bancários,3,174,4,2,550000
Gleba Fazenda Palhano,3,112,2,3,1100000
Olímpico,4,239,4,3,1500000
Jardim Jóquei Club,2,48,1,1,149999
Lago Parque,5,312,5,5,2500000
Vila Ipiranga,5,580,4,5,1500000
Centro,3,74,1,3,430000
Centro,1,24,1,1,220000
Brasília,3,70,2,2,636000
Santa Rosa,3,323,4,5,4200000
Gleba Fazenda Palhano,2,110,1,2,1050000
Santa Mônica,3,150,2,3,543000
Jardim São Paulo II,3,63,1,1,240000
Centro,3,110,1,2,450000
Gleba Fazenda Palhano,2,62,1,2,620000
Gleba Fazenda Palhano,2,46,1,1,335000
Caiçaras,4,294,4,5,1800000
Jardim das Américas,3,64,1,1,218000
Jardim Maria Luiza,2,47,1,1,165000
Esperança,4,356,3,5,2800000
Brasília,3,75,1,1,298000
Brasília,2,48,1,1,190000
Vila Filipin,2,49,1,2,199000
Jardim Graziela,3,84,1,2,450000
Nossa Senhora de Lourdes,3,119,1,3,380000
Pacaembu,3,153,3,1,600000
Gleba Fazenda Palhano,3,125,2,2,1128000
Jardim Morumbi,2,51,1,1,300000
Campo Belo,3,98,1,3,350000
Brasília,3,200,2,2,357000
Leonor,3,200,2,1,285000
Universitário,3,160,3,4,800000
Jardim Tarumã,3,170,2,2,640000
Ouro Verde,3,115,2,2,410000
Conjunto Semiramis Barros Braga,3,111,2,2,250000
Ideal,3,69,1,1,220000
Centro,3,117,1,3,450000
Parque Jamaica,3,147,2,3,790000
Centro,3,148,2,4,1260000
Bela Suiça,5,1429,5,5,5700000
Campo Belo,2,244,1,2,600000
Jardim Montecatini,2,80,2,3,310000
Jardim Planalto,3,80,1,1,250000
Brasília,3,72,1,2,580000
Guanabara,3,269,4,5,3190000
Parque Residencial Liberdade,2,60,1,1,160000
Jardim Montecatini,3,75,1,2,398450
Aurora,3,69,1,2,480000
Centro,3,141,2,2,600000
Jardim Padovani,2,80,1,2,290000
Vale dos Tucanos,3,64,1,1,180000
Califórnia,2,360,4,3,410000
Santa Mônica,3,200,2,3,600000
Centro,3,70,1,2,295000
Centro,4,232,2,5,890000
Jardim dos Estados,2,80,1,2,329140
Santa Rosa,3,245,3,4,3400000
Santa Rita 2,3,55,1,1,140000
Centro,3,114,2,3,480000
Gleba Simon Frazer,3,230,4,4,1599000
Jardim América,1,35,1,1,150000
Vila Fujita,3,174,2,3,695000
Colinas,2,47,1,1,199000
Jardim do Lago,4,103,2,2,650000
Ideal,3,116,2,2,390000
Centro,3,86,2,2,830000
Jardim Tabapuã,3,180,2,2,650000
Vila Larsen 1,2,50,1,1,295000
Quebec,4,211,4,4,925000
Esperança,3,596,4,5,4450000
Brasília,3,127,2,5,1230000
Esperança,5,750,4,5,4500000
Jardim União da Vitória,3,90,2,2,430000
Andes,3,85,2,2,390000
Gleba Fazenda Palhano,2,58,1,2,720000
Judith,2,66,1,1,285000
Parque Jamaica,3,180,5,3,580000
Gleba Fazenda Palhano,3,83,2,2,750000
Vitória,3,65,1,2,400000
Brasília,3,55,1,1,162000
Santa Rosa,3,114,2,3,1275000
Colina Verde,5,3000,4,5,3900000
Vale de San Izidro,3,73,1,2,225000
Gleba Fazenda Palhano,3,123,3,3,1380000
Jardim União da Vitória,2,48,1,1,220000
Jardim Agari,4,137,2,4,850000
Aurora,3,66,2,2,480000
Gleba Fazenda Palhano,3,139,2,1,1600000
Jardim Nova Londrina,4,302,2,1,1280000
Igapó,3,227,2,2,650000
Perobinha,1,49,2,1,100000
Jardim Tókio,3,70,1,1,280000
Jardim Oriente,3,220,4,4,1000000
Centro,3,80,1,2,698000
Centro,2,57,1,2,370000
Vivendas do Arvoredo,4,275,4,5,3500000
Jardim Vale do Cedro,3,125,1,1,350000
Centro,3,71,1,2,350000
Ouro Verde,2,45,1,1,180000
Vila Goes,1,62,1,1,220000
Brasília,2,53,1,1,230000
Vila Shimabokuro,1,35,1,1,139000
Conjunto Café,3,62,1,1,190000
Jardim Vilas Boas,3,280,4,3,940000
Bela Suiça,5,1000,5,5,15000000
Residencial José Lázaro Gouvea,3,69,2,2,510000
Centro,1,39,1,1,250000
Jardim Burle Marx,4,300,4,4,1900000
Vila Filipin,2,47,1,2,175000
Vale dos Tucanos,2,46,1,1,230000
Jardim do Lago,3,212,2,4,1810000
Esperança,2,47,1,1,220000
Carnascialli,3,60,2,1,280000
Vila Brasil,2,54,1,2,356000
Conjunto Habitacional Alexandre Urbanas,3,190,4,4,1490000
Gleba Fazenda Palhano,2,63,1,2,660000
Brasília,3,66,1,2,433500
São Pedro,4,180,2,5,560000
Centro,2,63,1,1,270000
Brasília,3,150,2,3,500000
Jardim do Leste,2,140,3,2,480000
Terra Bonita,2,62,2,2,580000
Jardim Maria Luiza,2,45,1,1,160000
Gleba Fazenda Palhano,2,110,2,2,450000
Jardim Alvorada,3,191,2,1,750000
Vila Ipiranga,2,60,1,1,296800
Brasília,5,180,4,4,790000
Jardim Agari,3,150,1,1,950000
Vila Nova,3,166,1,2,340000
Leonor,3,96,3,2,460000
Cafezal,3,250,4,3,650000
Granville Parque Residencial,3,215,4,3,1229000
Residencial Veneza,2,63,1,1,300000
Andes,3,300,3,1,363000
Residencial Professora Marieta,3,149,2,1,450000
Conjunto Habitacional Alexandre Urbanas,4,220,2,1,1790000
Esperança,4,226,2,4,2500000
Portal de Versalhes 1,1,50,1,1,170000
Jardim Morumbi,3,170,2,3,640000
Shangri-lá,3,106,3,2,460000
Pacaembu,3,185,4,2,680000
Terras de Santana II,4,300,2,3,3130000
Gleba Fazenda Palhano,2,62,1,2,680000
Parque Jamaica,3,71,1,2,355000
Andes,3,100,3,3,650000
Paraíso,2,51,1,1,145000
Parque Jamaica,3,70,1,1,305000
Jardim Portal dos Pioneiros,2,140,3,2,710000
Alto da Boa Vista,3,90,3,1,280000
Santa Rosa,2,69,2,2,680000
Centro,3,90,1,3,525000
Jardim Montecatini,2,74,1,1,280000
Santos Dumont,4,300,5,5,900000
Jardim Agari,2,45,1,1,130000
Esperança,5,288,4,5,3980000
São Vicente,3,63,1,1,250000
Conjunto Habitacional João Turquino,2,45,1,1,200000
Monte Belo,3,100,2,1,345000
Gleba Fazenda Palhano,3,167,2,5,1990000
Aurora,3,70,1,2,360000
Centro,3,68,1,2,500000
Brasília,3,136,4,2,750000
Gleba Fazenda Palhano,3,167,2,5,1990000
Maria Lúcia,3,200,1,1,530000
Conjunto Habitacional Alexandre Urbanas,5,110,2,2,1500000
Gleba Fazenda Palhano,3,181,2,4,2790000
Centro,3,85,1,2,400000
Esperança,3,276,4,5,3900000
Califórnia,2,188,5,2,480000
Leonor,3,78,1,1,266630
Terra Bonita,3,70,2,2,390000
Parque Residencial Joaquim Toledo Piza,3,142,2,1,350000
Gleba Fazenda Palhano,3,183,3,5,2400000
Igapó,3,180,3,2,800000
Quebec,5,302,2,5,685000
Jardim Maria Celina,2,47,1,1,180000
Bela Suiça,3,232,4,5,3280000
Terra Bonita,2,66,1,2,500000
Centro,3,81,2,2,670000
Granville Parque Residencial,3,300,5,5,2200000
Gleba Fazenda Palhano,3,134,1,2,1570000
Bandeirantes,3,127,4,2,855000
Jardim Prefeito Milton Menezes,3,140,3,3,725000
Jardim Maria Celina,2,47,1,1,190000
Igapó,3,65,1,2,476000
Conjunto Habitacional Alexandre Urbanas,3,150,4,4,999000
Bandeirantes,3,80,2,2,425000
Jardim Vale Azul,3,120,5,2,850000
Gleba Fazenda Palhano,3,84,2,2,650000
Recanto do Salto,3,360,2,3,2500000
Jardim Pérola,3,212,3,4,580000
Esperança,5,303,3,5,3190000
Santa Rosa,3,86,2,2,830000
Gleba Fazenda Palhano,3,286,4,5,3099000
Gleba Fazenda Palhano,2,45,1,1,270000
Gleba Fazenda Palhano,1,52,1,1,560000
Brasília,2,55,1,2,454000
Caravelle,3,240,4,2,1190000
Jardim Higienópolis,3,127,1,1,560000
Cidade Industrial 2,2,48,1,1,279000
Gleba Fazenda Palhano,3,72,1,2,495000
Pacaembu,2,155,2,1,250000
Gleba Fazenda Palhano,3,74,2,2,700000
Brasília,3,270,2,2,640000
Centro,3,110,1,3,600000
Centro,3,86,2,2,780000
Esperança,4,250,2,2,945000
Gleba Fazenda Palhano,2,51,1,1,390000
Santa Rosa,3,69,2,2,595000
Brasília,3,70,1,2,480000
Cidade Industrial 2,2,45,1,1,175000
Gleba Fazenda Palhano,4,235,3,5,2950000
Parque Jamaica,3,65,1,2,355000
Mediterrâneo,4,549,5,5,3500000
Brasília,3,86,1,2,450000
Gleba Fazenda Palhano,3,236,4,5,2500000
Brasília,3,85,2,2,330000
Santa Rosa,3,69,1,2,640000
Cidade Industrial 2,2,43,1,1,205000
Esperança,2,43,1,1,260000
Gleba Fazenda Palhano,2,44,1,1,279000
Gleba Fazenda Palhano,3,216,3,5,2140000
Gleba Fazenda Palhano,3,114,2,2,980000
Jardim Morumbi,3,63,1,2,350000
Jardim Ok,3,132,2,2,580000
Brasília,3,91,1,1,235000
Brasília,2,50,1,1,170000
Brasília,2,50,1,1,189000
Ideal,3,146,2,2,1150000
Coroados,4,401,3,5,1300000
Brasília,2,500,5,2,1272000
Terra Bonita,3,142,4,2,780000
Jardim Maria Luiza,2,47,1,1,149000
Jardim Palermo,3,127,1,2,580000
Conjunto Habitacional Doutor Farid Libos,2,48,1,1,190000
Residencial Professora Madalena Cardoso,2,53,1,1,170000
Jardim do Leste,3,170,4,2,600000
Gleba Fazenda Palhano,2,54,1,1,450000
Gleba Simon Frazer,4,211,4,5,1445000
Brasília,2,48,1,1,160000
Champagnat,3,85,2,2,398000
Parque Jamaica,4,140,2,3,1139679
Campo Belo,3,99,1,3,350000
Conjunto Habitacional Milton Gavetti,3,50,2,2,270000
Centro,3,123,2,3,550000
Parque Residencial Michael Licha,5,172,1,3,560000
Gleba Fazenda Palhano,3,123,3,4,1315000
Gleba Fazenda Palhano,3,129,1,2,999000
Jardim Higienópolis,2,73,2,2,650000
Gleba Fazenda Palhano,2,81,2,2,890000
Jardim Moema,2,70,2,1,255000
Santa Mônica,4,180,2,2,300000
Centro,1,36,1,1,265000
Jardim Nápoles,3,190,4,1,990000
Gleba Fazenda Palhano,2,45,1,1,350000
Jardim Montecatini,3,146,2,2,990000
Colinas,2,71,3,1,220000
Gleba Fazenda Palhano,3,285,4,5,3100000
Residencial Vila Romana,2,125,1,2,555000
Brasília,3,150,3,2,377000
Nikko,3,121,2,2,1280000
Leonor,2,46,1,1,160000
Centro,3,94,1,2,529000
Parigot de Souza 2,2,44,1,1,190000
Sabará I,3,175,4,1,510000
Centro,5,294,2,4,989120
Jardim Belo Horizonte,3,404,4,1,600000
Centro,1,27,1,1,249000
Olímpico,2,45,1,1,210000
Brasília,3,43,3,2,175000
Guanabara,4,325,5,3,3264000
Jardim Central Park,1,205,2,3,1390000
Conjunto Residencial Marajoara,2,55,1,1,167500
Gleba Fazenda Palhano,3,87,1,2,860000
Industrial,2,45,1,1,145000
Ouro Verde,2,46,1,1,179000
Santa Rosa,3,103,2,3,1150000
Centro,3,85,1,3,430000
Centro,3,260,4,2,650000
Gleba Fazenda Palhano,3,93,2,2,895000
Brasília,4,250,4,5,1650000
Alpes,1,48,4,1,230000
Jardim São Paulo II,2,47,1,1,180000
Cafezal,3,170,2,2,375000
Santa Rosa,2,98,1,3,974860
Parque Industrial José Belinati,3,95,1,2,243000
Centro,3,123,2,3,590000
Bela Suiça,4,419,4,5,4250000
Brasília,2,46,1,1,186000
Jardim Indianápolis,3,63,2,1,250000
Jardim Nações Unidas,2,50,1,1,160000
Brasília,3,190,4,4,1780000
Jardim São Paulo II,2,45,1,1,170000
Bela Suiça,1,47,1,1,330000
Santa Rosa,3,323,4,5,3850000
Waldemar Hauer,5,400,4,1,1520000
Ideal,3,134,1,2,385000
Esperança,3,242,3,4,2650000
Conjunto Habitacional Doutor Farid Libos,2,46,1,1,255000
Gleba Simon Frazer,3,143,2,3,590000
Santa Rosa,2,69,1,2,596000
Centro,3,94,1,2,550000
Conjunto Habitacional Alexandre Urbanas,3,229,2,4,1590000
Gleba Fazenda Palhano,3,216,3,4,2300000
Gleba Fazenda Palhano,3,130,2,3,1140000
Jardim Maria Luiza,1,124,1,2,370000
Jardim Shangri-la A,2,67,1,1,580000
Jardim Morumbi,1,186,4,4,1500000
Giovani Lunardelli,3,110,2,1,330000
Brasília,3,250,4,3,715000
Gleba Fazenda Palhano,3,151,2,4,1800000
Jardim Morumbi,2,79,2,2,309900
Parque Jamaica,3,138,2,2,620000
Jardim São Paulo II,3,82,2,1,289460
Jardim Imagawa,2,45,1,1,130000
Gleba Fazenda Palhano,3,72,1,2,575000
Jardim Lolata,5,412,1,2,650000
Gleba Ribeirão Limeiro,2,44,1,1,185000
Jardim São Paulo II,3,60,1,1,250000
Brasília,3,95,2,2,495000
São Pedro,3,55,1,1,240000
Jardim Planalto,4,193,2,2,550000
Conjunto Residencial Itamaraty,3,73,1,2,245000
Gleba Fazenda Palhano,3,69,2,2,500000
Jardim Neman Sahyun,3,200,4,2,330000
Veraliz,3,70,1,2,510000
Esperança,3,320,4,4,2890000
Jardim Morumbi,2,41,1,1,100148
Nossa Senhora de Lourdes,2,95,1,1,249450
Ouro Verde,2,45,1,1,195000
Cafezal,5,163,2,2,375000
Residencial Loris Sahyun,3,130,2,2,430000
Brasília,2,56,1,1,240000
Residencial Abussafe,3,70,2,1,394000
Ideal,3,90,2,2,445000
Gleba Fazenda Palhano,4,238,3,5,2950000
Brasília,2,100,4,1,450000
Champagnat,3,201,4,2,650000
Brasília,2,49,1,1,197000
Conjunto Cafezal 1,3,230,3,2,880000
Paraíso,2,45,1,1,155000
Lagoa Dourada,2,45,1,1,168000
Mediterrâneo,5,450,4,5,3500000
Gleba Ribeirão Limeiro,2,44,1,1,189000
Jardim Higienópolis,3,90,1,3,370000
Gleba Fazenda Palhano,3,133,2,3,1330000
Gleba Fazenda Palhano,3,120,2,3,1040000
Centro,3,74,1,2,350000
Esperança,3,360,5,2,2690000
Gleba Fazenda Palhano,3,76,2,2,600000
Jardim Colúmbia D,2,59,1,1,250000
Áurea,4,240,4,5,1650000
Jacutinga,3,70,2,2,289540
Parque Jamaica,5,300,4,5,1300000
Franca,3,186,2,2,320000
Brasília,2,46,1,1,250000
Estância Santa Paula,4,441,4,1,3980000
Jardim Adriana I,3,70,1,1,349000
Gleba Fazenda Palhano,2,54,1,1,450000
Conjunto Cafezal 1,2,70,2,1,325000
Portal de Versalhes 1,3,156,2,2,750000
Colinas,2,44,1,1,200000
Gleba Fazenda Palhano,4,510,5,5,3600000
Vivendas do Arvoredo,4,264,4,5,3300000
Gleba Fazenda Palhano,3,181,3,5,2600000
Parque Jamaica,2,51,1,1,270000
Guanabara Parque Boulevard,3,89,2,2,968000
Jardim Moema,2,76,1,1,245000
Gleba Simon Frazer,3,200,4,4,1250000
Judith,4,179,3,4,1060000
Aragarça,2,78,1,1,210000
Vivendas do Arvoredo,3,198,2,1,2650000
Centro,2,56,2,2,435000
Gleba Fazenda Palhano,3,130,2,4,1250000
Cláudia,2,47,1,1,269000
Lago Parque,3,380,5,5,2450000
Jardim Itatiaia 2,3,256,3,3,2650000
Conjunto Habitacional João Turquino,2,45,1,1,180000
Leonor,3,78,1,1,270000
Portal de Versalhes 1,3,220,3,3,900000
Recanto do Salto,5,380,5,5,3980000
Esperança,3,170,2,5,2100000
Gleba Fazenda Palhano,2,47,1,1,350000
Jardim Agari,2,104,2,1,285000
Jardim Continental,2,78,2,2,290000
Centro,3,65,1,2,384340
Jardim Alto do Cafezal,3,130,2,1,475000
Santa Rosa,3,127,2,4,1450000
Condomínio Vale do Arvoredo,4,240,2,2,1400000
Aurora,3,64,1,1,635000
Parque Residencial Campos Elísios,3,76,1,1,319000
Gleba Fazenda Palhano,2,69,2,2,535000
Jardim Montecatini,3,75,2,2,380000
Vale dos Tucanos,3,64,1,1,165000
Centro,4,232,2,4,890000
Jardim Santa Alice,3,250,4,3,680000
Gleba Fazenda Palhano,2,46,1,1,265000
Centro,3,117,1,3,470000
Santa Rosa,3,245,2,5,2300000
Gleba Fazenda Palhano,1,58,1,2,620000
Centro,1,123,2,3,532000
Brasília,2,70,1,2,330000
Terra Bonita,2,84,2,2,765000
Gleba Fazenda Palhano,2,74,2,1,650000
Alto da Boa Vista,3,90,1,1,265000
Caiçaras,3,132,2,3,1280000
Jardim Sabará,2,47,1,1,239000
Recanto do Salto,3,420,4,5,3500000
Centro,3,106,1,3,439000
Centro,3,234,2,2,995000
Boa Vista,5,321,5,3,780000
Brasília,2,46,1,1,260000
Califórnia,3,98,2,1,475000
Gleba Fazenda Palhano,3,136,3,4,1580000
Jardim Tarumã,3,290,3,3,979670
Jardim Agari,4,193,2,3,750000
Vivendas do Arvoredo,3,180,4,5,2990000
Giovani Lunardelli,3,110,2,1,350000
Recanto do Salto,3,505,2,4,2650000
Rodocentro,5,500,4,5,4300000
Ouro Verde,2,45,1,1,190000
Conjunto Residencial Ilha Bela,3,71,1,1,280000
Judith,2,47,1,1,300000
Conjunto Habitacional Alexandre Urbanas,3,216,4,1,1550000
Bela Suiça,4,419,4,5,4250000
Aquilles Sthengel,2,90,2,1,280000
Bela Vista,3,134,2,1,840000
Jardim Moema,3,70,1,1,266000
Jardim Santa Cruz,3,67,1,1,145000
Gleba Fazenda Palhano,3,216,4,5,3390000
Residencial José Lázaro Gouvea,3,70,1,1,450000
Gleba Fazenda Palhano,2,78,2,2,569000
Bela Suiça,3,232,3,5,2600000
Jardim Maria Luiza,2,40,1,1,130000
Conjunto Café,2,70,2,1,260000
Jardim Santa Cruz,3,58,1,1,180000
Jardim Jóquei Club,2,46,1,1,235000
Conjunto Habitacional Alexandre Urbanas,3,125,2,2,600000
Conjunto Habitacional Alexandre Urbanas,3,180,3,4,1650000
Gleba Fazenda Palhano,2,75,1,2,760000
Santa Rosa,3,207,3,5,2290000
Colúmbia,2,50,1,1,215000
Brasília,3,90,2,2,439000
Jardim Pequena Londres,3,130,2,2,382000
Jardim Alto do Cafezal,3,200,1,2,196000
Gleba Simon Frazer,2,110,2,2,450000
Santa Rosa,2,87,1,2,860000
Aeroporto,3,237,2,5,1600000
Jardim Imagawa,3,76,4,1,250000
Judith,3,111,2,3,590000
Jardim Paraty,3,77,1,2,280000
Gleba Fazenda Palhano,3,400,2,4,4949000
Califórnia,3,127,1,1,290000
Centro,2,68,1,1,380000
Brasília,3,140,2,1,360000
São Pedro,4,153,3,2,450000
Vitória Régia,2,210,1,1,270000
Brasília,3,171,4,3,780000
Centro,3,65,1,2,450000
Portal de Versalhes 2,4,135,2,3,550000
Gleba Fazenda Palhano,4,340,4,5,5234000
Guanabara,4,385,4,4,3000000
Jardim Barcelona,3,150,3,2,370000
Jardim São Paulo,3,129,2,2,195000
Centro,2,57,1,2,285000
Jardim Morumbi,3,62,1,2,384820
Gleba Fazenda Palhano,3,214,3,5,2880000
Áurea,3,280,2,4,1650000
Brasília,3,63,1,1,150000
Conjunto Cafezal 1,3,63,3,1,350000
Gleba Fazenda Palhano,3,69,2,2,495000
Yara,2,47,1,1,200000
Judith,3,88,2,2,490000
Esperança,4,327,4,5,5500000
Jardim Tarumã,3,120,2,1,390000
Conjunto Habitacional Santiago II,3,55,1,1,280000
Colúmbia,3,100,2,2,457000
Gleba Fazenda Palhano,3,165,2,4,1550000
Jardim Agari,3,51,1,1,250000
Gleba Fazenda Palhano,3,234,4,5,2560000
Itamarati,4,350,4,4,1100000
Cláudia,3,279,2,2,850000
Esperança,3,335,2,5,3590000
Loteamento Chamonix,3,80,1,2,435000
Jardim Belém,2,65,1,1,180000
Jardim Santa Alice,3,195,4,3,680000
Centro,1,51,1,1,480000
Veraliz,3,71,1,2,450000
Veraliz,3,71,1,2,525900
Guanabara,3,150,2,3,1190000
Parque Residencial Joaquim Toledo Piza,1,36,1,1,250000
Jardim América,3,67,2,2,420000
Industrial,3,60,1,1,162000
Cafezal,2,78,1,2,500000
Gleba Fazenda Palhano,3,89,2,2,1190000
Alpes,4,135,2,3,450000
Centro,2,109,1,2,399000
Colinas,3,100,2,2,390000
Centro,1,56,1,2,460000
Colúmbia,3,83,2,2,373320
Antares,3,90,1,2,335000
Vivendas do Arvoredo,3,80,1,2,600000
Heimtal,3,75,1,1,165000
Centro,3,65,1,2,460000
Aurora,3,68,1,2,520500
Ouro Verde,3,150,1,1,195000
Colinas,2,61,1,2,250000
Colinas,2,44,1,1,199000
Conjunto Habitacional Alexandre Urbanas,3,175,2,1,479000
Centro,3,84,1,3,500000
Santa Rosa,3,86,2,2,850000
Jardim Shangri-la A,3,400,3,2,1320000
Brasília,3,90,2,2,360000
Brasília,3,76,1,2,310000
Operária,4,283,5,4,1790000
Gleba Fazenda Palhano,1,45,1,2,555000
Jardim Morumbi,3,144,4,3,1180000
Brasília,2,73,2,2,375000
Brasília,4,96,1,3,530000
Rodocentro,3,58,1,1,140000
Heimtal,3,112,2,3,585000
Gleba Simon Frazer,3,214,2,3,1690000
Jardim São Paulo II,2,44,1,1,205000
Centro,3,106,1,2,500000
Esperança,2,43,1,1,185000
Parque Jamaica,3,70,1,1,220000
Gleba Fazenda Palhano,3,238,3,5,3100000
Brasília,2,400,2,2,350000
Brasília,3,60,1,1,260000
Brasília,2,65,1,1,275000
Vivendas do Arvoredo,3,178,4,4,2990000
Gleba Fazenda Palhano,3,236,4,5,2500000
Gleba Fazenda Palhano,3,64,1,2,490000
Jardim Jóquei Club,2,78,1,1,198000
Jardim Presidente,3,71,2,2,730000
Gleba Fazenda Palhano,3,112,2,3,1299010
Brasília,3,119,3,2,468000
Canaã,3,395,5,5,1380000
Judith,3,71,1,2,320000
Gleba Fazenda Palhano,2,50,1,1,383000
Cidade Industrial 2,2,41,1,1,195000
Jardim Maria Luiza,2,43,1,1,200000
Cafezal,3,70,5,1,460000
Jardim Tropical,3,200,3,2,415000
Colúmbia,3,134,2,2,450000
Jardim Burle Marx,3,142,1,2,1075000
Vivendas do Arvoredo,2,54,1,1,435000
Igapó,2,149,1,1,690000
Gleba Fazenda Palhano,3,221,4,5,2470000
Conjunto Habitacional Santiago II,3,119,5,2,429000
Conjunto Habitacional Violim,2,50,1,1,260000
Conjunto Residencial Vivendas do Arvoredo,4,200,2,3,1190000
Gleba Fazenda Palhano,3,83,2,2,750000
Coliseu,3,132,2,2,545000
Colinas,2,41,1,1,170000
Esperança,1,497,4,5,7000000
Jardim do Leste,3,250,1,1,950000
Igapó,2,51,1,1,380000
Santa Rosa,3,186,4,2,1390000
Centro,3,127,2,2,920000
Gleba Fazenda Palhano,3,110,2,3,1060000
Gleba Fazenda Palhano,3,70,1,2,380000
Alpes,3,130,2,2,380000
Centro,3,118,1,4,420000
Jardim Morumbi,2,55,1,1,320000
Residencial Verona,2,52,1,1,220000
Heimtal,3,128,2,3,650000
Jardim Maria Luiza,2,45,1,1,180000
Gleba Fazenda Palhano,3,75,1,2,650000
Colúmbia,2,69,2,2,330000
Gleba Fazenda Palhano,2,81,2,2,880000
Terra Bonita,2,50,1,1,314000
Gleba Fazenda Palhano,3,207,3,4,2490000
Vivendas do Arvoredo,3,178,2,5,2990000
Jardim São Paulo II,2,48,1,1,195000
Vila Siam,2,69,1,2,550000
Bela Suiça,3,156,2,4,1700000
Ideal,2,130,5,3,550000
Centro,3,128,2,3,615000
Parque Jamaica,2,51,1,1,288000
Brasília,3,140,4,3,420000
Centro,2,65,1,2,390000
Gleba Fazenda Palhano,2,86,2,2,890000
Jardim Higienópolis,1,54,1,1,361000
Vivendas do Arvoredo,4,293,4,2,3600000
Esperança,3,290,2,4,2150000
Jardim Shangri-la A,3,68,1,2,459000
Conjunto Habitacional Alexandre Urbanas,3,150,4,4,990000
Andrade,3,124,2,2,1250000
Gleba Fazenda Palhano,3,173,2,5,1980000
Centro,1,37,1,1,230000
Centro,3,71,1,2,220000
Colúmbia,3,110,2,3,510000
Conjunto Habitacional João Turquino,2,45,1,1,130000
Centro,2,74,1,2,315000
Gleba Fazenda Palhano,3,183,3,4,2395000
Gleba Fazenda Palhano,2,44,1,1,265000
Santa Rosa,2,98,2,3,1159000
Brasília,3,200,4,4,1300000
Conjunto Habitacional Alexandre Urbanas,3,130,2,2,430000
João Paz,3,99,2,1,180000
Gleba Fazenda Palhano,3,71,1,1,330000
Gleba Fazenda Palhano,2,77,1,2,620000
Jardim São Paulo II,2,45,1,1,220000
Parque Residencial Alcântara,4,320,2,5,2999999
Brasília,3,76,1,2,280000
Bandeirantes,3,202,4,2,530000
Jardim Maria Luiza,2,45,1,1,180000
Residencial José B Almeida,3,96,1,1,390000
Gleba Simon Frazer,3,143,2,3,650000
Jardim São Paulo II,2,48,1,1,225000
Cidade Industrial 2,2,44,1,1,175000
Gleba Fazenda Palhano,3,74,2,2,770000
Gleba Fazenda Palhano,3,200,4,5,2350000
Brasília,2,90,2,2,410000
Gleba Fazenda Palhano,4,319,2,5,3900000
Conjunto Habitacional Maria Cecília Serrano de Oliveira,2,80,2,1,160000
Pacaembu,4,191,4,4,800000
Centro,2,54,1,1,420000
Tucano,4,900,5,5,4500000
Gleba Ribeirão Limeiro,2,44,1,1,215000
Aurora,3,63,1,2,420000
Jardim Novo Sabará,3,160,5,3,720000
Jardim Tókio,2,80,1,2,260000
Vila Larsen 1,2,54,1,2,340000
Jardim Shangri-la A,2,67,1,2,580000
Parque Jamaica,3,57,1,1,179500
Centro,3,71,1,1,560000
Jardim Moema,3,70,1,1,289340
Terras de Santana II,4,370,2,3,1850000
Gleba Fazenda Palhano,2,45,1,1,360000
Gleba Fazenda Palhano,2,103,2,3,940000
Gleba Simon Frazer,3,74,2,2,385000
Centro,4,128,4,3,780000
Jardim Morumbi,2,59,1,2,349000
São Vicente,3,110,1,3,650000
Recanto do Salto,3,240,4,4,3200000
Espanha,2,70,4,1,335000
Gleba Fazenda Palhano,3,104,2,2,1170000
Recanto do Salto,3,210,4,5,2050000
Jardim São Francisco de Assis,3,90,1,2,435000
Jardim Vale do Cedro,4,170,2,4,990000
Cafezal,3,100,2,3,450000
Recanto do Salto,3,365,4,5,2800000
Coliseu,3,165,4,3,720000
Cambezinho,4,145,2,3,420000
Terra Bonita,2,70,1,2,653000
Centro,4,149,2,3,490000
Santa Rosa,3,122,2,2,990000
Brasília,3,96,1,2,580000
Califórnia,3,151,1,1,250000
Conjunto Habitacional Doutor Farid Libos,2,45,1,1,180000
Centro,4,257,2,4,860000
São Vicente,3,67,1,2,484500
Centro,2,65,1,1,260000
Guanabara Parque Boulevard,3,182,2,2,790000
Jardim Nações Unidas,2,45,1,1,170000
Vitória Régia,2,58,1,1,210000
Industrial,2,46,1,1,148000
Universitário,3,202,2,4,1150000
Brasília,2,69,2,2,636000
Brasília,2,45,1,1,185000
Gleba Fazenda Palhano,2,46,1,1,270000
Santa Rosa,3,248,3,4,3700000
Jardim Colúmbia D,3,85,2,2,350000
Jardim Agari,2,52,1,1,215000
Vale dos Tucanos,3,64,1,1,190000
Veraliz,3,71,1,2,510000
Centro,3,120,1,3,550000
Nossa Senhora de Lourdes,2,48,1,2,250000
Centro,3,128,2,3,1250000
Gleba Fazenda Palhano,3,97,2,3,590000
Jardim Guararapes,3,300,4,3,790000
Jardim Tókio,3,116,2,1,530000
Canaã,3,78,1,1,320000
Terra Bonita,2,69,2,2,639000
Terra Bonita,2,110,4,1,560000
Califórnia,2,68,2,1,299000
Igapó,3,64,2,2,530000
Centro,2,54,1,1,240000
Petrópolis,3,78,2,2,689000
Parque Residencial Joaquim Toledo Piza,3,93,1,2,330000
Califórnia,3,74,4,1,350000
Gleba Fazenda Palhano,3,122,2,3,1280000
Jardim Bandeirantes,2,62,1,1,175000
Conjunto Habitacional Santiago II,3,70,1,2,255000
Centro,3,63,1,2,230000
Gleba Fazenda Palhano,3,186,2,3,2700000
Jardim do Sol,2,170,2,1,299000
Brasília,2,53,1,1,181000
Caravelle,3,250,2,3,1190000
Santa Rosa,3,81,1,2,750000
Alto da Boa Vista,3,85,1,1,290000
Jardim Neman Sahyun,3,93,2,1,270000
Gleba Fazenda Palhano,3,172,2,5,1790000
Jardim Maria Luiza,2,45,1,1,149000
Vale dos Tucanos,2,49,1,1,230000
Jardim Tókio,3,166,4,5,950000
Gleba Fazenda Palhano,3,124,2,3,950000
Centro,3,125,1,2,530000
Centro,3,81,1,2,330000
Colinas,2,52,1,1,199000
Vivendas do Arvoredo,3,264,4,4,3300000
Terra Bonita,3,140,2,3,980000
Centro,1,24,1,1,220000
Conjunto Habitacional Alexandre Urbanas,3,196,4,4,1700000
Jardim Albatroz,3,188,3,2,998000
Bela Suiça,3,232,3,4,2600000
Heimtal,3,88,2,1,270000
Residencial José Lázaro Gouvea,4,300,3,5,2800000
Centro,3,65,1,1,155500
Aurora,2,52,1,1,450000
Gleba Fazenda Palhano,2,62,1,2,650000
Jardim do Lago,3,80,1,2,680000
Perobinha,2,72,1,1,110000
Brasília,3,63,1,2,330000
Terra Bonita,2,69,1,2,480000
Esperança,3,140,4,3,1190000
Antares,3,86,2,2,660000
Marumbi,3,140,1,1,310000
Centro,4,280,3,5,1250000
Terra Bonita,3,73,2,2,525000
Jardim dos Estados,4,328,2,2,410000
Brasília,3,56,1,1,165000
Gleba Fazenda Palhano,3,100,2,2,1190000
Centro,1,120,1,3,380000
Esperança,4,318,2,4,2799000
Caravelle,3,230,3,3,1190000
Califórnia,2,61,1,2,285000
Brasília,3,190,2,3,370000
Gleba Fazenda Palhano,3,226,2,3,1300000
San Fernando,2,45,1,1,150000
Gleba Fazenda Palhano,3,122,2,4,1290000
Centro,2,66,1,2,350000
Coliseu,4,166,4,4,700000
Brasília,3,59,1,1,150000
Jardim Presidente,3,71,2,2,850000
Gleba Fazenda Palhano,3,129,2,3,1100000
Brasília,3,70,2,1,400000
Recanto do Salto,3,347,5,5,3200000
Recanto do Salto,4,250,5,4,2700000
Gleba Fazenda Palhano,3,122,2,4,1300000
Brasília,2,1022,1,1,159000
Jardim Higienópolis,3,101,1,3,590000
Jardim Itatiaia 2,2,165,4,3,1290000
Colinas,2,61,1,2,270000
Bela Suiça,5,1000,4,5,17000000
Conjunto Habitacional Alexandre Urbanas,3,81,2,2,399000
Santa Izabel,3,73,1,1,240000
Bela Suiça,4,333,4,5,4000000
Gleba Fazenda Palhano,3,235,4,5,2550000
Vila Filipin,2,47,1,1,195000
Gleba Fazenda Palhano,2,50,1,1,267000
Centro,5,563,2,5,2500000
Veraliz,2,57,1,1,429900
Jardim América,2,69,1,1,350000
Jardim Monções,3,218,4,3,700000
Jardim Morumbi,3,57,1,1,240000
Leonardo da Vinci,3,150,2,2,320000
Cláudia,3,210,2,1,900000
Jardim Montecatini,1,68,2,1,270000
Centro,4,405,3,5,2990000
Gleba Fazenda Palhano,2,70,2,2,645000
Petrópolis,3,104,2,3,1109900
Jardim Tókio,2,70,1,2,280000
Colúmbia,3,113,2,4,500000
Brasília,2,100,3,2,320000
Paraíso,2,47,1,1,160000
Jardim Montecatini,2,70,1,2,375000
Vitória Régia,3,60,1,1,198000
Gleba Simon Frazer,3,75,1,2,384890
Jardim dos Estados,2,47,1,1,300000
Sabará III,3,180,2,3,560000
Parque Jamaica,2,61,1,2,430000
Recanto do Salto,3,224,2,5,2900000
Parigot de Souza 2,2,45,1,1,219000
Gleba Fazenda Palhano,3,167,2,5,2500000
Gleba Fazenda Palhano,3,79,2,2,590000
Parque Jamaica,3,58,1,1,160000
Brasília,4,128,1,3,550000
Jardim América,3,70,1,1,350000
Gleba Fazenda Palhano,3,82,1,2,680000
Marabá,2,120,2,2,320000
Jardim Maria Celina,2,47,1,1,190000
Centro,3,102,2,2,300000
Jardim Higienópolis,4,97,1,3,389000
Colúmbia,2,96,2,2,420000
Gleba Fazenda Palhano,2,46,1,1,289000
Parque Jamaica,2,72,1,1,440000
Ideal,3,70,2,2,264000
Gleba Simon Frazer,2,110,2,2,450000
Centro,3,73,1,2,360000
Brasília,3,150,1,2,400000
Jardim Tarumã,4,330,2,1,1250000
Gleba Fazenda Palhano,3,138,2,4,1700000
Nova Olinda,2,47,1,1,110000
Jardim Santa Alice,4,156,4,3,670000
Monte Belo,3,134,1,1,590000
Vivendas do Arvoredo,5,360,5,5,3500000
Gleba Fazenda Palhano,3,165,2,3,1950000
Colinas,2,44,1,1,245000
Conjunto Vivi Xavier,2,164,2,2,345000
Vivendas do Arvoredo,3,277,4,5,2590000
Vila Ziober,2,50,1,1,150000
Santa Rita 1,4,220,3,3,875000
Jardim Colúmbia D,4,220,4,2,474620
Universitário,3,150,4,2,1100000
Maria Lúcia,4,159,4,2,550000
Parque Residencial Joaquim Toledo Piza,4,100,2,3,350000
Guanabara,4,404,3,5,2150000
Jardim Agari,3,75,1,2,260000
Jardim Shangri-la A,3,400,5,5,1385000
Gleba Fazenda Palhano,3,114,2,3,1250000
Jardim Maria do Carmo,1,64,1,1,270000
Jardim Tarumã,3,129,2,2,450000
Vitória,3,70,1,1,660000
Brasília,3,80,1,2,216000
Vivendas do Arvoredo,5,470,5,5,7500000
Califórnia,4,191,4,3,680000
Gleba Fazenda Palhano,3,181,2,4,2790000
Gleba Fazenda Palhano,3,173,2,5,1790000
Vale dos Tucanos,3,77,2,2,540000
Jardim Santa Cruz,2,50,1,1,130000
Conceição,3,87,1,2,399000
Campo Belo,3,72,1,2,620000
Jardim Morumbi,3,57,1,1,200000
Conjunto Residencial Itamaraty,3,91,1,2,380000
Recanto do Salto,3,220,4,5,2750000
Centro,4,231,2,4,890000
Brasília,3,140,3,3,720000
Conjunto Habitacional Alexandre Urbanas,3,183,2,4,1395000
Santa Rosa,3,245,3,5,3390000
Jardim Morumbi,2,50,1,1,270000
Jardim Nova Londrina,4,421,4,4,2400000
Brasília,3,83,1,2,309000
Brasília,3,102,1,2,380000
Parque Jamaica,3,54,1,1,170000
Gleba Fazenda Palhano,3,230,3,5,1700000
Gleba Fazenda Palhano,1,45,1,2,475000
Nova Olinda,2,51,1,1,135000
Parque Jamaica,2,60,1,2,410000
Califórnia,3,123,2,3,750000
Colinas,2,69,1,1,230000
San Remo,3,77,1,2,350000
Brasília,3,91,2,2,788000
Vila Fujita,3,120,1,1,735000
Gleba Simon Frazer,3,186,4,1,1450000
Residencial Abussafe,3,200,2,1,460000
Esperança,3,183,4,5,2180000
Shangri-lá,3,100,2,1,230000
Terra Bonita,3,91,1,1,490000
Vivendas do Arvoredo,3,210,4,5,3770000
Tietê,2,45,1,1,130000
Condomínio Royal Golf Residence,4,731,4,5,15000000
Conjunto Habitacional Alexandre Urbanas,3,175,2,1,480000
Gleba Fazenda Palhano,3,81,2,2,730000
Gleba Fazenda Palhano,2,81,2,2,799000
Colinas,2,110,2,1,245000
Jardim Paraná,3,230,2,1,430000
Jardim Portal de Itamaracá,3,80,1,2,349790
Esperança,4,375,5,5,5000000
Centro,1,58,1,2,250000
Jardim do Lago,4,217,2,4,1650000
Gleba Fazenda Palhano,2,75,2,2,759000
Gleba Fazenda Palhano,2,54,2,1,440000
Andrade,3,73,1,2,300000
Olímpico,2,45,1,1,199000
Jardim América,3,67,1,2,480000
Brasília,2,56,1,1,295000
Andrade,3,65,1,1,240000
Brasília,2,45,1,1,198000
Centro,3,74,1,1,340000
Jardim Montecatini,2,80,2,3,299000
Jardim Santo Antônio,5,263,4,3,950000
Califórnia,3,209,4,3,550000
Parque Residencial Elizabeth,2,60,1,1,245000
Jardim Vilas Boas,2,58,1,1,240000
Gleba Fazenda Palhano,3,236,3,5,2790000
Califórnia,3,123,1,1,650000
Brasília,1,35,1,1,204000
Centro,3,89,1,1,470000
Gleba Fazenda Palhano,3,122,2,3,1200000
Pacaembu,3,84,2,2,395000
Brasília,2,84,2,1,327000
Vila Filipin,2,50,1,2,270000
Gleba Fazenda Palhano,3,79,2,2,580000
Alto da Colina,1,17,1,1,130000
Centro,3,148,2,1,750000
Parque Jamaica,2,60,1,2,470000
Terra Bonita,3,84,2,2,760000
Santa Rosa,3,183,3,1,2500000
Centro,3,81,1,2,680000
Esperança,5,303,3,5,3190000
Maria Lúcia,3,135,2,1,450000
Centro,3,133,1,3,580000
Vivendas do Arvoredo,4,499,4,5,4500000
Jardim Imagawa,2,77,1,1,250000
Gleba Fazenda Palhano,2,62,1,2,570000
Centro,3,95,1,3,470000
Jardim Monte Sinai,2,60,2,1,165000
Carnascialli,2,65,1,1,230000
Olímpico,2,47,1,1,270000
Gleba Fazenda Palhano,3,181,2,5,2200000
Esperança,3,120,3,2,430000
Terra Bonita,2,70,1,2,649000
Jardim Tabapuã,3,289,3,3,990000
Jardim Montecatini,3,187,4,3,1800000
Gleba Fazenda Palhano,1,52,1,2,585000
Jardim Shangri-la A,3,67,1,1,490000
Gleba Fazenda Palhano,3,183,3,4,2350000
Terra Bonita,2,62,1,2,552050
Gleba Fazenda Palhano,2,82,2,1,820000
Gleba Fazenda Palhano,3,66,1,2,690000
Centro,4,208,2,3,1200000
Gleba Fazenda Palhano,2,70,1,2,650000
Jacutinga,2,61,2,2,349480
Rodocentro,3,250,2,3,1200000
Jardim Morumbi,2,51,1,1,235000
Gleba Fazenda Palhano,3,166,2,2,795000
Residencial José Lázaro Gouvea,3,70,1,2,495000
Gleba Fazenda Palhano,3,110,2,3,1100000
Leonor,2,64,2,1,275000
Itamarati,4,485,5,5,950000
Shangri-lá,3,100,2,2,360000
Aurora,3,64,2,2,460000
Hedy,3,264,4,3,1650000
Paraíso,2,47,1,1,160000
Aurora,2,75,1,2,610000
Campo Belo,4,114,2,4,750000
Terra Bonita,3,240,4,2,1600000
Vila Larsen 1,2,57,1,1,300000
Gleba Fazenda Palhano,3,122,2,4,1450000
Jardim Moema,2,65,1,1,266000
Jardim Tomy,3,100,2,2,295000
Terra Bonita,2,70,1,1,830000
Vila Larsen 1,3,65,1,2,410000
Residencial Havana,3,163,3,3,1280000
Kennedy,5,590,3,5,3500000
Conjunto Habitacional Maria Cecília Serrano de Oliveira,4,85,2,2,259740
Iguaçu,3,440,2,5,1900000
Brasília,2,72,1,1,215000
Colinas,2,47,1,1,250000
Centro,3,74,1,3,295000
Jardim Shangri-la A,2,52,1,1,410000
Brasília,4,182,3,2,310000
Pacaembu,3,128,2,3,370000
Centro,3,70,2,2,650000
Bela Suiça,2,74,1,2,1099000
Canaã,4,323,4,5,2200000
Centro,3,86,2,2,800000
Jardim Strass,3,134,4,3,510000
Gleba Fazenda Palhano,3,130,2,5,1400000
Vitória Régia,3,69,1,1,169000
Jardim Santa Cruz,2,44,1,1,130000
Vila Matarazzo,3,185,2,1,415000
Centro,2,79,1,1,350000
Giovani Lunardelli,2,107,2,2,320000
Centro,3,66,1,2,480000
Olímpico,2,41,1,1,185000
Conjunto Residencial Vivendas do Arvoredo,3,104,2,2,590000
Gleba Fazenda Palhano,3,165,2,2,1990000
Gleba Fazenda Palhano,3,185,4,5,2100000
Centro,3,71,1,3,550000
Canaã,5,490,4,5,2200000
Centro,3,85,1,2,275000
Vila Larsen 1,3,75,2,2,400000
Brasília,2,54,1,2,369000
Jardim Morumbi,2,41,1,1,230000
Dom Bosco,4,266,3,5,2300000
Gleba Fazenda Palhano,2,46,1,1,270000
Gleba Fazenda Palhano,3,214,3,5,2500000
Conjunto Habitacional Alexandre Urbanas,3,100,3,3,420000
Leonor,3,140,2,3,660000
Centro,3,67,1,2,529900
Jardim Tókio,2,57,1,1,230000
Conjunto Habitacional Alexandre Urbanas,3,190,2,3,1489490
Andrade,3,72,1,2,555000
Novo Antares,3,83,1,2,449710
Esperança,5,490,5,5,7000000
Centro,3,90,2,2,445000
Vila Siam,3,69,1,2,550000
Gleba Ribeirão Limeiro,2,44,1,1,185000
Rodocentro,2,48,1,1,120000
Carnascialli,2,180,1,1,230000
Champagnat,3,59,2,1,345000
São Lourenço,2,150,2,1,220000
Jardim Morumbi,3,210,4,4,1700000
Brasília,2,80,1,2,340000
Bela Suiça,2,87,2,3,1170000
Jardim Belo Horizonte,3,87,2,2,470000
Waldemar Hauer,3,170,5,2,320000
Centro,1,50,1,1,399000
Esperança,3,290,3,3,1800000
Centro,3,128,2,4,890000
Centro,4,280,2,2,990000
Jardim Pequena Londres,3,80,1,2,300000
Jardim São Jorge,3,121,2,2,180000
Esperança,3,308,2,5,3800000
Califórnia,3,255,4,3,850000
Vivendas do Arvoredo,3,175,4,4,2150000
Lago Parque,4,360,1,2,1450000
Bela Suiça,4,419,4,5,4250000
Brasília,3,108,1,4,743000
Jardim Maria Luiza,2,47,1,1,165000
Centro,1,39,1,1,240000
Gleba Fazenda Palhano,2,78,3,2,710000
Brasília,3,120,2,2,250000
Conjunto Habitacional José Garcia Molina,2,47,1,1,170000
Parque Jamaica,2,60,1,1,395000
Condomínio Vale do Arvoredo,3,212,4,4,2500000
Jardim Maria Celina,2,46,1,1,230000
Jardim Agari,3,135,3,2,690000
Bancários,4,258,4,4,1290000
Brasília,2,72,1,2,265000
Jardim Jóquei Club,2,48,1,1,185000
Gleba Fazenda Palhano,3,83,2,2,780000
Shangri-lá,3,137,2,2,560000
Gleba Fazenda Palhano,2,72,1,2,595000
Esperança,3,171,2,4,1990000
Brasília,3,306,3,1,280000
Brasília,2,45,1,1,235000
Gleba Fazenda Palhano,3,83,2,1,750000
Jardim Agari,2,84,1,2,490000
Brasília,3,84,2,2,410000
Gávea,3,88,1,2,429900
Lago Parque,4,385,4,3,1300000
Santa Rosa,3,114,2,3,1200000
Conjunto Habitacional José Garcia Molina,2,49,1,1,185000
Gleba Fazenda Palhano,3,122,2,4,1220000
Ideal,3,198,5,5,1684000
Guanabara Parque Boulevard,3,80,1,2,595000
Recanto do Salto,4,244,4,4,2450000
Centro,3,70,2,2,610000
Dom Bosco,4,266,3,3,2300000
Jardim do Sol,2,300,2,1,320000
Terra Bonita,3,100,1,2,235000
Brasília,3,77,1,2,420000
Centro,3,88,1,2,380000
Vila Filipin,1,48,1,2,160000
Conjunto Habitacional Santiago II,3,69,2,2,260000
Jardim Portal de Itamaracá,3,90,2,2,350000
Jardim Higienópolis,1,45,1,1,270000
São Vicente,3,108,1,1,265000
Heimtal,2,65,1,1,190000
Andrade,2,65,1,1,249230
Quebec,5,460,4,5,3200000
Gleba Ribeirão Limeiro,2,45,1,1,195000
Esperança,4,300,4,5,2200000
Gleba Fazenda Palhano,2,122,2,3,1350000
Centro,3,134,1,1,500000
Centro,3,128,3,2,1400000
Portal de Versalhes 1,1,50,1,1,170000
Cafezal,3,89,2,2,310000
Mediterrâneo,4,550,5,4,3500000
Centro,3,101,2,3,495000
Jardim Maria Luiza,2,45,1,1,190000
Alpes,3,205,2,3,1200000
Jardim Ilha do Mel,4,193,5,4,650000
Brasília,3,144,4,2,370000
Terra Bonita,3,350,5,5,1900000
Centro,3,105,1,3,350000
Terra Bonita,2,79,1,2,735000
Parigot de Souza 2,3,74,1,1,295000
Jardim Império do Sol,3,98,2,2,510000
Jardim Esperança,3,126,1,1,550000
Jardim São Paulo,3,87,1,2,371000
Brasília,3,110,2,2,460000
Portal de Versalhes 2,4,135,2,2,480000
Pacaembu,3,90,1,2,320000
Sabará I,3,120,2,2,595000
Pacaembu,3,134,1,2,350000
Portal de Versalhes 1,1,55,1,1,170000
Parque Jamaica,2,62,1,2,439536
Jardim Belém,2,72,1,1,235000
Gleba Ribeirão Limeiro,2,46,1,1,310000
Terra Bonita,3,140,2,2,899000
Brasília,2,45,1,1,180000
Jardim São Tomás,3,100,4,2,230000
Bela Suiça,4,556,4,5,6200000
Colúmbia,2,95,1,1,385000
Leonor,2,46,1,1,160000
Califórnia,3,182,4,3,750000
Cidade Industrial 2,2,43,1,1,210000
Brasília,3,133,2,2,488000
Gleba Fazenda Palhano,3,103,2,3,1150000
Vale dos Tucanos,3,64,1,1,215000
Conjunto Habitacional Maria Cecília Serrano de Oliveira,3,87,2,1,200000
Alto da Boa Vista,4,253,1,2,195000
Conjunto Habitacional José Garcia Molina,2,45,1,1,155000
Gleba Fazenda Palhano,3,183,3,4,2050000
Terra Bonita,3,92,2,2,974000
Conjunto Habitacional Alexandre Urbanas,3,81,2,2,409620
Loteamento Chamonix,3,80,1,2,350000
Alpes,4,250,4,2,990000
Gleba Fazenda Palhano,2,44,1,1,320000
Jardim do Sol,3,218,2,2,520000
Centro,2,58,1,1,275000
Centro,4,500,3,5,2490000
Centro,3,90,1,4,455000
Centro,3,120,1,1,580000
Jardim Nações Unidas,2,46,1,1,180000
Gleba Fazenda Palhano,3,108,2,2,1275000
Condomínio Vale do Arvoredo,4,220,4,5,1380000
Parque Leblon,2,80,2,1,240000
Bela Suiça,3,94,1,1,585000
Conjunto Vivi Xavier,3,168,2,1,400000
Leonor,3,137,1,2,350000
Esperança,4,310,4,5,3290000
Monte Belo,2,85,5,1,330000
Pacaembu,4,182,2,2,449660
Brasília,4,372,3,4,375000
Jardim Atlanta,2,220,1,1,450000
Brasília,2,70,1,1,190000
Centro,2,60,1,2,285000
Jardim Tropical,2,60,4,1,230000
Califórnia,3,180,2,3,700000
Conjunto Farid Libos,3,119,3,3,260000
Dom Pedro,3,140,2,3,1280000
Jardim Portal de Itamaracá,3,84,2,2,350000
Gleba Fazenda Palhano,3,167,2,5,1900000
Gleba Fazenda Palhano,3,148,3,4,1670000
Nova,3,150,2,2,1500000
Gaion,3,80,1,2,515000
Residencial José B Almeida,3,75,1,1,460000
Paraíso,2,47,1,1,170000
Centro,2,220,1,3,550000
Residencial Abussafe,3,93,2,2,460000
Conjunto Farid Libos,2,62,1,1,265000
Centro,2,60,1,1,285000
Gleba Fazenda Palhano,3,79,2,2,595000
Vivendas do Arvoredo,4,261,4,4,2900000
Vitória,3,70,2,2,529900
Gleba Ribeirão Limeiro,2,44,1,1,189000
Colinas,2,86,1,2,299190
Conjunto Habitacional José Garcia Molina,3,250,4,2,650000
Conjunto Habitacional José Garcia Molina,2,53,1,1,150000
Gleba Fazenda Palhano,1,48,1,1,450000
Tucano,4,547,5,5,4600000
Santa Rosa,3,108,2,3,1280000
Centro,5,250,2,4,940000
Brasília,3,85,1,2,310000
Brasília,3,89,3,2,580000
Gleba Fazenda Palhano,3,110,2,3,1190000
Jardim Imagawa,2,54,1,1,120000
Vivendas do Arvoredo,3,187,2,2,2100000
Nova Olinda,3,81,2,2,330000
Esperança,3,152,4,3,1299000
Santa Joana,3,162,3,2,230000
Brasília,4,298,4,5,2900000
Centro,4,213,2,5,780000
Centro,5,295,2,4,890000
Jardim Colúmbia D,2,96,3,3,700000
São Vicente,2,55,1,1,245000
Jardim das Américas,2,44,1,1,149000
Terra Bonita,3,63,2,2,550000
Gleba Fazenda Palhano,2,103,2,3,1160000
Colinas,2,69,2,1,264900
Brasília,2,48,1,1,265000
Iguaçu,4,440,5,5,2500000
Petrópolis,3,113,2,2,720000
Terras de Santana II,3,300,4,5,2700000
Bela Vista,3,112,1,2,625000
Aquilles Sthengel,3,86,4,1,185000
Santa Rosa,3,108,3,2,1300000
Brasília,3,116,1,2,390000
Jardim Pérola,3,171,4,3,780000
Terras de Santana II,3,185,4,4,1580000
Jardim Higienópolis,3,217,3,4,1390000
Centro,2,64,1,2,515000
Gleba Fazenda Palhano,3,130,2,5,1290000
Pacaembu,2,80,3,1,200000
Vitória Régia,3,52,1,1,178000
Esperança,3,220,4,4,1580000
Gleba Fazenda Palhano,2,46,1,1,330000
Jardim Morumbi,3,60,1,1,240000
Conjunto Habitacional Alexandre Urbanas,3,183,2,3,1395000
Conjunto Habitacional José Garcia Molina,2,44,1,1,155000
Residencial Vila Romana,2,125,1,2,550000
Jardim Nova Esperança,1,80,1,2,330000
Mediterrâneo,4,549,5,5,3500000
Campo Belo,3,346,2,3,585000
Centro,3,70,1,3,290000
Centro,5,295,2,5,890000
Colinas,3,88,1,2,350000
Jardim Morumbi,3,140,4,2,1100000
Vale dos Tucanos,2,44,1,1,275000
Andrade,3,72,1,2,530000
Centro,4,323,3,5,1585000
Brasília,3,71,1,2,549000
Parque Industrial José Belinati,2,68,1,1,210000
Jardim do Lago,3,213,2,5,1850000
Rodocentro,3,55,1,1,160000
Gleba Fazenda Palhano,3,112,2,3,720000
Gleba Fazenda Palhano,2,82,2,3,850000
Esperança,3,125,4,3,980000
Vila Filipin,2,70,1,2,440000
Gleba Fazenda Palhano,3,130,2,2,1190000
Santa Rosa,2,81,1,2,730000
Centro,3,148,2,4,1200000
Industrial,4,183,2,3,700000
Granville Parque Residencial,3,215,2,3,1270000
Vale dos Tucanos,3,64,1,1,210000
Vale dos Tucanos,2,74,1,2,430000
Jardim Burle Marx,3,142,2,1,1090000
Tietê,3,49,1,1,160000
Paulista,2,48,1,2,245000
Gleba Fazenda Palhano,3,96,2,2,650000
Cafezal,3,250,4,2,700000
Sabará III,4,150,4,3,450000
Brasília,3,70,2,2,372000
Brasília,3,186,4,3,1390000
Brasília,3,90,1,2,350000
Gleba Fazenda Palhano,3,173,2,5,1630000
Centro,1,92,2,2,474000
Recanto do Salto,3,286,4,5,3200000
Brasília,2,42,1,1,265000
Bela Suiça,3,100,2,3,440000
Jardim Presidente,4,164,2,4,1000000
Vivendas do Arvoredo,3,210,4,5,3750000
Colúmbia,3,74,2,2,360000
Centro,4,117,1,3,459000
Lago Parque,5,800,5,4,2500000
Santa Rosa,2,100,2,3,1073000
Jardim Strass,2,51,1,1,105000
Andrade,3,124,2,3,1250000
Sabará III,3,99,2,2,295000
Campo Belo,5,274,4,5,1000000
Gleba Ribeirão Limeiro,2,43,1,1,185000
Vitória,3,69,2,2,520000
Jardim Alvorada,5,436,4,5,780000
Alpes,3,186,1,4,695000
Jardim ltaparica,3,140,2,2,520000
Vale dos Tucanos,3,64,1,1,245000
Gleba Fazenda Palhano,2,54,1,1,420000
Gleba Fazenda Palhano,2,46,1,1,265000
Residencial José Lázaro Gouvea,3,69,1,2,520000
Leonor,4,180,2,2,530000
Leonor,2,73,4,1,200000
Santa Izabel,2,48,1,1,205000
Perobinha,2,49,1,1,145000
Brasília,2,44,1,1,210000
Brasília,3,110,4,3,580000
Ouro Verde,3,115,1,2,409730
Jardim Barra Forrest,3,80,2,2,310000
Parque Jamaica,2,57,1,2,400000
Campo Belo,3,124,2,2,1250000
Gleba Fazenda Palhano,3,87,1,2,860000
Cidade Industrial 2,2,59,1,1,120000
Jardim Novo Sabará,4,168,2,3,300000
Colúmbia,2,50,1,1,204000
Centro,3,77,1,1,300000
Parque Jamaica,3,54,1,1,180000
Brasília,2,43,1,1,181000
Parque Jamaica,2,50,1,2,340000
Jardim São Jorge,4,256,4,4,3650000
Santa Rosa,3,323,4,5,3850000
Esperança,2,43,1,1,245000
Lago Parque,4,198,2,3,750000
Vivendas do Arvoredo,4,417,4,4,3990000
Centro,3,52,1,2,300000
Lago Parque,3,277,3,3,1100000
Jardim São Jorge,3,119,2,3,1295000
Aurora,3,66,1,2,397500
Bela Suiça,5,460,5,5,2100000
Brasília,3,80,1,2,350000
Vitória,3,96,2,2,290000
Santa Rosa,3,207,3,4,2800000
Leonor,3,80,1,2,310000
Santa Rosa,4,122,2,3,1050000
Gleba Fazenda Palhano,3,221,4,5,2450000
Aragarça,4,190,4,5,1300000
Centro,1,33,1,1,200000
Jardim São Paulo II,2,44,1,1,205000
Jardim Montecatini,3,146,2,2,990000
Centro,1,58,1,2,345000
Jardim Morumbi,2,55,1,1,290000
Aurora,3,74,1,2,580000
Tietê,3,49,1,1,145000
Brasília,5,599,5,5,3500000
Bandeirantes,3,80,2,2,425000
Centro,3,120,1,3,540000
Jardim Nações Unidas,2,47,1,1,171000
Jardim Sérgio Antônio,2,44,1,1,170000
Gleba Simon Frazer,3,144,4,4,1150000
Centro,5,510,4,5,1200000
Brasília,3,133,2,3,390000
Parque Jamaica,3,75,1,2,380000
Jardim Presidente,2,71,1,2,570000
Centro,3,128,2,3,1250000
Parque Jamaica,3,180,2,4,1370000
Gleba Fazenda Palhano,3,75,2,2,710000
Jardim Tókio,3,87,1,1,230000
Gleba Fazenda Palhano,3,79,2,2,630000
Loteamento Chamonix,3,81,1,2,435000
Vila Nova,2,53,1,2,200000
Brasília,3,134,2,2,350000
Jardim Montecatini,2,62,1,1,220000
Conjunto Habitacional Maria Cecília Serrano de Oliveira,2,90,1,1,165000
Gleba Fazenda Palhano,3,79,2,2,750000
Aurora,3,64,1,2,530000
Gleba Fazenda Palhano,2,46,1,1,270000
Brasília,3,100,2,2,530000
Jardim Agari,2,92,1,1,390000
Centro,4,122,1,3,450000
Leonor,2,63,4,1,275000
Industrial,3,99,1,3,395000
Brasília,2,84,2,1,327000
Operária,4,350,2,2,1780000
Jardim São Tomás,3,84,2,2,350000
Califórnia,3,118,1,1,230000
Gleba Fazenda Palhano,3,195,3,5,2030000
Centro,3,84,2,2,750000
Condomínio Royal Golf Residence,5,900,5,5,12000000
Jardim Morumbi,2,50,1,1,272890
Granville Parque Residencial,3,280,4,4,1750000
Leonor,3,117,2,2,240000
Aurora,5,380,2,5,2000000
Jardim Tókio,2,57,1,2,230000
Gleba Fazenda Palhano,3,82,2,2,890000
Jardim Vale Verde,1,80,1,2,350000
Guanabara,3,378,4,5,7200000
Jardim Imagawa,4,267,4,2,550000
Jardim Morumbi,2,60,1,1,320000
Residencial Verona,2,52,1,1,230000
Gleba Fazenda Palhano,2,82,2,2,680000
Caiçaras,3,132,2,3,1280000
Terra Bonita,2,64,2,2,448000
Vale dos Tucanos,2,48,1,2,210000
Ideal,3,88,2,2,400000
Gleba Fazenda Palhano,3,167,2,5,2200000
Jardim Higienópolis,1,45,1,1,260000
Santa Rosa,3,87,1,2,949140
Gleba Fazenda Palhano,2,103,2,3,1080000
Vila Brasil,2,55,1,2,359000
Parque Leblon,4,130,4,2,350000
Centro,3,90,1,2,550000
Vitória,3,61,1,1,370000
Lago Parque,5,364,5,5,2450000
Terra Bonita,3,243,4,4,1600000
Gleba Fazenda Palhano,3,82,1,2,800000
Bandeirantes,3,74,2,2,360000
Cidade Industrial 2,2,47,1,1,195000
Gleba Fazenda Palhano,3,125,2,3,1100000
Residencial Verona,2,58,1,2,265000
Jardim Londrilar,3,204,3,5,1550000
Condomínio Vale do Arvoredo,4,220,4,4,1400000
Jardim do Norte,2,48,1,1,180000
Paraíso,2,51,1,1,190000
Residencial Santa Clara,4,240,2,4,990000
Andrade,2,65,1,1,250000
Brasília,3,68,1,2,250000
Brasília,3,58,1,1,170000
Bela Suiça,4,419,4,5,4850000
Condomínio Vale do Arvoredo,4,165,2,3,1250000
Jardim Moema,3,72,1,1,290000
Bela Vista,3,77,1,2,369000
Sabará III,3,192,2,3,380000
Shangri-lá,3,154,1,2,350000
Jardim Jóquei Club,2,50,1,1,185000
Alto da Colina,4,200,2,4,1500000
Brasília,3,120,1,4,495000
Conjunto Residencial Marajoara,2,45,1,1,120000
Gleba Fazenda Palhano,3,90,1,2,965000
Jardim do Leste,3,266,5,3,950000
Gleba Fazenda Palhano,2,133,2,3,1550000
Parque Jamaica,3,71,1,2,560000
Jardim Alvorada,3,200,2,2,780000
Brasília,2,46,1,1,276000
Jardim Londrilar,2,93,4,3,650000
Conjunto Farid Libos,2,62,1,1,264120
Aurora,3,66,1,2,370000
Esperança,3,216,3,4,2350000
Guanabara Parque Boulevard,3,104,2,2,1100000
Gleba Fazenda Palhano,2,92,2,3,1080000
Centro,3,184,2,5,965000
Champagnat,3,58,2,1,449000
Gleba Fazenda Palhano,2,85,2,2,900000
São Pedro,2,49,1,1,150000
Coliseu,3,234,3,2,800000
Gleba Simon Frazer,3,110,2,2,465000
Gleba Simon Frazer,3,144,2,4,1180000
Gleba Fazenda Palhano,3,165,2,5,1690000
Paraíso,2,48,1,1,160000
Colinas,2,65,1,1,230000
Conjunto Habitacional Jamile Dequech,2,40,1,1,88000
Igapó,3,65,1,2,453800
Terra Bonita,3,71,1,2,365000
Esperança,4,620,5,5,10900000
Residencial José B Almeida,3,150,1,2,460000
Brasília,3,87,1,2,320000
Jardim Colúmbia D,3,85,2,2,330000
Gleba Fazenda Palhano,2,70,1,2,650000
Monte Belo,3,115,4,3,720000
Centro,3,130,2,3,430000
Santa Rosa,4,370,3,5,2600000
Jardim Higienópolis,2,71,1,2,610000
Quebec,5,1200,5,5,4500000
San Fernando,2,52,1,1,220000
Brasília,4,190,2,3,393000
Vila Ipiranga,2,80,1,1,600000
Gleba Fazenda Palhano,3,186,2,5,1360000
Gleba Fazenda Palhano,3,139,2,4,1600000
Centro,3,90,2,3,600000
Operária,4,265,4,1,1490000
Vivendas do Arvoredo,4,327,4,5,5500000
Santa Rosa,3,108,2,3,1181000
Esperança,3,170,2,3,2100000
Jardim Imagawa,2,43,1,1,170000
Terras de Santana II,3,300,2,4,2700000
Gleba Fazenda Palhano,2,43,1,1,189000
Gleba Fazenda Palhano,2,45,1,1,305000
Carnascialli,2,104,1,1,230000
Santa Rosa,3,77,2,2,636000
Caiçaras,4,267,3,5,1730000
Gleba Fazenda Palhano,2,45,1,1,286000
Gleba Fazenda Palhano,2,87,1,2,880000
Conjunto Habitacional Alexandre Urbanas,3,175,2,1,479000
Judith,2,127,2,2,990000
Vila Shimabokuro,3,100,1,2,250000
Esperança,4,315,4,4,3500000
Antares,2,119,1,2,580000
Esperança,3,244,3,4,2690000
Iguaçu,4,540,4,3,2000000
Gleba Fazenda Palhano,2,74,1,2,815000
São Vicente,2,54,1,1,240000
Jardim Higienópolis,3,300,3,3,1250000
Califórnia,1,45,2,1,150000
Colinas,2,70,2,2,285000
Vivendas do Arvoredo,4,489,3,5,3990000
Recanto do Salto,4,224,2,5,2300000
Cláudia,3,55,1,1,340000
Jardim Palermo,3,164,1,3,460000
Messiânico,3,158,2,2,650000
Brasília,4,160,5,2,356500
Jardim Honda 2,3,71,1,2,235000
Vila Filipin,2,49,1,1,205000
Jardim Vale Azul,5,250,2,1,650000
Gleba Simon Frazer,3,145,4,4,975000
Vila Nova,2,55,1,2,280000
Gleba Fazenda Palhano,3,216,4,5,2500000
Centro,3,128,2,3,1190000
Vila Brasil,3,84,1,2,850000
Jardim São Vicente Palloti,2,90,2,2,389000
Gleba Fazenda Palhano,2,54,1,1,395000
Araxá,4,315,4,4,1100000
Residencial Verona,2,55,1,1,250000
Gleba Fazenda Palhano,3,181,3,4,2290000
Gleba Fazenda Palhano,2,80,2,2,765000
Gleba Fazenda Palhano,3,78,1,2,550000
Colúmbia,3,83,1,2,375000
Colúmbia,3,90,1,2,350000
Jardim Morumbi,3,57,1,1,210000
Vivendas do Arvoredo,3,81,1,2,650000
Esperança,4,329,4,5,2700000
Gleba Fazenda Palhano,2,54,1,1,385000
Santa Rosa,3,245,3,5,3390000
Alpes,3,98,1,1,350000
Sabará I,2,85,5,2,230000
Parque Residencial Michael Licha,2,160,3,3,650000
Centro,3,86,2,2,850000
Andrade,3,260,4,5,1490000
Brasília,3,155,3,3,899900
Centro,4,96,1,1,410000
Jardim Roveri,3,200,2,1,450000
Centro,3,123,2,2,529740
Esperança,4,234,2,5,2400000
Brasília,2,45,1,1,207000
Jardim Burle Marx,3,142,2,2,1090000
Colinas,3,90,1,2,535000
Gleba Fazenda Palhano,3,120,2,2,1050000
Terra Bonita,4,242,2,4,1600000
Jardim Morumbi,3,175,4,4,1380000
Jardim Montecatini,3,80,1,1,280000
Vila Larsen 1,3,79,1,1,260000
Vale dos Tucanos,2,46,1,1,210000
Centro,2,108,1,3,435000
Terra Bonita,3,140,2,2,850000
Gleba Fazenda Palhano,2,47,1,1,255000
Gleba Fazenda Palhano,4,514,4,5,2990000
Colúmbia,3,84,2,3,480000
Jardim Colúmbia D,4,167,4,3,345000
Jardim Londrilar,3,330,4,5,2690000
Brasília,3,112,1,2,410000
Pacaembu,3,178,4,2,798000
Brasília,3,178,4,2,680000
Nova Olinda,3,81,1,2,329790
Esperança,5,470,3,5,6790000
Gleba Fazenda Palhano,3,167,2,5,1850000
Terra Bonita,2,70,1,2,760000
São Pedro,4,158,1,2,560000
Gleba Fazenda Palhano,3,162,2,3,1390000
Parque Residencial Joaquim Toledo Piza,3,79,2,2,380000
Centro,4,184,2,3,830000
Brasília,2,70,3,2,260000
Gleba Ribeirão Limeiro,2,46,1,1,315000
Jardim dos Estados,2,80,1,1,330000
João Paz,2,170,2,1,170000
Guanabara,2,76,1,1,1500000
Conjunto Habitacional Alexandre Urbanas,3,144,2,2,1199000
Gleba Fazenda Palhano,3,103,2,3,1199000
Giovani Lunardelli,3,2523,5,4,950000
Califórnia,3,152,4,1,870000
Brasília,2,41,1,1,170000
Gleba Fazenda Palhano,3,81,2,2,790000
Gleba Fazenda Palhano,3,75,1,2,873400
Gávea,3,88,2,2,435000
Brasília,3,160,4,2,380000
Gleba Fazenda Palhano,3,75,1,2,650000
Colúmbia,2,90,2,1,298000
Aurora,2,55,1,2,440800
Centro,3,198,2,3,700000
Paraíso,2,51,1,1,180000
Brasília,3,124,2,2,1250000
Gleba Ribeirão Limeiro,2,47,1,1,250000
Gleba Fazenda Palhano,3,148,3,5,1680000
Bela Suiça,3,156,2,4,1700000
Centro,5,404,3,5,2150000
Jardim América,3,320,5,2,640000
Recanto do Salto,4,270,4,4,2900000
Cidade Industrial 2,3,208,2,3,1275000
Gleba Simon Frazer,3,167,2,1,900000
Gleba Fazenda Palhano,3,181,4,4,2400000
Conjunto Habitacional Alexandre Urbanas,3,152,2,2,1100000
Jardim Morumbi,3,63,1,2,350000
Jardim Planalto,3,105,2,3,375000
Terra Bonita,3,242,2,4,1590000
Esperança,3,201,4,4,2500000
Alto da Boa Vista,2,65,2,1,250000
Gleba Fazenda Palhano,3,167,2,1,2200000
Cidade Industrial 2,2,55,2,1,225000
Jardim Sabará,2,42,2,1,225000
Jardim América,2,52,1,1,290000
Igapó,3,95,2,2,250000
Champagnat,3,58,1,1,320000
Esperança,3,229,2,5,2500000
Gleba Fazenda Palhano,3,82,2,2,730000
Centro,3,120,1,3,585000
Centro,3,71,1,2,270000
Gleba Simon Frazer,3,140,2,2,1150000
Jardim São Paulo,3,64,1,1,240000
Residencial Abussafe,3,83,1,3,440000
Jardim Tókio,3,170,3,2,650000
Residencial Abussafe,1,118,2,2,550000
Aurora,3,195,4,3,950000
Bela Suiça,2,115,2,2,1190000
Gleba Simon Frazer,3,185,2,4,1290000
Jardim Lilian,2,82,1,2,420000
Gleba Fazenda Palhano,3,155,3,5,1650000
Brasília,3,82,1,2,305000
Guanabara Parque Boulevard,3,104,2,3,979280
Centro,3,131,1,3,530000
Santa Rita 2,2,54,1,1,124000
Centro,3,70,2,2,600000
Brasília,2,44,1,1,223000
Leonor,3,120,2,1,350000
Colonial,4,2598,4,5,4900000
Operária,3,260,4,4,1700000
Centro,3,87,1,2,375000
Residencial Abussafe,1,95,2,2,490000
Lima Azevedo,2,54,1,1,220000
Jardim São Jorge,5,515,5,5,7000000
São Lourenço,3,150,3,1,350000
Pacaembu,2,90,3,1,250000
Santa Rosa,3,245,3,5,2350000
Centro,3,108,1,3,450000
Centro,3,108,1,2,700000
Califórnia,3,130,2,2,380000
Jacomo Violin,3,140,3,3,380000
João Paz,3,82,1,1,330000
Santa Rosa,2,104,2,1,1350000
Gleba Simon Frazer,3,207,2,4,1590000
Gleba Fazenda Palhano,3,114,2,3,1695000
Jardim Maria Celina,2,50,1,1,210000
Brasília,2,73,4,2,330000
Gleba Fazenda Palhano,2,75,1,1,645000
Gleba Fazenda Palhano,3,187,2,2,2100000
Recanto do Salto,5,360,5,5,3500000
Centro,3,147,2,3,780000
Conjunto Habitacional Alexandre Urbanas,4,238,4,4,1790000
Ouro Verde,2,46,1,1,175000
Vila Ipiranga,2,66,1,2,410000
Bela Suiça,3,115,2,3,1200000
Conjunto Habitacional Alexandre Urbanas,1,115,1,2,450000
Gleba Fazenda Palhano,3,130,2,3,1140000
Centro,3,67,1,2,519900
Gleba Fazenda Palhano,2,82,2,3,798000
Gleba Fazenda Palhano,3,151,2,5,1890000
Colúmbia,2,67,2,1,330000
Centro,3,103,2,2,680000
Novo Antares,3,83,1,2,450000
Jardim dos Estados,3,56,1,1,350000
Jardim Novo Sabará,3,320,2,1,450000
São Vicente,2,55,1,2,250000
Gleba Fazenda Palhano,2,46,1,1,320000
Centro,3,120,1,3,380000
Paraíso,2,53,1,1,170000
Cafezal,2,130,3,2,470000
Conjunto Habitacional Doutor Farid Libos,2,47,1,1,185000
Iguaçu,5,400,4,2,2500000
Terra Bonita,3,73,1,1,450000
Gleba Fazenda Palhano,3,126,3,4,1490000
Jardim América,2,52,1,1,280000
Brasília,3,95,2,2,495000
Brasília,1,41,1,1,165000
Lindóia,2,79,1,2,375000
Tucano,4,330,5,5,1350000
Vila Filipin,4,120,4,2,470000
Esperança,3,315,5,4,3380000
Gleba Fazenda Palhano,3,77,2,2,630000
Caiçaras,4,267,2,4,1600000
Jardim Planalto,2,130,2,1,350000
Centro,1,36,1,1,250000
Brasília,5,319,3,5,550000
Jardim São Jorge,4,283,3,5,3950000
Brasília,2,49,1,1,287000
Brasília,3,99,1,2,400000
Jardim Nações Unidas,2,45,1,1,195000
Gleba Fazenda Palhano,3,112,2,3,1305000
Centro,3,92,2,2,430000
Conjunto Farid Libos,2,70,1,1,254000
Gleba Fazenda Palhano,3,81,2,2,820000
Jardim Colúmbia D,3,109,2,2,500000
Quebec,4,405,3,5,1600000
Brasília,3,82,2,2,290000
Esperança,3,266,4,3,2100000
Centro,2,70,1,1,245000
Lagoa Dourada,3,62,1,1,199900
Jardim Agari,2,56,1,2,520000
Gleba Fazenda Palhano,3,112,2,2,1280000
Centro,3,90,2,2,445000
Cidade Industrial 2,2,45,1,1,175000
Conjunto Parigot de Souza 3,2,65,1,1,280000
Gleba Simon Frazer,3,195,4,4,1700000
Cidade Industrial 2,2,46,1,1,260000
Centro,3,123,2,3,590000
Centro,5,454,3,5,1600000
Brasília,3,64,1,2,440000
Colinas,2,83,1,1,245000
Gleba Fazenda Palhano,2,62,1,2,650000
Conjunto Parigot de Souza 1,1,45,1,1,125000
Jardim Santa Cruz,2,44,1,1,125000
Gleba Simon Frazer,3,157,2,3,1100000
Santa Rosa,3,90,1,2,980000
Brasília,3,82,1,2,294000
Paraíso,2,47,1,1,220000
Centro,3,90,1,1,560000
Jardim Montecatini,3,332,2,4,1699140
Centro,3,64,1,1,460000
Gleba Fazenda Palhano,3,94,2,2,855000
Antares,3,65,1,2,235000
Jardim Santo André,2,65,1,1,220000
Jardim Jóquei Club,2,46,1,1,220000
Jardim Paris,2,70,1,1,202000
Jardim Shangri-la A,2,52,1,2,410000
Vila Siam,3,71,1,2,620000
Cidade Industrial 2,3,233,4,3,1990000
Aurora,4,333,4,5,4500000
Jardim Presidente,3,71,2,2,679000
Operária,3,79,1,2,550000
Quebec,3,445,4,5,2000000
Jardim São Jorge,4,283,3,5,432537
Brasília,3,191,4,4,1166000
Brasília,4,300,4,4,850000
Centro,3,92,2,3,590000
Centro,2,58,2,2,420000
Fraternidade,3,300,1,1,130000
Sabará III,2,45,2,1,168000
Jardim Delta,3,116,2,2,345000
Recanto do Salto,4,349,4,5,3850000
Conjunto Vivi Xavier,2,92,1,1,160000
Centro,2,60,1,1,320000
Nova Olinda,2,50,1,1,160000
Vila Larsen 1,2,56,1,2,370000
Jardim Pequena Londres,3,130,1,2,330000
Vitória,3,73,1,2,400000
Brasília,3,85,2,2,360000
Monte Carlo,3,118,2,2,690000
Campo Belo,4,182,2,3,701000
Andrade,3,71,1,3,280000
Tietê,2,45,1,1,180000
Terra Bonita,2,62,1,2,590000
Gleba Fazenda Palhano,2,62,1,2,610000
Vitória,3,69,1,2,529900
Brasília,3,59,2,1,265000
Santa Rosa,2,77,1,2,740000
Jardim Itapoá,2,110,2,3,490000
Centro,3,229,1,1,1200000
Jardim Morumbi,2,72,1,1,265000
Iguaçu,3,375,4,1,2570000
Gleba Fazenda Palhano,2,45,1,1,260000
Conjunto Habitacional Alexandre Urbanas,3,135,5,2,680000
Parque Jamaica,2,46,1,1,76334
Leonor,3,250,3,3,590000
Conjunto Habitacional Alexandre Urbanas,3,175,2,2,479000
Lima Azevedo,2,52,1,1,250000
Brasília,3,162,2,3,800000
Los Angeles,4,362,1,3,1200000
Santa Rosa,3,100,2,2,1060960
Gleba Fazenda Palhano,3,167,2,5,2300000
Leonor,2,74,1,1,220000
Parigot de Souza 2,3,98,1,2,200000
Jardim Vale Verde,3,180,4,2,450000
Santa Rosa,2,70,2,2,680000
Parque Residencial Alcântara,4,520,5,5,2200000
Jardim Higienópolis,3,245,3,3,1390000
Gleba Fazenda Palhano,3,178,4,4,2990000
Brasília,2,47,1,1,287000
Recanto do Salto,3,220,4,2,2650000
Santos Dumont,3,270,2,1,380000
Jardim Prefeito Milton Menezes,3,154,5,3,725000
Aurora,3,69,1,2,500000
Nossa Senhora de Lourdes,2,81,1,2,270000
Centro,3,111,2,3,649900
Gleba Fazenda Palhano,2,75,2,2,795000
Esperança,3,313,4,5,3500000
Centro,2,51,1,1,430000
Jardim Maria Luiza,2,42,1,1,155000
Operária,4,250,4,5,1800000
Gleba Fazenda Palhano,2,62,1,2,660000
Vila Fujita,4,127,2,3,950000
Centro,3,103,1,1,290000
Jardim dos Estados,1,80,1,2,330000
Recanto Nobre,5,846,4,5,11900000
Bela Suiça,4,103,2,2,720000
Centro,2,160,2,2,730000
Gleba Fazenda Palhano,2,62,1,1,670000
Vivendas do Arvoredo,5,527,5,5,9000000
Nossa Senhora de Lourdes,3,70,1,1,260000
Jardim Morumbi,2,79,2,1,350000
Jardim ltaparica,4,170,2,1,373000
Parque Jamaica,3,52,1,1,185000
Mediterrâneo,5,467,5,5,2950000
Jardim Belo Horizonte,3,87,1,2,400000
Cafezal,3,100,2,3,450000
Residencial Quadra Norte,3,114,1,1,650000
Jardim do Lago,3,217,2,5,1900000
Esperança,3,260,4,5,2400000
Gleba Fazenda Palhano,3,69,1,2,490000
Gleba Fazenda Palhano,3,74,2,2,699000
Jardim São Paulo II,3,79,1,2,300000
Jardim Planalto,3,112,3,2,530000
San Fernando,2,45,1,1,120000
Vila Siam,2,70,1,2,480000
Aurora,2,64,1,2,449000
Jardim Morumbi,2,46,1,1,290000
Portal de Versalhes 1,2,55,1,1,230000
Jardim Vale Azul,5,300,3,4,650000
Shangri-lá,3,200,2,2,300000
Centro,3,147,2,3,680000
Gleba Ribeirão Limeiro,2,43,1,1,280000
Portal de Versalhes 1,3,132,2,3,780000
Igapó,4,740,5,5,3500000
Gleba Fazenda Palhano,2,81,2,2,878000
Hedy,4,411,2,5,868500
Colinas,2,44,1,1,207000
Industrial,2,52,1,1,180000
Granville Parque Residencial,3,320,5,5,1750000
Jardim Portal dos Pioneiros,3,95,2,2,479330
Esperança,3,174,2,3,1190000
Jardim das Américas,3,90,2,2,480000
Jardim Monte Sinai,3,137,4,3,580000
Residencial Veneza,3,85,2,2,280000
Jardim Alvorada,4,545,5,1,2200000
Terra Bonita,2,70,1,2,639000
Leonor,2,140,2,3,320000
Centro,3,84,1,2,330000
Taliana,2,47,1,1,160000
Jardim Agari,3,94,1,2,515000
Universitário,3,104,2,2,670000
Brasília,3,81,2,2,340000
São Vicente,2,55,1,2,245000
Brasília,2,70,1,1,330000
Brasília,3,68,1,2,535300
Brasília,3,82,1,2,317000
Jardim São Jorge,5,658,4,5,5990000
Centro,3,292,2,3,1050000
Centro,3,139,2,2,535000
Vila Glória,3,115,4,1,213000
Caiçaras,4,549,5,4,4699000
Vitória,3,150,2,1,798000
Residencial Verona,2,51,1,2,215000
Jardim dos Estados,2,75,1,2,295000
Conjunto Habitacional Alexandre Urbanas,3,268,2,2,1100000
Gleba Fazenda Palhano,3,127,2,3,1420000
Gleba Fazenda Palhano,3,181,4,5,2450000
Jardim Colúmbia D,2,49,1,1,220000
Brasília,3,96,2,2,320000
Bela Suiça,3,73,1,2,550000
Santa Rosa,3,245,3,5,3390000
Cafezal,3,171,3,3,749000
Nossa Senhora de Lourdes,3,76,1,1,230000
Conjunto Habitacional José Garcia Molina,3,77,3,2,308550
Gleba Simon Frazer,3,140,2,1,1150000
Gleba Fazenda Palhano,3,181,4,5,1950000
São Pedro,2,53,1,1,169000
Alto da Boa Vista,3,76,1,1,330000
Gleba Fazenda Palhano,3,77,1,2,540000
Gleba Fazenda Palhano,3,199,3,5,1900000
Brasília,3,105,2,1,480000
Vivendas do Arvoredo,4,450,4,5,4790000
Vivendas do Arvoredo,3,178,4,5,2995000
Vivendas do Arvoredo,3,178,2,5,2990000
Terras de Santana II,4,280,2,4,1850000
Conjunto Habitacional Violim,2,115,2,1,230000
Parque das Indústrias,2,72,2,1,250000
Coliseu,3,80,1,2,430000
Bela Suiça,4,352,4,5,4090000
Centro,3,94,1,3,550000
Gleba Fazenda Palhano,2,75,2,2,620000
Terra Bonita,2,62,2,2,711000
Gleba Fazenda Palhano,3,148,2,3,1800000
Centro,3,147,2,3,680000
Aurora,3,67,1,2,450000
Brasília,3,192,4,3,590000
Gleba Fazenda Palhano,3,235,3,5,2950000
Brasília,2,100,1,3,466000
Esperança,3,220,4,4,2200000
Jardim Tókio,1,50,3,2,295000
Colinas,2,83,1,1,240000
Jardim Morumbi,3,177,4,4,1650000
Jardim Londrilar,3,139,2,2,795000
Jardim Santos Paulo,3,194,1,2,700000
Parque Jamaica,3,66,1,2,300000
Parque das Indústrias,2,87,1,1,350000
Vitória Régia,2,45,1,1,190000
Centro,1,37,1,1,151900
Nikko,3,198,3,5,2520000
Gleba Fazenda Palhano,3,81,1,2,760000
Jardim Indianápolis,3,80,1,1,250000
Gleba Fazenda Palhano,3,235,3,5,2950000
Vale dos Tucanos,3,75,1,2,469000
Conjunto Habitacional José Garcia Molina,3,76,2,2,319040
Alpes,4,270,4,3,485000
Jardim Tarumã,3,135,2,3,575000
Esperança,4,295,5,5,2990000
Conjunto Habitacional Alexandre Urbanas,3,156,4,2,1350000
Caiçaras,4,131,2,2,1285000
Vivendas do Arvoredo,4,275,4,5,4130000
Santa Rosa,5,207,5,4,1499590
Gleba Fazenda Palhano,3,95,2,1,950000
Gleba Fazenda Palhano,3,235,3,4,2950000
Colinas,2,83,1,1,245000
Aurora,2,51,1,1,420000
Vila Shimabokuro,1,41,1,1,160000
Jardim Morumbi,2,56,1,1,190000
Conjunto Habitacional Maria Cecília Serrano de Oliveira,3,104,1,1,168000
Cidade Industrial 2,2,41,1,1,245000
Jardim Alvorada,3,180,2,3,790000
Petrópolis,4,172,4,3,750000
Jardim São Jorge,5,650,5,5,6000000
Residencial Café Cereja,3,88,3,2,310000
Terra Bonita,3,124,2,3,820000
Jardim Higienópolis,1,55,1,1,390000
Jardim Morumbi,3,64,1,2,360000
Ricardo,2,50,1,1,125000
Brasília,2,46,1,1,275000
Brasília,2,46,1,1,212000
Champagnat,5,400,3,5,1420000
Gleba Fazenda Palhano,3,113,2,1,1170000
Centro,2,117,1,2,399000
Gleba Fazenda Palhano,2,62,1,2,590000
Jardim Morumbi,3,112,2,1,400000
Jardim do Leste,3,130,2,3,550000
Centro,3,90,1,2,500000
Esperança,4,234,4,5,2400000
Nova Olinda,2,46,1,1,160000
Gleba Fazenda Palhano,3,173,2,5,1580000
Gleba Fazenda Palhano,3,124,2,3,1368000
Jardim Montecatini,3,146,4,2,1150000
Nossa Senhora de Lourdes,3,55,1,2,250000
Jardim Morumbi,3,150,4,4,998230
Centro,2,47,1,1,320000
Bela Suiça,3,232,3,4,2800000
Brasília,3,155,3,2,620000
Nossa Senhora de Lourdes,3,85,1,2,470000
Brasília,3,123,2,3,750000
Centro,3,86,1,2,830000
Vila Casoni,2,89,4,1,380000
Brasília,3,215,2,3,690000
Gleba Fazenda Palhano,3,122,2,3,1298000
Esperança,4,365,4,5,3400000
Parque Jamaica,2,60,1,1,580000
Colúmbia,2,150,2,2,450000
Cidade Industrial 2,2,46,1,1,239000
Paraíso,2,60,1,1,249460
Gleba Fazenda Palhano,3,236,3,5,3250000
Jardim Império do Sol,2,70,2,3,380000
Gleba Fazenda Palhano,3,137,2,5,1490000
Colinas,2,54,1,1,235000
Gleba Fazenda Palhano,2,79,2,2,580000
Alto da Colina,1,37,1,1,130000
Antares,3,76,1,1,235000
Gleba Simon Frazer,4,158,5,3,800000
Esperança,4,383,4,5,2990000
Gleba Fazenda Palhano,3,163,2,4,1380000
Brasília,2,44,1,1,175000
Jardim Tókio,3,70,1,1,220000
Jardim Morumbi,3,64,1,2,440000
Centro,4,105,2,4,580000
San Remo,3,144,4,2,1000000
Santa Rosa,4,390,4,5,2990000
Gleba Fazenda Palhano,3,151,2,4,1780000
Iguaçu,4,253,4,2,1500000
Vitória,3,69,1,2,640000
Aurora,3,75,1,2,530000
Jardim Continental,3,168,2,2,440000
Portal de Versalhes 1,1,208,3,3,985800
Esperança,4,360,4,5,4800000
Brasília,3,88,2,2,420000
Gleba Fazenda Palhano,3,97,2,3,680000
Alpes,3,220,4,2,610000
Califórnia,3,120,2,3,529000
Conjunto Residencial Marajoara,2,45,1,1,150000
Brasília,3,100,2,2,1050000
Brasília,2,71,1,2,625000
Parque Jamaica,2,62,2,2,480000
Colúmbia,3,113,2,4,500000
Jardim Colúmbia D,2,98,1,1,190000
Gleba Fazenda Palhano,1,58,1,2,700000
Centro,1,42,1,1,225000
Roseira,2,47,1,1,135000
Colúmbia,3,97,2,2,380000
Conjunto Habitacional Alexandre Urbanas,3,197,2,4,1800000
Gleba Fazenda Palhano,3,80,2,1,625000
Centro,3,72,1,2,335000
Mediterrâneo,5,464,4,5,2850000
Shangri-lá,3,106,4,3,460000
Nova Olinda,2,50,1,1,160000
Gleba Fazenda Palhano,2,122,2,3,1500000
Aurora,3,64,1,2,440000
Santa Rosa,2,69,2,2,589000
Gleba Simon Frazer,3,199,2,3,1400000
Centro,3,85,1,3,350000
Gleba Simon Frazer,3,149,4,5,1330000
Bancários,3,275,3,2,1250000
Santa Rita 2,3,170,1,2,370000
Gleba Fazenda Palhano,2,92,1,2,989000
Colúmbia,3,125,2,2,550000
Jardim Maria Luiza,2,45,1,1,190000
Bela Suiça,4,427,4,5,2438000
Leonor,3,78,1,1,265000
Conjunto Cafezal 1,4,150,2,2,385000
Parque Jamaica,2,61,1,2,450000
Rodocentro,3,50,1,1,160000
Residencial José B Almeida,2,80,1,2,299000
Nova Olinda,2,51,1,1,110000
Jardim Pérola,3,220,4,3,650000
Vila Shimabokuro,2,59,1,1,255000
Andes,1,130,2,2,390000
Centro,4,330,2,3,1350000
Conjunto Semiramis Barros Braga,2,47,1,1,200000
Ideal,5,240,3,3,450000
Santa Rosa,2,87,1,1,880000
Recanto do Salto,3,220,4,3,3100000
Colúmbia,3,84,1,2,375000
Jardim Império do Sol,2,124,2,2,500000
Centro,3,90,1,3,445000
Andrade,2,72,1,2,500000
Recanto do Salto,3,464,4,5,3600000
Campo Belo,3,98,1,3,420000
Gleba Fazenda Palhano,3,87,2,2,890000
Alto da Boa Vista,3,70,1,2,265000
Gleba Ribeirão Limeiro,2,45,1,1,270000
Gleba Fazenda Palhano,2,89,1,3,829000
Jardim Morumbi,2,47,1,1,220000
Brasília,3,86,1,3,350000
Dom Bosco,2,266,4,3,2450000
Parque Residencial Joaquim Toledo Piza,3,226,1,1,680000
Gleba Fazenda Palhano,3,165,2,4,1950000
Portal de Versalhes 1,1,50,1,1,180000
Jardim Portal de Itamaracá,3,84,2,2,350000
Vila Ipiranga,3,71,1,2,535000
Armindo Guazzi,3,130,4,3,580000
Vila Rica,3,170,3,2,349420
Bandeirantes,3,80,2,2,360000
Residencial José B Almeida,4,140,4,3,689000
Aurora,2,52,1,1,450000
Leonor,2,46,1,1,190000
Centro,3,128,2,3,1380000
Santa Rosa,3,323,4,4,4299000
Esperança,3,311,2,4,3500000
Jardim Morumbi,3,60,2,1,230000
Residencial Café Cereja,3,88,2,2,310000
Centro,3,86,1,2,850000
Centro,3,67,1,1,250000
Alto da Colina,1,17,1,1,140000
Brasília,4,250,4,5,1530000
Conjunto Habitacional Alexandre Urbanas,3,230,4,1,1380000
Gleba Fazenda Palhano,3,216,4,4,2500000
Gleba Fazenda Palhano,3,181,5,5,2100000
Petrópolis,3,100,1,1,500000
Residencial Vila Romana,3,160,3,3,460000
Gleba Fazenda Palhano,3,78,2,2,700000
Leonor,3,130,4,3,400000
Itamarati,3,204,2,3,780000
Gleba Fazenda Palhano,2,85,1,2,880000
Centro,3,111,2,3,449000
Brasília,3,115,2,2,473000
Bandeirantes,3,127,4,1,399000
Jardim São Paulo II,3,60,1,1,245000
Jardim Morumbi,2,56,1,1,220000
Gleba Fazenda Palhano,3,95,2,2,590000
Taliana,2,47,1,1,165000
Parque Residencial Joaquim Toledo Piza,3,130,2,2,695000
Heimtal,3,112,2,2,585000
Jardim Primavera,2,88,2,1,235000
Jardim Novo Sabará,3,87,2,1,380000
Jardim São Paulo,3,118,2,2,425020
Santa Rosa,2,69,1,2,560000
Loteamento Chamonix,3,80,2,2,435000
Jardim Montecatini,3,187,4,3,1450000
Lindóia,2,354,3,1,550000
Gleba Fazenda Palhano,3,142,2,4,2140000
Parque Residencial Alcântara,3,230,4,3,2200000
Gleba Fazenda Palhano,3,75,1,2,580000
Aurora,2,80,2,2,250000
Jardim Morumbi,3,63,1,2,290000
Caiçaras,4,267,3,4,1700000
Jardim Palermo,3,128,1,2,480000
Esperança,3,276,4,5,4400000
Judith,3,126,2,2,990000
Heimtal,3,106,2,2,480000
Terra Bonita,3,142,3,3,760000
Ideal,3,77,1,2,246000
Centro,4,470,2,4,1700000
Olímpico,2,45,1,1,215000
Santa Rosa,2,104,2,3,1370000
Gleba Fazenda Palhano,3,75,1,2,675000
Conjunto Habitacional Doutor Farid Libos,2,48,1,1,190000
Esperança,4,313,4,5,3500000
Califórnia,3,97,3,3,389000
Bandeirantes,2,100,1,2,240000
Jardim Morumbi,3,285,2,5,2040000
Centro,3,98,1,3,480000
Guanabara,4,384,4,5,6950000
Olímpico,2,93,4,2,190000
Gleba Fazenda Palhano,3,165,2,4,1450000
Indústrias Leves,3,183,4,3,1060000
Conjunto Cafezal 1,2,70,1,1,380000
Jardim Burle Marx,4,171,2,5,850000
Jardim América,2,52,1,2,280000
Gleba Simon Frazer,3,200,4,4,1700000
Gleba Fazenda Palhano,4,370,3,5,2500000
Jardim Morumbi,3,143,4,4,1250800
Chácaras Mussahiro,3,113,1,2,720000
Jardim Colúmbia D,2,55,1,1,230000
Jardim Alvorada,4,220,2,3,450000
Gleba Fazenda Palhano,2,54,1,1,450000
Centro,2,60,1,1,490000
Condomínio Vale do Arvoredo,3,370,4,3,2000000
Jardim Morumbi,4,230,4,5,1750000
Conjunto Habitacional Alexandre Urbanas,3,81,2,2,399000
Jardim Morumbi,3,213,2,4,1600000
Vale dos Tucanos,2,49,1,1,230000
Terra Bonita,3,237,2,3,1990000
Residencial Abussafe,3,98,3,2,449450
Centro,3,114,2,1,460000
Gleba Fazenda Palhano,3,79,2,2,595000
Conjunto Habitacional Doutor Farid Libos,2,44,1,1,175000
Parque Residencial Joaquim Toledo Piza,5,240,3,5,650000
Terra Bonita,2,71,1,2,650000
Residencial Veneza,3,200,3,2,420000
Nova Olinda,2,50,1,1,120000
Jardim Morumbi,3,200,4,4,1700000
Centro,4,467,2,5,1700000
Conjunto Habitacional Alexandre Urbanas,3,210,3,3,1380000
Residencial Abussafe,3,99,2,2,520000
Gleba Fazenda Palhano,2,85,2,2,947000
Esperança,3,280,4,3,2550000
Ouro Verde,2,45,1,1,190000
Santa Rosa,4,207,3,5,2400000
Jardim Aliança,3,76,1,1,220000
Jardim Agari,3,117,1,1,350000
Jardim Shangri-la A,3,400,5,3,1350000
Gleba Fazenda Palhano,3,165,2,4,1890000
Olímpico,3,128,2,3,950000
Alto da Boa Vista,3,150,1,1,450000
Catuaí Parque Residence,2,62,1,2,645000
Bela Suiça,5,1000,4,5,17000000
Brasília,3,137,2,2,335000
Jardim Padovani,2,67,2,2,250000
Conjunto Habitacional José Garcia Molina,3,115,4,2,650000
Gleba Ribeirão Limeiro,2,43,1,1,250000
Centro,3,128,3,3,1400000
Centro,3,63,1,2,300000
Bela Suiça,3,232,3,5,2590000
Santa Rosa,3,245,4,4,2700000
Jardim Morumbi,3,64,1,2,290000
Vivendas do Arvoredo,3,178,2,4,2990000
Gleba Fazenda Palhano,2,64,1,2,640000
Centro,3,203,2,4,850000
Campo Belo,3,61,1,1,400000
Brasília,2,46,1,1,155000
Cafezal,3,150,1,2,450000
Cafezal,3,100,2,3,450000
Tucano,4,804,5,5,5000000
Centro,4,453,3,5,2100000
Santa Rosa,3,85,2,2,848000
Esperança,3,125,2,2,998000
Leonor,2,130,5,2,460000
Esperança,5,300,4,5,3200000
Centro,5,295,2,5,890000
Santa Rosa,3,245,3,5,2900000
Vila Ipiranga,3,94,2,2,330000
Tucano,4,900,5,5,4200000
Jardim das Américas,2,44,1,1,159900
Centro,3,102,1,3,550000
Bela Suiça,4,333,4,5,4000000
Esperança,3,300,4,5,4200000
Santa Rosa,3,323,4,3,4200000
Bela Suiça,3,232,3,4,2650000
Parque Residencial Joaquim Toledo Piza,3,130,2,2,696000
Gleba Fazenda Palhano,3,236,3,5,3250000
Gleba Fazenda Palhano,3,136,2,4,1590000
Cidade Industrial 2,2,47,1,1,180000
São Vicente,2,49,1,1,255000
Santa Rosa,2,87,1,2,810000
Leonor,2,75,2,2,365000
Jardim Tarumã,3,148,2,3,795000
Gleba Fazenda Palhano,3,185,2,5,1890000
Parque Jamaica,3,69,1,2,380000
Jardim dos Estados,2,80,1,2,330000
Ideal,2,45,1,1,167000
Esperança,4,329,2,1,2700000
Parque Jamaica,3,83,1,1,350000
Gleba Fazenda Palhano,3,173,2,5,1630000
Centro,3,74,1,1,580000
Gleba Fazenda Palhano,3,74,1,2,595000
Boa Vista,2,250,3,2,1200000
Aeroporto,4,280,4,4,1650000
Santa Mônica,5,265,5,3,842000
Gleba Fazenda Palhano,2,65,2,2,670000
Tietê,2,49,1,1,165000
Jardim Santo Antônio,3,98,1,2,460000
Centro,3,74,1,3,350000
Jardim Paraná,3,59,1,1,280000
Brasília,2,47,1,1,223000
Aurora,3,69,1,2,450000
Jardim Santa Cruz,3,165,2,3,625000
Bela Suiça,4,333,4,5,3900000
Gleba Fazenda Palhano,3,96,2,2,650000
Gleba Fazenda Palhano,2,89,2,2,1050000
Portal de Versalhes 1,1,50,1,1,170000
Judith,3,195,2,1,700000
Centro,4,405,2,5,1800000
Paulista,3,155,2,2,600000
Granville Parque Residencial,4,260,4,5,1499440
Brasília,2,500,5,2,1272000
Guanabara Parque Boulevard,3,104,2,2,1150000
Jardim do Sol,3,74,2,2,715000
Bela Suiça,3,112,2,3,780000
Operária,3,250,4,5,2100000
Centro,3,87,2,2,350000
Centro,3,90,1,1,480000
Igapó,3,74,1,2,220000
Gleba Fazenda Palhano,3,93,2,2,850000
Panorama,4,223,4,4,1690000
Centro,5,563,2,5,2500000
Brasília,3,300,3,3,1450000
Gleba Fazenda Palhano,3,139,2,4,1550000
Gleba Fazenda Palhano,1,45,1,1,535000
Brasília,3,70,1,1,270000
Brasília,3,180,4,4,1650000
Vila Filipin,2,49,1,2,175000
Lagoa Dourada,3,140,1,2,620000
Jardim América,2,55,1,1,330000
Conjunto Habitacional Doutor Farid Libos,2,44,1,1,220000
Jardim do Lago,1,212,2,4,1750000
Heimtal,3,140,2,3,790000
Cláudia,4,141,2,3,580000
Jardim Morumbi,3,147,4,3,1280000
Colúmbia,2,114,2,2,450000
Centro,4,247,2,4,670000
Jardim Alvorada,3,300,5,5,955000
Bandeirantes,2,160,2,2,600000
Parque Residencial Joaquim Toledo Piza,3,130,2,1,695000
Centro,3,127,2,4,639000
Jardim Monções,2,68,1,2,590000
Brasília,3,75,1,2,380000
Jardim Morumbi,2,80,5,1,250000
Conjunto Habitacional Alexandre Urbanas,3,150,4,4,999000
Jardim Agari,3,77,1,1,318000
Jardim América,4,320,5,2,640000
Dom Ático,3,120,3,2,695000
Gleba Fazenda Palhano,2,65,1,2,539000
Recreio,3,130,2,1,280000
Gleba Fazenda Palhano,2,47,1,1,255000
Vila Larsen 1,3,265,1,2,310000
Jardim América,3,67,1,2,385000
Colúmbia,3,84,2,2,480000
Tucano,5,1250,5,5,7000000
Gleba Fazenda Palhano,2,75,2,2,760000
Vila Filipin,2,49,1,2,220000
Esperança,4,327,4,4,5500000
Ideal,2,54,1,1,190000
Vila Filipin,3,68,2,2,420000
Jardim Pioneiros,3,127,2,2,760000
Pacaembu,3,120,4,2,499000
Bela Suiça,3,102,2,2,698000
Brasília,2,89,2,2,850000
Jardim Monte Sinai,3,255,4,2,500000
Califórnia,3,191,4,2,680000
Terra Bonita,2,70,1,2,730000
Bandeirantes,3,80,2,2,422000
Jardim Prefeito Milton Menezes,3,85,2,2,425000
Luiz de Sá,3,242,5,1,285000
Centro,2,48,1,1,335000
Brasília,2,71,1,2,625000
São Vicente,3,66,1,2,450000
Parque Residencial Alcântara,3,320,3,4,2180000
Brasília,3,145,4,4,1290000
Amaro,3,67,1,1,250000
Colúmbia,3,100,2,2,380000
Colinas,3,88,1,2,350000
Catuai,2,250,3,2,180000
Gleba Fazenda Palhano,3,130,2,5,1500000
Gleba Fazenda Palhano,3,139,2,4,1600000
São Pedro,2,45,1,1,180000
Waldemar Hauer,2,100,2,1,250000
Residencial Abussafe,3,120,1,2,449000
Vila Ipiranga,1,40,1,1,235000
Brasília,3,63,1,1,280000
Gleba Fazenda Palhano,3,181,2,5,2790000
Canaã,3,395,5,5,1380000
Gleba Fazenda Palhano,3,94,2,2,995000
Bela Suiça,2,69,1,2,595000
Gleba Fazenda Palhano,2,85,2,2,870000
Aurora,3,69,1,2,450000
Guanabara,4,388,4,5,5599990
Centro,3,172,1,3,450000
Vivendas do Arvoredo,3,182,4,5,2870000
Jardim do Leste,3,180,4,3,500000
Gleba Fazenda Palhano,4,720,4,5,13500000
Paraíso,2,50,1,1,180000
Centro,1,29,1,1,235000
Vivendas do Arvoredo,3,216,2,5,4200000
Gleba Fazenda Palhano,4,262,4,5,2900000
Gleba Fazenda Palhano,3,115,2,2,950000
Ideal,2,69,2,2,320000
Guanabara,5,325,4,4,3250000
Gleba Fazenda Palhano,2,89,2,2,850000
Vale dos Tucanos,3,70,1,1,330000
Colina Verde,3,420,5,4,3100000
Bela Vista,3,77,1,3,369000
Jardim São Paulo II,3,64,1,1,250000
Brasília,3,110,2,2,500000
Conjunto Habitacional Alexandre Urbanas,3,230,4,1,1250000
Centro,2,43,1,1,272500
Colina Verde,4,302,3,4,1650000
Jardim Maria Celina,3,142,5,1,350000
Santa Rosa,3,205,3,4,2500000
Petrópolis,3,78,1,2,735000
Gleba Fazenda Palhano,3,162,2,4,1350000
Parque Leblon,3,145,2,1,450000
Jardim América,2,56,1,2,279000
Colinas,3,84,2,1,350000
Jardim Morumbi,2,53,1,1,370000
Gleba Fazenda Palhano,3,165,2,5,1500000
Jardim Morumbi,3,196,2,4,1400000
Gleba Fazenda Palhano,3,87,2,2,780000
Colúmbia,2,75,1,2,240000
Jacomo Violin,2,100,2,1,235000
Ideal,3,141,2,2,532000
Centro,3,130,1,2,435000
Heimtal,1,52,1,1,230000
Gleba Fazenda Palhano,3,173,2,4,1850000
Gleba Fazenda Palhano,2,81,2,2,890000
Brasília,2,47,1,1,185000
Vale dos Tucanos,2,46,1,1,181000
Centro,2,80,1,2,360000
Vila Goes,5,290,4,5,750000
Centro,3,167,2,5,900000
Santa Rosa,2,100,2,3,1190000
Gleba Fazenda Palhano,3,122,2,4,1400000
Residencial Veneza,3,250,1,2,337776
Jardim Guararapes,2,107,2,2,420100
Conjunto Professora Hilda Mandarino,2,70,2,1,234000
Jardim Planalto,2,130,2,1,250000
Vale dos Tucanos,2,44,1,1,225000
Jardim Shangri-la A,2,67,1,2,650000
Vivendas do Arvoredo,3,415,5,5,3990000
Santa Rita 1,3,81,2,2,380000
San Fernando,3,45,1,1,165000
Vila Siam,3,71,1,2,560000
Parque Jamaica,2,60,1,2,450000
Jardim das Américas,3,90,1,2,520000
Alto da Boa Vista,2,63,1,1,225000
Jardim Império do Sol,2,100,1,1,415000
Centro,1,58,1,2,280000
Jardim Alvorada,4,193,4,4,850000
Esperança,4,590,5,5,7800000
Heimtal,2,148,2,3,605000
Jardim Imagawa,4,150,3,2,385000
Mediterrâneo,5,400,4,4,1650000
Centro,3,92,2,2,435000
Jardim Presidente,4,632,4,5,2000000
Gleba Fazenda Palhano,2,45,1,1,250000
Terra Bonita,3,92,2,3,975000
Brasília,2,86,1,2,357000
Leonor,3,98,1,1,390000
Portal de Versalhes 1,3,132,2,3,780000
Bom Retiro,3,100,2,1,220000
Santa Rosa,3,69,1,1,680900
Gleba Fazenda Palhano,2,46,1,1,325000
Brasília,3,83,2,2,374000
Gávea,3,121,4,3,585000
Mediterrâneo,1,400,4,5,2000000
Aquilles Sthengel,2,82,1,1,300000
Aurora,3,69,1,1,360000
Gleba Simon Frazer,4,212,4,5,1512000
Bela Suiça,4,333,4,5,4500000
Leonor,1,70,3,1,280000
Jardim Pioneiros,3,57,1,1,230000
Gleba Fazenda Palhano,3,214,3,4,2880000
Ouro Verde,3,115,2,2,410000
Gleba Fazenda Palhano,2,47,1,1,265000
Santa Rosa,1,69,1,2,600000
Centro,2,507,1,1,650000
Centro,3,102,1,2,290000
Jardim Santa Alice,3,130,3,3,850000
Brasília,3,65,1,1,316000
Operária,3,128,2,3,712000
Jardim Imagawa,2,50,1,1,140000
Jardim Morumbi,2,50,1,1,300000
Catuai,3,70,2,1,260000
Gleba Fazenda Palhano,3,110,2,2,1100000
Alto da Colina,2,53,1,1,195000
Centro,1,115,1,2,380000
Vila Ipiranga,2,55,1,1,330000
Jardim Maria Luiza,3,100,3,2,380000
Jardim Athenas,3,132,4,2,399000
Nikko,3,198,2,3,2250000
Antares,5,130,4,2,440000
Jardim São Paulo II,2,50,1,1,210000
Jardim Portal de Itamaracá,3,84,2,2,350000
Residencial Quadra Norte,3,86,2,2,350000
Centro,3,227,2,2,800000
Colinas,3,87,1,1,350000
Parque Industrial José Belinati,2,69,2,1,210000
Jardim Nações Unidas,2,47,1,1,170000
São Vicente,3,66,1,2,450000
Aurora,3,75,1,2,710000
Jardim Alah,2,55,2,1,330000
Centro,3,89,2,3,550000
Brasília,2,43,1,1,149000
Paraíso,2,46,1,1,150000
Brasília,3,81,2,2,690000
Heimtal,3,100,2,2,390000
Centro,3,147,2,2,780000
Centro,4,404,3,5,2150000
Vila Filipin,2,48,1,1,195000
Vila Casoni,3,128,3,2,400000
Vila Casoni,4,158,3,2,380000
Brasília,3,124,2,2,1250000
Residencial Professora Madalena Cardoso,2,65,1,1,131000
São Vicente,3,65,1,2,473800
Gleba Fazenda Palhano,3,72,1,2,450000
Centro,3,70,2,2,640000
Ernani Moura Lima,2,47,1,1,63000
Parigot de Souza 2,3,100,2,2,250000
Aeroporto,4,180,3,5,790000
Brasília,3,110,3,1,260000
Terra Bonita,3,63,1,2,450000
Bela Suiça,3,232,3,5,2700000
Judith,3,95,1,2,850000
Cafezal,3,68,1,1,295000
Esperança,3,187,2,5,2100000
Paraíso,2,56,1,1,145000
Centro,2,51,1,1,370000
Vila Larsen 1,3,76,1,1,245000
Jardim Padovani,2,77,1,2,270000
Colúmbia,3,84,1,3,480000
Terras de Santana II,4,370,4,4,1890000
Aragarça,3,154,3,4,750000
Vivendas do Arvoredo,4,490,4,5,5100000
Cafezal,2,51,1,2,279000
Aurora,3,69,1,2,500000
Jacutinga,2,60,1,1,280000
Gleba Fazenda Palhano,3,79,2,2,630000
Vale dos Tucanos,4,299,5,5,2500000
Parque Jamaica,2,72,2,1,570000
Recanto do Salto,4,313,4,5,3500000
Gleba Ribeirão Limeiro,2,41,1,1,189000
Colonial,4,469,4,5,4250000
Jardim Presidente,3,73,1,2,639000
Jardim Morumbi,3,206,4,3,1700000
Jardim Imagawa,2,130,3,1,220000
Jardim São Jorge,4,256,4,5,3600000
Ouro Verde,3,115,2,2,410000
Parque Jamaica,3,72,1,2,530523
Gleba Fazenda Palhano,2,62,1,2,660000
Brasília,2,150,4,2,470000
Gleba Fazenda Palhano,3,245,3,4,2250000
Conjunto Café,5,177,2,4,400000
Bela Suiça,5,826,5,5,20000000
Residencial Veneza,2,50,1,1,250000
Jardim Agari,2,45,1,1,165000
Aragarça,4,190,2,3,1300000
Olímpico,2,41,1,1,90161
Gleba Fazenda Palhano,3,134,2,3,1750000
Portal de Versalhes 2,3,150,2,3,690000
Vila Matarazzo,3,97,2,2,518000
Cidade Industrial 2,2,44,1,1,199000
Jardim Guararapes,3,91,2,2,368000
Santa Rosa,3,207,3,5,2350000
Rodocentro,4,290,4,5,4500000
Judith,3,110,2,2,690000
Vila Shimabokuro,1,41,1,1,160000
Centro,3,107,1,2,430000
Brasília,3,120,1,2,393000
Jardim Tókio,3,113,2,2,530000
Vale dos Tucanos,2,48,1,1,270000
Jardim do Sol,2,62,4,1,185000
Monte Belo,3,186,4,2,1100000
Gleba Fazenda Palhano,3,189,3,5,1360000
Jardim Vale do Cedro,3,160,3,1,585000
Cafezal,3,120,2,1,300000
Conjunto Semiramis Barros Braga,3,130,2,1,230000
Brasília,3,140,2,2,530000
Brasília,2,76,1,2,280000
Brasília,3,81,1,2,435000
João Paz,3,85,2,2,220000
Conjunto Habitacional José Garcia Molina,2,47,1,1,150000
Brasília,2,49,1,1,144000
Petrópolis,3,78,1,2,735000
Cidade Industrial 2,2,44,1,1,175000
Santa Rosa,3,70,2,2,650000
Jardim Morumbi,2,55,1,1,290000
Centro,4,195,3,4,1490000
Gleba Fazenda Palhano,2,46,1,1,310000
Gleba Fazenda Palhano,2,45,1,1,318000
Ouro Verde,2,45,1,1,160000
Cláudia,3,70,1,2,345000
Gleba Fazenda Palhano,2,46,1,1,350000
Brasília,3,70,1,1,270000
Esperança,3,234,2,4,2500000
Centro,1,42,1,1,175000
Jardim Portal dos Pioneiros,3,129,1,1,440000
Jardim Roma,2,85,1,2,350000
Gleba Fazenda Palhano,3,68,1,2,450000
Vila Ipiranga,3,98,2,2,395000
Brasília,3,180,2,2,420000
Vila Larsen 1,3,213,2,4,550000
Residencial José Lázaro Gouvea,3,318,5,5,3500000
Centro,4,242,2,4,1200000
Jardim das Américas,2,60,1,1,147000
Brasília,2,48,1,1,220000
Gleba Fazenda Palhano,3,110,3,2,1150000
Dom Bosco,3,86,1,2,305000
Nova Olinda,2,50,1,1,140000
Jardim Portal de Itamaracá,3,117,2,3,610000
Jardim Continental,4,97,3,2,350000
Nossa Senhora de Lourdes,2,53,1,2,200000
Centro,3,148,2,2,800000
Brasília,1,80,2,2,298000
Alpes,3,114,2,2,370000
Gleba Fazenda Palhano,3,67,1,2,490000
Jardim Shangri-la A,3,600,4,3,1100000
Residencial Café Cereja,1,48,4,1,220000
Brasília,2,58,1,1,265000
Recanto do Salto,2,272,5,3,2850000
Centro,3,116,2,3,550000
Pacaembu,3,138,4,1,300000
Jardim Europa,3,76,1,2,280000
Jardim Colúmbia D,3,120,2,3,450000
Santa Rosa,2,104,2,1,1200000
Jerumenha,3,112,4,1,630000
Terra Bonita,2,61,1,2,424340
Residencial Portal do Sol,3,77,1,1,309250
Gleba Ribeirão Limeiro,2,46,1,1,230000
Jardim Agari,3,109,1,3,450000
Centro,3,103,1,2,550000
Olímpico,3,82,2,2,314060
Santa Rosa,3,182,3,3,2000000
Terras de Santana II,3,185,4,4,1690000
Bela Suiça,3,74,1,2,498000
Gleba Fazenda Palhano,3,179,2,4,1720000
Gleba Fazenda Palhano,3,99,2,2,890000
Gleba Ribeirão Limeiro,2,42,1,1,226000
Jardim Morumbi,2,79,2,2,320000
Califórnia,3,123,2,3,699000
Santa Rosa,3,323,4,4,4300000
Santa Rosa,3,108,2,3,1190000
Itapoã,2,78,2,1,270000
Gleba Fazenda Palhano,3,124,4,3,1540000
Olímpico,2,48,1,1,270000
Centro,3,74,1,2,360000
Gleba Fazenda Palhano,2,44,1,1,340000
Eucaliptos,4,96,2,1,200000
Centro,3,70,2,2,595000
Gleba Fazenda Palhano,2,62,1,2,649999
Brasília,4,160,3,3,340000
Parque Jamaica,2,60,1,2,430000
Colúmbia,3,100,2,2,455500
Shangri-lá,3,121,3,1,427500
Parque Residencial Michael Licha,3,91,2,2,395000
Conjunto Semiramis Barros Braga,4,70,1,2,149000
Conjunto Habitacional Doutor Farid Libos,2,45,1,1,190000
Califórnia,3,138,2,3,390000
Jardim Montecatini,3,75,1,2,379000
Aurora,2,56,1,1,325000
Vila Santa Terezinha,2,64,1,2,410000
Vale dos Tucanos,3,64,1,1,235000
Brasília,2,56,1,1,160000
Bandeirantes,2,60,2,1,250000
Colúmbia,3,100,2,2,452000
Ideal,2,45,1,1,215000
Jardim Agari,3,45,1,1,150000
Jardim Paris,2,81,1,1,250000
Gleba Fazenda Palhano,3,85,2,2,795000
Shangri-lá,3,146,2,2,600000
Aurora,2,55,1,1,380000
Ernani Moura Lima,3,110,1,1,297000
Centro,2,81,1,1,388000
Ideal,3,155,5,2,650000
Brasília,3,160,4,2,500000
Residencial Abussafe,3,86,1,2,351000
Vila Larsen 1,1,59,1,2,535000
Residencial José B Almeida,3,74,2,2,350000
Canaã,5,319,4,5,2200000
Tietê,3,57,1,1,140000
Conjunto Habitacional Santiago II,2,54,1,1,200000
Vivendas do Arvoredo,5,409,3,5,5000000
Guanabara,4,668,3,3,6200000
Messiânico,3,130,2,2,630000
Guanabara Parque Boulevard,3,104,2,3,1100000
Vivendas do Arvoredo,4,283,5,4,3290000
Jardim Presidente,2,71,2,2,650000
Gleba Fazenda Palhano,3,185,3,3,2100000
Centro,3,139,1,3,403000
Universitário,3,203,4,3,1090000
Esperança,3,139,2,2,895000
Gleba Fazenda Palhano,3,75,2,2,629000
Gleba Fazenda Palhano,3,125,2,3,750000
Gleba Fazenda Palhano,2,54,1,1,459000
Terras de Santana II,3,297,4,4,2950000
Vila Shimabokuro,2,51,1,1,190000
Jardim Morumbi,3,80,1,1,215000
Centro,3,71,1,2,260000
Shangri-lá,3,123,4,3,599000
Leonor,3,215,2,3,690000
Esperança,4,350,3,5,3800000
Gleba Fazenda Palhano,3,183,3,5,2600000
Santa Rosa,4,207,3,5,2350000
Conjunto Habitacional Doutor Farid Libos,2,43,1,1,200000
Centro,3,118,1,4,420000
Gleba Fazenda Palhano,3,165,2,3,1450000
Brasília,3,220,2,4,1480000
Jardim ltaparica,3,160,4,2,400000
Aragarça,3,153,2,2,360000
Gleba Fazenda Palhano,2,96,2,3,695000
Esperança,3,214,3,3,2300000
Conjunto Farid Libos,2,70,1,1,260000
Califórnia,2,210,2,2,430000
Gleba Fazenda Palhano,1,58,1,2,700000
Estância Santa Paula,4,600,4,5,4200000
Dom Pedro,3,140,4,3,1280000
Jardim Montecatini,3,79,2,2,364350
Gleba Fazenda Palhano,3,235,3,5,3300000
Cidade Industrial 2,2,47,1,1,280000
Centro,4,405,3,5,1600000
Paraíso,2,45,1,1,139000
Brasília,3,129,2,3,739000
Centro,2,70,1,2,315000
Brasília,3,99,1,2,400000
Conjunto Habitacional Pindorama,3,120,2,3,259000
Gleba Fazenda Palhano,3,85,2,2,850000
Parque Jamaica,3,66,1,1,338000
Jardim Morumbi,3,140,2,3,1100000
Gleba Fazenda Palhano,3,93,2,2,620000
Parque Jamaica,3,71,1,2,355000
Gleba Fazenda Palhano,3,216,4,3,3390000
Universitário,3,104,4,3,620000
Bandeirantes,2,80,2,1,220000
Jacutinga,2,70,1,1,230000
Gleba Fazenda Palhano,3,214,3,5,2400000
Jardim Itatiaia 2,2,165,4,4,1290000
Gleba Fazenda Palhano,3,216,4,3,2420000
Vila Rodrigues,4,240,3,3,420000
Leonor,3,310,4,2,390000
Jardim Shangri-la A,3,107,1,2,520000
Bela Suiça,3,116,2,2,1180000
Jardim São Paulo II,3,63,1,2,230000
São Vicente,3,65,1,2,440000
Gleba Fazenda Palhano,2,75,2,2,740000
Bela Suiça,4,427,4,5,6050000
Vivendas do Arvoredo,3,178,2,4,2990000
Jardim Vale do Cedro,3,76,2,2,350000
Gleba Fazenda Palhano,1,46,1,1,280000
Esperança,4,550,5,2,5200000
Aparecida,3,211,2,2,498000
Cafezal,5,167,2,1,375000
Gleba Simon Frazer,3,149,2,5,1365000
Parque Jamaica,2,61,1,2,470000
Brasília,3,70,2,2,636000
Jardim Central Park,3,247,4,5,1050000
Jardim Alvorada,3,150,2,2,650000
Colúmbia,3,98,2,2,380000
Aquilles Sthengel,2,82,1,2,300000
Parque Residencial Michael Licha,4,123,3,4,720000
Conjunto Habitacional Alexandre Urbanas,3,181,4,3,1600000
Jardim Santa Cruz,2,58,1,1,127200
Centro,2,50,1,1,295000
Jardim Lolata,3,88,1,1,220000
Jardim América,2,69,1,2,300000
Aurora,2,144,2,2,890000
Terra Bonita,3,84,2,2,840000
Conjunto Habitacional Santiago II,3,152,1,2,615000
Gleba Fazenda Palhano,3,114,2,3,1150000
Jardim do Sol,2,74,1,2,690000
Gleba Fazenda Palhano,3,112,2,4,1100000
Gleba Fazenda Palhano,3,99,2,2,910000
Marumbi,3,58,1,1,150000
Loteamento Chamonix,1,144,2,3,670000
Conjunto Residencial Marajoara,3,203,3,3,390000
Jardim Maria Luiza,3,76,2,2,350000
Ernani Moura Lima,3,157,3,2,470000
Gleba Fazenda Palhano,3,183,3,5,2550000
Jardim Montecatini,2,78,2,2,319880
Interlagos,4,123,2,2,285000
Vale dos Tucanos,2,121,1,3,350000
Bela Suiça,4,419,4,5,5250000
Coliseu,3,100,1,2,390000
Bandeirantes,4,150,2,2,600000
Terra Bonita,2,70,1,1,830000
Vitória,3,118,2,3,490000
Jardim Tókio,3,78,2,3,320000
Brasília,3,76,3,2,320000
Esperança,3,227,2,3,2300000
Condomínio Royal Golf Residence,5,900,4,5,12000000
Terra Bonita,2,71,1,2,650000
Jardim Maria Luiza,2,44,1,1,90746
Vivendas do Arvoredo,3,175,2,4,2250000
Santa Rosa,3,245,3,1,2890000
Jardim São Vicente Palloti,2,110,2,1,340000
Gleba Fazenda Palhano,2,54,1,1,446000
Jardim São Paulo II,2,48,1,1,202000
Nossa Senhora de Lourdes,2,55,1,1,199010
Jardim Portal dos Pioneiros,3,77,2,2,420000
Brasília,2,57,1,1,135000
Santa Rosa,3,108,2,3,1290000
Parque Residencial Alcântara,4,279,4,5,2200000
Hedy,2,255,1,1,380000
Jardim Vilas Boas,3,132,1,1,550000
Jardim do Leste,3,153,4,3,670000
Santa Rita 1,3,90,3,2,300000
Andes,3,300,3,1,363000
Aurora,2,50,1,1,495000
Gleba Fazenda Palhano,2,79,2,2,590000
Centro,4,169,1,3,519000
Vale dos Tucanos,2,55,1,2,230000
Leonor,3,144,2,2,280000
Residencial José B Almeida,3,85,2,2,400000
Gleba Fazenda Palhano,2,103,2,3,995000
Jardim São Jorge,4,671,5,5,6000000
Jardim Honda 2,2,112,2,3,400000
Parque Jamaica,3,150,2,3,650000
Pacaembu,3,185,4,2,780000
Cidade Industrial 2,2,46,1,1,265000
Jardim Vilas Boas,3,90,1,1,300000
Conjunto Habitacional José Garcia Molina,2,55,1,1,245000
Jardim Marissol,4,104,2,1,300000
Aeroporto,3,123,3,1,742000
Conjunto Habitacional Alexandre Urbanas,3,201,3,3,1550000
Colúmbia,2,90,2,1,298000
Residencial José B Almeida,3,102,2,2,348000
Gleba Fazenda Palhano,3,155,3,4,1680000
Jardim Higienópolis,2,73,1,2,669770
Gleba Ribeirão Limeiro,2,45,1,1,190000
Vivendas do Arvoredo,3,182,2,4,2870000
Centro,5,650,4,5,2500000
Terra Bonita,3,126,2,2,820000
Shangri-lá,3,141,1,1,380000
Jardim Presidente,3,71,2,2,580000
Chácaras Pietraróia,1,63,1,1,180000
Conjunto Parigot de Souza 1,3,90,1,1,280000
Gleba Fazenda Palhano,3,79,2,2,550000
Parque Jamaica,2,49,1,1,150000
Vila Siam,2,70,2,2,565000
Jardim do Leste,3,266,3,2,950000
Alpes,2,120,2,2,398870
Granville Parque Residencial,3,191,4,3,1350000
Jardim Alto do Cafezal,4,140,1,3,400000
Conjunto Habitacional José Garcia Molina,3,119,1,1,300000
Itapoã,4,120,3,3,270000
Jardim Prefeito Milton Menezes,3,85,1,1,390000
Ouro Verde,3,100,3,1,290000
Vânia,2,72,1,1,495000
Aurora,3,300,4,3,1700000
Residencial Vila Romana,3,125,1,2,380000
Gleba Fazenda Palhano,2,62,1,2,695000
Colinas,2,41,1,1,200000
Monte Belo,4,227,3,4,895000
Centro,2,63,1,1,320000
Brasília,3,123,2,2,318000
Brasília,3,73,1,2,445000
Brasília,2,60,1,1,243000
Leonor,3,155,3,2,490000
Colúmbia,3,87,2,2,350000
Gleba Fazenda Palhano,3,139,2,4,1600000
Gleba Simon Frazer,3,230,4,4,1800000
Parque Jamaica,2,52,1,1,165000
Parque Jamaica,3,52,1,1,145000
Tietê,2,45,1,1,170000
Centro,3,109,1,3,435000
Centro,4,333,2,5,1350000
Granville Parque Residencial,3,215,2,3,1550000
Brasília,3,148,4,3,795000
Vila Siam,3,71,1,2,668000
Ernani Moura Lima,2,140,1,3,480000
Gleba Fazenda Palhano,2,46,1,1,270000
Rodocentro,3,58,1,1,180000
Canadá,3,285,2,3,1830000
Gleba Fazenda Palhano,3,181,4,4,1950000
Aragarça,3,370,4,4,1800000
Jardim Continental,3,155,2,2,420000
Coliseu,2,116,1,1,480000
Terra Bonita,3,237,2,3,1990000
Gleba Fazenda Palhano,2,72,1,2,880000
Igapó,2,51,1,1,330000
Gleba Fazenda Palhano,2,59,1,1,375000
Conjunto Habitacional Alexandre Urbanas,3,180,4,4,1290000
Cláudia,3,72,1,2,405000
Recanto do Salto,4,378,2,5,4950000
Colina Verde,3,410,5,5,3100000
Veraliz,3,71,1,2,529900
Paulista,3,71,1,1,340000
Esperança,4,369,5,5,3950000
Jardim das Américas,3,60,1,1,220000
Santa Joana,3,98,1,1,230000
Petrópolis,4,241,3,1,1300000
Taliana,2,47,1,1,182000
Brasília,3,136,2,5,1590000
Gleba Fazenda Palhano,2,47,1,1,264000
Parigot de Souza 2,2,45,1,1,230000
Centro,3,89,1,2,390000
Pacaembu,3,171,5,3,550000
Jardim Indianápolis,4,138,1,1,580000
Ouro Verde,2,47,1,1,165000
Centro,2,75,1,1,600000
Centro,2,60,1,1,490000
Leonor,2,40,1,1,173000
Andes,3,98,1,3,421000
Condomínio Royal Golf Residence,3,229,5,4,2690000
Terras de Santana II,3,185,4,4,1690000
Colinas,1,47,1,1,185000
Jardim Paris,2,260,1,1,190000
Gleba Fazenda Palhano,2,64,1,2,475000
Residencial José Lázaro Gouvea,4,318,4,5,3300000
Gleba Fazenda Palhano,3,216,4,2,2500000
Centro,3,253,2,4,1600000
Andrade,3,56,1,1,280000
Centro,3,74,1,2,360000
Operária,3,262,4,4,2450000
Cinco Conjuntos,3,189,2,2,390000
Jardim Alvorada,5,300,5,5,750000
Vale dos Tucanos,2,44,1,1,239000
Gleba Fazenda Palhano,3,167,2,5,2600000
Brasília,2,42,2,1,160000
Jardim Shangri-la A,3,128,2,3,750000
Guanabara Parque Boulevard,3,80,1,2,650000
Gleba Fazenda Palhano,2,60,1,2,735000
Brasília,2,47,1,1,371000
Jardim Londrilar,3,91,1,1,250000
Conjunto Habitacional José Garcia Molina,2,81,1,2,318000
Jardim Londrilar,3,146,2,3,1550000
Jardim do Lago,3,217,2,3,1749000
Centro,3,160,2,3,760000
Centro,1,49,1,1,210000
Brasília,3,81,2,2,399000
Gleba Fazenda Palhano,3,122,2,4,1350000
Jardim Shangri-la A,2,67,1,2,583000
Leonor,2,46,1,1,160000
Brasília,2,75,2,2,365000
Gleba Fazenda Palhano,3,110,2,4,1250000
Brasília,3,132,3,2,580000
Parque Residencial Joaquim Toledo Piza,3,135,2,1,695000
Conjunto Habitacional José Garcia Molina,2,45,1,1,168000
Esperança,4,310,2,5,2990000
Gleba Fazenda Palhano,3,84,1,2,680000
Califórnia,3,110,3,2,450000
Centro,5,577,4,5,4100000
Vivendas do Arvoredo,5,499,4,5,4500000
Terra Bonita,2,62,1,2,700000
Jardim Guararapes,2,102,2,1,420000
Jardim Shangri-la A,3,67,1,2,540000
Gleba Fazenda Palhano,3,71,1,2,350000
Jardim São Paulo II,2,44,1,1,212000
Califórnia,3,126,2,1,290000
Esperança,3,210,2,3,1900000
Conjunto Habitacional Doutor Farid Libos,2,45,1,1,195000
Gleba Fazenda Palhano,3,130,2,3,1190000
Esperança,3,277,4,3,2200000
Ideal,3,54,1,1,470000
Caravelle,5,331,1,1,1200000
Andes,3,80,2,1,390000
Jardim Montecatini,3,70,1,1,266000
Jardim Higienópolis,3,100,1,3,870000
Jardim Vale Azul,5,180,2,4,650000
Centro,3,140,1,4,698000
Jardim Prefeito Milton Menezes,2,80,2,1,319840
Brasília,3,64,1,2,360000
Recanto do Salto,4,456,3,5,3750000
Residencial Portal do Sol,1,90,2,2,436000
Centro,2,85,2,1,650000
Santa Rosa,3,245,3,5,3390000
Aurora,3,67,1,1,410000
Gleba Fazenda Palhano,3,122,2,3,1290000
Nova Olinda,2,45,1,1,120000
Terra Bonita,3,242,2,4,1590000
Portal de Versalhes 1,2,360,2,3,930000
Jardim dos Estados,2,80,2,2,305000
Jardim Alvorada,3,200,2,2,780000
Quebec,3,300,4,3,1100000
Centro,4,287,3,5,1200000
Leonor,2,91,2,3,450000
Gleba Fazenda Palhano,3,216,3,5,2140000
Jardim Pioneiros,3,150,2,3,760000
Lago Parque,4,385,4,5,1300000
Santa Rosa,3,127,2,5,1390000
Gleba Fazenda Palhano,3,195,3,5,2200000
Centro,3,116,2,4,1070000
Gleba Fazenda Palhano,3,200,3,2,620000
Judith,3,79,1,2,650000
Terras de Santana II,3,300,5,4,3500000
Centro,3,148,2,5,1200000
Gleba Simon Frazer,3,234,2,5,1605000
Jardim Itatiaia 2,3,199,3,4,1690000
Jardim Guararapes,3,155,2,2,869000
Jardim Ilha do Mel,2,74,1,1,400000
Nova Olinda,2,48,1,1,170000
Coliseu,3,161,2,3,500000
Ideal,3,200,2,4,1780000
Marumbi,2,252,1,1,200000
Gleba Fazenda Palhano,2,75,2,2,759000
Leonor,2,47,1,1,180000
Gleba Fazenda Palhano,3,151,2,5,2300000
Gleba Fazenda Palhano,2,92,2,2,1015000
Parque Jamaica,2,41,1,1,155000
Jardim Moema,2,69,1,2,297000
Residencial José Lázaro Gouvea,3,330,5,5,3000000
Gleba Fazenda Palhano,2,46,1,1,280000
Brasília,4,140,2,3,370000
Cinco Conjuntos,3,110,2,2,220000
Conjunto Café,2,60,1,1,285000
Terras de Santana II,3,120,2,2,1450000
Gleba Ribeirão Limeiro,2,43,1,1,225000
Centro,1,26,1,1,150000
Brasília,3,120,2,3,610000
Jardim São Paulo,3,87,1,1,371000
Bela Suiça,3,156,3,4,1700000
Brasília,3,207,4,4,1700000
Centro,4,277,2,5,960000
Centro,3,90,1,2,440000
Brasília,3,125,4,4,399000
Brasília,2,59,1,1,267000
Gleba Fazenda Palhano,3,323,4,5,3850000
Conjunto Residencial Marajoara,2,45,1,1,75000
Jardim Montecatini,2,76,1,2,320000
Jardim Presidente,3,270,4,2,550000
Aurora,3,75,1,2,530000
Jardim Santa Cruz,2,48,1,1,130000
Conjunto Café,3,125,2,2,450000
Gleba Fazenda Palhano,3,103,2,2,1300000
Jardim Oscavo Santos,3,85,3,2,380000
Judith,2,59,1,1,220000
Vila Brasil,2,57,1,1,350000
Heimtal,2,35,1,1,222900
Jardim Imagawa,3,73,2,2,316000
Jardim São Tomás,3,168,1,2,450000
Gleba Ribeirão Limeiro,2,49,1,1,215000
Jardim Presidente,2,71,2,2,570000
Centro,3,153,2,3,800000
Guanabara Parque Boulevard,3,89,2,2,910000
Jardim Ilha do Mel,2,70,1,1,264430
Jardim Palmares,3,471,3,1,850000
Santa Rosa,4,207,3,4,2350000
Jardim Montecatini,2,75,1,2,270000
Judith,3,80,1,2,300000
Leonor,3,130,4,3,400000
Jardim Guararapes,3,75,1,2,420000
Vila Larsen 1,2,80,1,2,398000
Colúmbia,3,100,1,1,510000
Brasília,3,122,4,1,285000
Santa Rosa,3,122,2,2,1190000
Conjunto Habitacional Maria Cecília Serrano de Oliveira,3,120,2,3,490000
Jardim Morumbi,3,67,1,1,250000
Conjunto Habitacional Doutor Farid Libos,2,62,1,1,200000
Brasília,3,84,2,2,817000
Olímpico,2,45,1,1,210000
Brasília,3,268,4,4,1200000
Jardim ltaparica,3,80,2,1,288000
Nossa Senhora de Lourdes,2,52,1,2,330000
Jardim Morumbi,3,57,1,1,220000
Gleba Fazenda Palhano,3,114,2,2,950000
Brasília,3,100,3,2,350000
Gleba Fazenda Palhano,3,136,3,4,1480000
Nova Olinda,2,47,1,1,125000
Centro,2,60,1,1,320000
Gleba Fazenda Palhano,3,80,2,2,800000
Califórnia,2,80,1,2,290000
Gleba Fazenda Palhano,2,89,2,2,839000
Gleba Fazenda Palhano,3,165,3,4,1500000
San Remo,3,160,3,2,870000
Conjunto Habitacional Maria Cecília Serrano de Oliveira,2,90,2,1,215000
Gleba Fazenda Palhano,3,82,2,2,650000
Residencial Portal do Sol,3,82,1,2,294000
Centro,3,177,1,4,805000
Portuguesa,3,150,5,1,650000
Condomínio Royal Golf Residence,4,731,5,5,15000000
Jardim Indianápolis,3,79,1,2,370000
Colúmbia,3,90,1,1,380000
Conjunto Habitacional Doutor Farid Libos,2,47,1,1,220000
Colinas,3,88,1,2,350000
Gleba Fazenda Palhano,2,48,1,1,300000
São Vicente,3,66,1,1,290000
Maria Lúcia,3,80,2,2,359040
Jardim São Jorge,3,159,2,5,1990000
Terras de Santana II,3,300,4,4,2950000
Jardim Morumbi,2,45,1,1,233000
Ricardo,2,50,1,1,135000
Recanto do Salto,3,224,2,1,2900000
Brasília,3,115,2,2,315000
Centro,4,222,3,5,1450000
Santa Rosa,2,69,2,2,630000
Terra Bonita,3,242,4,3,1600000
Champagnat,3,58,1,1,405000
Monte Belo,3,186,4,2,1120000
Esperança,3,252,4,4,2750000
Colina Verde,4,302,4,3,1650000
Colúmbia,2,206,4,2,1100000
Gleba Fazenda Palhano,2,74,1,2,820000
Centro,3,64,1,2,405000
Jardim São Jorge,4,283,4,5,2150000
Jardim Morumbi,4,270,5,4,570000
Colúmbia,3,97,1,2,380000
Esperança,4,376,4,5,3900000
Parque Residencial Michael Licha,3,90,2,2,350000
Judith,4,179,2,1,890000
Terra Bonita,2,62,2,2,580000
Vila Larsen 1,3,131,2,2,400000
Centro,1,48,2,1,450000
Jardim América,2,54,1,1,300000
Jardim Burle Marx,4,150,1,4,850000
Dom Pedro,3,210,4,2,1280000
Recanto do Salto,3,308,4,5,3800000
Esperança,4,627,5,5,5200000
Brasília,2,65,1,2,470000
Brasília,3,68,2,2,456000
Terras de Santana II,3,165,2,3,1500000
Santa Rosa,3,207,3,5,2350000
Aurora,2,55,1,1,405000
Colinas,2,47,1,1,180000
Gleba Fazenda Palhano,3,195,2,3,2283000
Vila Siam,2,70,1,2,600000
Centro,3,77,1,2,350000
Vivendas do Arvoredo,3,178,2,5,2990000
Conjunto Habitacional Alexandre Urbanas,3,140,2,4,1172000
Vila Siam,3,76,2,2,290000
Jardim Tókio,4,247,4,4,699000
Igapó,3,50,1,1,200000
Centro,4,211,2,5,1000000
Andrade,3,124,2,3,1250000
Brasília,4,260,4,4,890000
Andrade,3,76,1,2,620000
Jardim Santa Alice,3,80,2,1,370000
Residencial Portal do Sol,1,63,1,1,220000
Jardim Morumbi,3,63,1,2,290000
Universitário,3,124,3,2,790000
Dom Pedro,3,140,2,3,1280000
Parque Residencial Alcântara,3,250,4,2,1790000
Gleba Fazenda Palhano,3,68,2,2,480000
Centro,3,71,1,2,350000
Santa Rosa,3,324,4,3,3700000
Jardim do Lago,3,73,1,2,359000
Gleba Fazenda Palhano,3,111,1,2,1290000
Brasília,2,43,1,1,244000
Parque Jamaica,2,45,1,1,180000
Ouro Branco,3,154,2,1,480000
Jardim Colúmbia D,2,58,1,1,235000
Monte Carlo,2,100,2,1,255000
Andrade,4,396,5,5,1810000
Terra Bonita,3,67,1,2,506654
Industrial,5,202,5,2,532000
Brasília,3,199,2,4,1400000
Parque Residencial Joaquim Toledo Piza,4,100,1,1,350000
Jardim Presidente,3,72,1,2,640000
Colinas,2,78,1,1,289850
Jardim Tókio,3,166,4,5,900000
Brasília,3,65,1,1,297000
Ideal,3,110,2,1,320000
Gleba Fazenda Palhano,3,82,2,2,595000
Rodocentro,4,240,4,3,1100000
Vila Adolfo,5,270,5,1,880000
Conjunto Habitacional Doutor Farid Libos,2,44,1,1,185000
Waldemar Hauer,3,99,4,2,460000
Brasília,2,56,1,1,150000
Jardim Presidente,2,94,2,2,880000
Aurora,3,64,1,1,515000
Esperança,5,360,4,5,3500000
Gleba Fazenda Palhano,3,75,1,2,500000
Jardim Morumbi,3,57,1,1,200000
Gávea,3,121,2,2,580000
Jardim Shangri-la A,3,168,1,1,1180000
Califórnia,5,252,4,4,636000
Gleba Fazenda Palhano,3,133,2,3,1090000
Gleba Fazenda Palhano,3,323,4,4,4300000
Alto da Colina,2,50,1,1,175000
Jardim Montecatini,2,65,1,1,280000
Universitário,3,300,3,4,3500000
Ideal,4,185,4,3,1500000
Centro,3,89,1,2,385000
Brasília,4,235,4,5,1750000
São Pedro,2,47,1,1,175000
Gleba Fazenda Palhano,3,142,3,5,1550000
Centro,3,70,1,1,630000
Coliseu,3,156,2,3,445000
Lindóia,2,150,2,2,455000
Esperança,3,277,4,5,2200000
Centro,3,122,2,3,550000
Brasília,3,79,1,1,290000
Alto da Boa Vista,2,63,1,1,225000
Brasília,3,74,2,2,350000
Centro,1,37,1,1,198000
Brasília,3,75,2,2,300000
Conjunto Parigot de Souza 3,3,80,3,1,200000
Brasília,3,140,3,3,720000
Brasília,2,1022,1,1,159000
Centro,3,92,1,4,455000
Tietê,2,45,1,1,160000
Heimtal,3,114,1,1,240000
Ideal,3,125,1,1,299000
São Vicente,3,82,1,1,494000
Centro,3,138,2,3,597000
Gleba Fazenda Palhano,3,236,4,5,2500000
Gleba Fazenda Palhano,3,82,1,2,800000
Gleba Fazenda Palhano,3,81,2,2,730000
Brasília,2,68,1,1,245000
Brasília,2,70,1,1,250000
Ideal,4,192,4,5,1200000
Colinas,2,90,2,1,240000
Gleba Fazenda Palhano,3,122,3,3,1300000
Aurora,2,55,1,1,380000
Santa Rosa,3,70,2,2,630000
Colonial,3,300,4,5,1800000
Brasília,3,77,2,2,382000
San Remo,3,75,1,1,329000
Gleba Fazenda Palhano,3,79,2,2,640000
Brasília,3,81,2,2,435000
Paraíso,2,47,1,1,170000
Gleba Fazenda Palhano,3,77,1,2,550000
Recanto do Salto,5,347,3,5,2990000
Gleba Fazenda Palhano,2,75,1,2,720000
Jardim Santa Cruz,3,58,1,1,140000
Gleba Fazenda Palhano,3,159,2,4,930000
Conjunto Semiramis Barros Braga,4,128,5,2,420000
Gleba Fazenda Palhano,3,114,2,2,1690000
Canadá,4,253,3,5,1290000
Gleba Fazenda Palhano,4,226,2,1,1200000
Jardim Morumbi,3,64,1,2,380000
Aurora,2,72,2,2,530000
Ideal,3,69,1,1,260000
Vila Ipiranga,2,61,1,1,350000
Vivendas do Arvoredo,3,186,4,4,2050000
Bela Suiça,3,115,2,3,1380000
Centro,2,50,1,1,175000
Jardim Maria Luiza,2,42,2,1,189000
Recanto do Salto,5,425,5,5,4700000
Jardim Montecatini,3,75,2,1,390000
Jardim Sumaré,5,500,4,4,1100000
Recanto do Salto,3,265,2,4,2690000
Jardim Alvorada,3,225,4,3,850000
Mediterrâneo,3,237,4,5,1550000
Brasília,3,67,1,2,239900
Centro,3,70,2,2,615000
Bandeirantes,3,80,2,2,430000
Conjunto Habitacional Alexandre Urbanas,3,190,4,5,1490000
Conjunto Parigot de Souza 1,2,130,1,2,220000
Terras de Santana II,4,285,4,4,3180000
Centro,3,103,1,3,520000
Jardim Jóquei Club,4,397,5,4,900000
Nova Olinda,2,50,1,1,270000
Aurora,3,69,1,2,365000
Leonor,3,145,1,1,260000
Esperança,3,210,2,3,1650000
Nova Olinda,2,48,1,1,115000
Terra Bonita,3,66,1,2,389000
Centro,1,51,1,1,480000
Terra Bonita,2,70,1,2,750000
Vale dos Tucanos,3,76,2,2,480000
Gleba Fazenda Palhano,3,103,2,3,930000
Recanto do Salto,4,376,4,2,3900000
Centro,3,90,1,2,450000
Gleba Fazenda Palhano,3,142,1,3,1738000
Alto da Boa Vista,2,70,4,1,250000
Brasília,3,81,2,1,244000
Jardim Maria Celina,3,79,2,2,285000
Jardim Alvorada,3,87,1,2,370000
Bela Suiça,3,232,3,5,2700000
Centro,3,136,1,3,250000
Jardim do Lago,3,217,2,4,1690000
Jardim Pioneiros,3,80,2,1,320000
Vila Filipin,2,48,1,1,179000
Centro,3,138,2,2,460000
Residencial Abussafe,2,144,4,1,460000
Centro,4,231,2,4,890000
Vila Ipiranga,1,38,1,1,165000
Terra Bonita,2,65,1,1,330000
Portuguesa,3,164,5,2,500000
Gleba Fazenda Palhano,2,46,1,1,330000
Conjunto Habitacional Saltinho,4,140,3,3,240000
Colúmbia,3,105,5,1,200000
Vivendas do Arvoredo,3,178,2,5,2990000
Brasília,2,50,1,1,129000
Jardim São Jorge,3,159,2,4,1695000
Caiçaras,4,267,3,5,1750000
Gleba Fazenda Palhano,3,64,1,2,550000
Vivendas do Arvoredo,4,314,4,5,3495000
Jardim Presidente,3,71,1,2,639000
Bela Suiça,4,419,4,5,4250000
Gleba Fazenda Palhano,3,122,2,2,1350000
Parque Jamaica,2,68,1,1,176000
Jardim Ilha do Mel,4,188,5,2,650000
Parque Residencial Liberdade,2,60,1,1,159900
Gleba Fazenda Palhano,3,181,5,4,2400000
Jardim Morumbi,2,48,1,1,265000
Conjunto Habitacional Doutor Farid Libos,2,46,1,1,163000
Industrial,2,130,2,1,240000
Jardim Nações Unidas,2,47,1,1,170000
Brasília,3,129,2,3,739000
Residencial Vila Romana,2,53,1,1,260000
Conjunto Habitacional Santiago II,4,120,3,2,640000
Jardim Moema,3,70,1,1,290000
Jardim Roveri,2,70,1,1,240000
Brasília,2,71,1,1,145000
Jardim Nova Esperança,2,80,2,2,180000
Centro,3,86,1,2,400000
Jardim Shangri-la A,3,400,5,5,1385000
Centro,1,154,5,4,2200000
Centro,4,175,1,2,770000
Brasília,3,66,1,1,229000
Heimtal,3,70,1,1,180000
Vila Filipin,3,70,1,1,369000
Centro,1,49,1,1,210000
Colinas,2,44,1,1,200000
Centro,4,211,2,5,985000
Vale dos Tucanos,2,45,1,1,205000
Gleba Fazenda Palhano,1,52,1,2,520000
Champagnat,3,252,4,4,699000
Jardim Imagawa,2,57,1,1,105000
Jardim Maria Luiza,2,45,1,1,160000
Vila Shimabokuro,3,130,1,2,235000
Cidade Industrial 2,3,178,4,3,1350000
Santa Mônica,3,122,2,3,500000
Jardim Santa Cruz,2,44,1,1,150000
Colúmbia,3,80,2,2,395000
Gleba Fazenda Palhano,3,165,2,5,1450000
Champagnat,3,85,2,2,398000
Conjunto Residencial Marajoara,2,45,1,1,150000
Vila Santa Terezinha,3,94,1,1,245000
Champagnat,4,180,2,1,380000
Nossa Senhora de Lourdes,3,70,1,2,320000
Jardim Higienópolis,2,74,1,2,690000
Esperança,4,284,4,5,2990000
Jardim Imagawa,3,138,4,3,780000
Cidade Industrial 2,2,45,1,1,159000
Maringá,3,250,4,4,1800000
Conjunto Habitacional José Garcia Molina,2,45,1,1,160000
Guanabara,4,384,4,5,5980000
Conjunto Habitacional Doutor Farid Libos,2,43,1,1,182000
Recanto do Salto,3,248,4,4,1800000
Gleba Fazenda Palhano,3,111,2,3,1350000
Gleba Fazenda Palhano,3,185,3,4,2150000
Brasília,3,144,2,3,1200000
Esperança,3,216,4,4,2350000
Centro,3,111,2,3,120000
Califórnia,3,77,1,2,421053
Gleba Fazenda Palhano,3,165,2,5,1890000
Brasília,3,76,2,2,318000
Conjunto Habitacional Alexandre Urbanas,3,210,4,4,1450000
Centro,1,45,1,1,195000
Gleba Fazenda Palhano,2,76,1,2,699800
Parque Residencial Joaquim Toledo Piza,3,130,2,2,695000
Jardim Maria Celina,2,48,1,1,120000
Conjunto Habitacional Doutor Farid Libos,2,41,1,1,180000
Santa Rosa,3,182,2,5,1990000
Jatobá,3,80,2,2,240000
Colúmbia,3,99,1,2,380000
Gleba Ribeirão Limeiro,2,48,1,1,170000
Guanabara,4,388,4,5,5599990
Jardim Guaporé,4,210,2,4,890000
Santos Dumont,3,276,4,4,1150000
Residencial José B Almeida,3,151,2,2,450000
Gleba Fazenda Palhano,3,79,2,2,530000
Vila Siam,3,71,1,1,525000
Esperança,4,383,4,5,2700000
Jardim Santa Cruz,2,48,1,1,110000
Conjunto Habitacional Doutor Farid Libos,2,45,1,1,180000
Gleba Ribeirão Limeiro,2,45,1,1,270000
Brasília,2,49,1,1,308000
Gleba Fazenda Palhano,3,90,1,2,890000
Vila Santa Terezinha,2,51,1,2,355000
Jardim Nova Londrina,4,421,5,5,2100000
Jardim Morumbi,3,170,2,3,640000
Gleba Fazenda Palhano,2,54,1,2,450000
Centro,2,69,1,1,480000
Gleba Fazenda Palhano,2,70,1,2,589000
Bela Suiça,4,419,4,5,5000000
Aurora,3,69,1,2,365000
Jardim Moema,2,82,2,1,270000
Vila Larsen 1,3,71,1,1,340000
Santa Rosa,3,103,2,2,1180000
Santa Rosa,2,85,2,2,790000
Gleba Fazenda Palhano,3,81,2,2,750000
Jardim Novo Sabará,2,45,1,1,300000
Residencial Abussafe,3,99,2,2,520000
Vila Penteriche,3,85,1,2,427000
Brasília,2,110,2,1,258000
Gleba Fazenda Palhano,2,70,1,2,630000
Parque Jamaica,2,47,1,1,320000
Jardim Morumbi,2,53,1,1,365000
Brasília,3,95,2,2,370000
Bela Vista,3,77,1,3,369000
Jardim Paraná,2,70,1,1,199000
Gleba Fazenda Palhano,2,62,1,2,600000
Conjunto Habitacional Alexandre Urbanas,3,190,4,4,1390000
Colúmbia,3,110,2,2,380000
Centro,3,171,2,4,900000
Vitória,3,69,1,2,510000
Centro,2,56,1,2,398000
Jardim Alvorada,3,191,2,1,750000
Brasília,3,237,4,5,1790000
Jardim Higienópolis,3,80,1,3,390000
Brasília,3,162,2,3,825000
Sabará I,4,305,2,2,330000
San Fernando,3,60,1,1,130000
Jardim Tókio,3,143,3,4,750000
Jardim Santa Cruz,3,58,1,1,150000
Cidade Industrial 2,2,40,1,1,176000
Jardim Prefeito Milton Menezes,3,125,2,1,350000
Centro,3,112,1,1,500000
Gleba Fazenda Palhano,3,214,5,5,2500000
Vale dos Tucanos,2,56,1,1,195000
Terra Bonita,3,73,1,2,430000
Centro,3,94,1,2,390000
Santa Rosa,3,245,5,4,3200000
Jardim São Jorge,4,283,2,5,3800000
Brasília,2,80,2,2,244000
Gleba Fazenda Palhano,4,341,4,5,1500000
Vale dos Tucanos,2,46,1,1,262000
Gleba Fazenda Palhano,2,45,1,1,269000
Gleba Fazenda Palhano,3,64,1,2,550000
Jardim Morumbi,2,65,1,1,330000
Centro,3,204,3,5,1550000
Centro,2,51,1,1,360000
Brasília,2,48,1,1,220000
Gleba Fazenda Palhano,1,45,1,1,580000
Vale dos Tucanos,2,109,1,3,360000
Alpes,3,175,4,3,580000
Gleba Fazenda Palhano,3,122,2,2,1270000
Centro,2,65,1,2,300000
Aeroporto,4,186,4,4,445000
Centro,4,283,3,5,1295000
Gleba Fazenda Palhano,3,112,2,3,1300000
Mediterrâneo,5,400,4,5,1600000
Califórnia,3,156,2,2,750000
Cafezal,3,100,2,2,450000
Califórnia,3,97,2,1,500000
Vila Shimabokuro,2,44,1,1,150000
Gleba Fazenda Palhano,3,78,2,2,629000
Paraíso,2,46,1,1,190000
Califórnia,3,103,4,1,270000
Bandeirantes,1,129,2,1,570000
Operária,3,79,1,2,550000
Brasília,3,174,2,2,480000
Jardim Portal de Itamaracá,3,82,1,2,360000
Centro,3,114,1,3,590000
Jardim Jerônimo Nogueira de Figueiredo,1,81,4,1,210000
Jardim São Jorge,3,159,2,5,1930000
Gleba Fazenda Palhano,2,85,1,2,850000
Gleba Fazenda Palhano,3,215,4,4,4000000
Brasília,4,470,4,4,644000
Ouro Verde,2,45,1,1,160000
Jardim Morumbi,2,46,1,1,250000
Mediterrâneo,4,283,3,4,1700000
Esperança,3,109,1,2,430000
Gleba Fazenda Palhano,2,73,1,2,690000
Centro,3,88,1,2,300000
Jardim Nápoles,5,395,5,5,1349999
Santa Rosa,3,100,2,2,1150000
Cláudia,3,70,1,1,515000
Quebec,3,348,5,4,1950000
Centro,1,58,1,1,270000
Conjunto Vivi Xavier,2,68,2,1,260000
Centro,3,81,1,1,680000
Centro,3,70,1,2,750000
Gleba Fazenda Palhano,2,46,1,1,390000
Brasília,3,200,2,2,250000
Conjunto Novo Amparo,3,45,1,1,60000
Gleba Fazenda Palhano,3,103,2,3,1200000
Gleba Fazenda Palhano,2,46,1,1,350000
Brasília,2,48,1,1,313000
Conjunto Habitacional Alexandre Urbanas,3,153,3,2,1200000
Santa Rosa,3,77,2,2,750000
Parque Residencial Alcântara,4,546,4,5,3500000
Conjunto Habitacional Doutor Farid Libos,2,47,1,1,205000
Coliseu,3,285,4,3,800000
Conjunto Habitacional Alexandre Urbanas,3,190,4,4,1490000
Jardim Morumbi,2,72,1,1,320000
Parque Jamaica,2,54,1,1,200000
Lagoa Dourada,3,47,1,1,160000
Residencial José B Almeida,3,82,2,3,420000
Santa Rosa,3,245,4,5,2700000
Centro,4,330,2,5,1350000
Gleba Fazenda Palhano,2,43,1,1,180000
Centro,4,550,2,4,1700000
Ouro Verde,2,45,1,1,160000
Residencial Professora Madalena Cardoso,2,58,1,1,110000
Jardim Central Park,3,144,3,4,785000
Alto da Colina,1,43,1,1,160000
Coliseu,3,137,2,3,950000
Jardim Maria Luiza,2,45,1,1,128000
Jardim Nova Esperança,3,80,2,3,160000
Centro,2,65,1,1,455000
Ideal,3,79,1,2,230000
Estância Santa Paula,3,171,2,4,1280000
Centro,2,330,2,3,1300000
Gleba Fazenda Palhano,3,110,2,2,1060000
Residencial Portal do Sol,3,110,2,2,350000
Coliseu,3,137,5,2,599800
Cafezal,5,132,3,2,270000
Brasília,3,150,5,2,390000
Brasília,3,70,1,1,170000
Esperança,3,370,2,4,2900000
Terra Bonita,2,70,1,2,649000
Jardim Nova Londrina,3,90,3,2,420000
Jardim Higienópolis,3,173,3,2,1250000
Granville Parque Residencial,3,250,5,3,1600000
Brasília,3,97,2,2,380000
Jardim das Américas,2,44,1,1,149000
Brasília,2,38,1,1,200000
Colinas,2,42,1,1,185000
Portal de Versalhes 1,3,232,2,2,850000
Brasília,3,74,2,2,360000
Coliseu,3,127,2,1,550000
Caiçaras,5,717,5,5,4700000
Gleba Fazenda Palhano,3,199,3,5,1850000
Gleba Fazenda Palhano,3,88,2,2,780000
Centro,3,100,1,2,430000
Terras de Santana II,3,185,4,4,1650000
Brasília,2,55,1,1,139000
Conjunto Habitacional Doutor Farid Libos,2,47,1,1,230000
Gleba Fazenda Palhano,2,62,1,2,693050
Bela Suiça,3,232,3,5,5200000
Brasília,3,148,2,2,315000
Jardim Maria Luiza,2,124,2,2,345000
Gleba Fazenda Palhano,3,179,4,4,2200000
Residencial Verona,2,51,1,1,180000
Brasília,3,172,4,2,1190000
Jardim Maria Celina,2,48,1,1,75000
Colinas,2,108,1,1,250000
Conjunto Habitacional Alexandre Urbanas,3,175,2,1,480000
Gleba Fazenda Palhano,3,85,2,2,805000
Jardim Burle Marx,3,130,2,3,790000
Centro,4,240,2,3,799800
Gleba Fazenda Palhano,3,181,2,4,2500000
Colúmbia,3,85,1,2,398000
Conjunto Habitacional Doutor Farid Libos,2,47,1,1,235000
Alpes,3,72,2,2,240000
Brasília,3,226,4,4,1200000
Centro,3,165,2,5,1980000
Vila Siam,3,69,1,2,529900
Centro,3,90,1,2,370000
Vila Casoni,3,128,3,2,410000
Espanha,1,70,4,1,310000
Colúmbia,3,85,2,2,355000
Gleba Fazenda Palhano,2,74,1,2,826200
Cláudia,3,55,1,1,300000
Brasília,3,150,4,4,1050000
Jardim Higienópolis,3,66,1,2,300000
São Pedro,2,53,1,1,160000
Judith,3,127,2,2,850000
Gleba Fazenda Palhano,3,77,2,2,664999
Colúmbia,3,152,2,2,410000
Gleba Fazenda Palhano,3,80,2,2,761000
Jardim Roveri,2,70,1,1,220000
Jardim Burle Marx,3,145,4,3,1200000
Terra Bonita,3,110,2,2,300000
Vila Casoni,2,171,1,1,900000
Conjunto Habitacional Alexandre Urbanas,3,210,2,5,1650000
Antares,3,65,1,2,250000
Cidade Industrial 2,2,46,1,1,165000
Parque Residencial Alcântara,4,360,4,5,1800000
Araxá,3,370,2,5,1150000
Santa Mônica,3,181,4,2,550000
Parque Residencial Joaquim Toledo Piza,2,63,1,1,315000
Parque Residencial Joaquim Toledo Piza,3,130,2,2,695000
Vivendas do Arvoredo,4,400,4,5,5250000
Vivendas do Arvoredo,3,81,1,2,760000
Bela Suiça,5,1000,5,5,15000000
Jardim Maria Celina,2,48,1,1,185000
Ideal,3,110,2,1,320000
Gleba Ribeirão Limeiro,4,200,2,3,1800000
Centro,5,447,4,5,3000000
Jardim Nova Esperança,2,60,1,1,230000
Gleba Fazenda Palhano,3,165,2,3,1500000
Centro,3,148,2,4,1350000
Gleba Fazenda Palhano,2,142,2,3,1642000
Aurora,2,64,1,3,550000
Vale dos Tucanos,3,70,1,1,190000
Jardim Presidente,4,327,4,2,1270000
Brasília,3,128,2,3,1145000
Carnascialli,3,98,4,2,220000
Jardim Santo André,3,64,1,1,195000
Alto da Colina,2,53,1,1,175000
Parque Jamaica,3,99,2,1,680000
Brasília,3,94,2,1,550000
Centro,1,58,1,2,320000
Vila Siam,2,71,1,1,480000
Antares,3,180,4,2,650000
Heimtal,3,126,2,2,585000
Loteamento Chamonix,3,80,1,2,369000
Jardim ltaparica,3,137,2,1,320000
Conjunto Habitacional José Garcia Molina,3,150,4,1,870000
Jardim Maria Celina,2,41,1,1,222000
Santa Rosa,3,207,3,5,2300000
Terras de Santana II,3,300,4,5,2950000
Gleba Fazenda Palhano,3,80,2,2,640000
Quebec,3,350,5,2,435000
Leonor,3,145,2,2,280000
Gleba Fazenda Palhano,3,82,2,2,650000
Roseira,3,124,2,1,330000
Gleba Fazenda Palhano,3,114,2,2,1450000
Bela Suiça,4,124,2,2,635000
Centro,3,160,2,2,740000
Parque Residencial Michael Licha,3,200,4,3,670000
Brasília,3,63,1,1,280000
Parque Jamaica,4,250,4,4,1390000
Esperança,3,170,2,5,2100000
Centro,3,204,2,5,1300000
Esperança,3,209,4,4,1450000
Brasília,4,140,2,3,370000
Conjunto Novo Amparo,2,63,1,1,99000
Jardim Athenas,2,55,2,1,240000
Brasília,3,175,2,3,560000
Vivendas do Arvoredo,4,280,4,5,3200000
Gleba Fazenda Palhano,3,122,2,4,1250000
Gleba Fazenda Palhano,2,54,2,1,549000
Centro,3,128,2,3,1260000
Residencial Abussafe,3,83,1,2,435000
Conjunto Habitacional Alexandre Urbanas,3,172,4,3,1750000
Brasília,2,49,1,1,170000
Centro,4,231,2,5,790000
Centro,5,220,2,2,750000
Centro,2,160,2,2,920000
Gleba Fazenda Palhano,3,165,2,4,1600000
Granville Parque Residencial,3,167,4,5,1750000
Brasília,3,135,2,3,575000
Jardim Lolata,3,81,1,2,220000
Terra Bonita,3,84,1,2,880000
Jardim Burle Marx,3,150,2,2,750000
Gleba Fazenda Palhano,3,150,2,2,1650000
Cafezal,3,115,4,2,450000
Jardim Paris,2,70,4,1,290000
Centro,1,45,1,1,230000
Leonor,2,82,1,2,290000
Jardim Novo Sabará,4,191,4,3,490000
Canaã,4,445,3,3,2000000
Rodocentro,3,195,4,3,1150000
Gleba Fazenda Palhano,2,76,2,2,775000
Santa Rosa,4,207,3,5,2350000
Centro,3,128,2,3,1390000
Cidade Industrial 2,2,47,1,1,240000
Jardim Maria Luiza,2,43,1,1,140000
Nova Olinda,2,200,1,1,200000
Sabará I,3,96,1,2,400000
Waldemar Hauer,2,67,1,1,240000
Centro,2,59,1,1,300000
Gleba Fazenda Palhano,3,81,2,2,750000
Gleba Fazenda Palhano,3,165,2,5,1890000
Conjunto Professora Hilda Mandarino,1,56,1,1,220000
Brasília,2,43,1,1,110000
Brasília,2,55,2,1,297000
Gleba Fazenda Palhano,4,338,4,4,5208000
São Vicente,3,66,1,2,480000
Bela Suiça,3,115,2,3,1250000
Judith,3,127,2,2,860000
Conjunto Habitacional Alexandre Urbanas,4,237,2,4,1790000
Jardim Morumbi,3,235,4,4,1400000
Jardim Paris,3,70,2,1,250000
Terra Bonita,3,67,1,1,410000
Vale dos Tucanos,2,118,1,1,315000
Jardim Padovani,2,77,1,2,270000
Brasília,3,71,1,1,270000
Santa Rosa,5,370,3,5,2500000
Gleba Fazenda Palhano,4,340,5,5,1450000
Jardim Strass,3,80,1,1,370000
Parque Jamaica,3,162,2,3,750000
Boa Vista,3,324,5,3,2000000
Residencial Abussafe,3,118,2,2,549320
Centro,3,163,2,2,930000
Vila Ipiranga,3,71,2,2,550000
Brasília,3,76,1,2,529900
Colúmbia,3,80,1,2,300000
Brasília,3,85,2,2,360000
Jardim Monte Sinai,3,255,4,4,850000
Gleba Fazenda Palhano,2,65,1,2,570000
Jardim Agari,2,56,1,2,490000
Parque Residencial Michael Licha,5,172,1,3,560000
Jardim Montecatini,2,80,2,2,395000
Brasília,3,180,3,1,300000
Gleba Fazenda Palhano,3,74,2,2,710000
Gleba Fazenda Palhano,3,165,2,5,1600000
Bela Suiça,3,232,4,4,3300000
Gleba Fazenda Palhano,3,76,1,2,530000
Jardim Maria Celina,2,48,1,1,230000
Granville Parque Residencial,4,340,2,5,1560000
Jardim Strass,2,60,1,1,120000
Igapó,3,76,1,1,250000
Gleba Fazenda Palhano,3,122,2,1,1300000
Residencial Abussafe,1,84,2,2,437000
Centro,3,90,1,2,479000
Antares,3,65,1,2,290000
Califórnia,2,69,1,1,270000
Gleba Fazenda Palhano,3,189,3,5,1360000
Conjunto Habitacional Milton Gavetti,2,150,3,2,220000
Petrópolis,3,78,2,2,600000
Centro,2,57,2,2,435000
Vila A B Vicentini,3,130,4,1,240000
Jardim Montecatini,3,220,2,5,1800000
Jardim Tarumã,3,150,2,2,860000
Sabará I,3,155,4,2,510000
Gleba Fazenda Palhano,3,216,3,5,3200000
Jardim Presidente,3,71,2,2,760000
Jardim Colúmbia D,3,230,4,3,855000
Terra Bonita,2,70,1,2,530000
Gleba Fazenda Palhano,3,83,2,2,785000
Centro,3,121,1,2,470000
Ernani Moura Lima,2,45,1,1,189770
Bom Retiro,2,67,1,1,240000
Jardim Morumbi,3,64,1,2,430000
Santa Rosa,3,103,2,3,1150000
Brasília,3,72,1,2,580000
Jardim Maria Celina,2,46,1,1,175000
Tietê,2,42,1,1,140000
Bela Vista,2,128,2,2,990000
Conjunto Habitacional Alexandre Urbanas,3,150,4,3,1200000
Terras de Santana II,3,320,5,3,1980000
Jardim da Luz,2,90,2,1,300000
Colúmbia,3,110,2,3,510000
Gleba Fazenda Palhano,3,216,3,4,2200000
Jardim Anaterra,3,67,2,1,240000
Colúmbia,3,80,2,1,379500
Centro,4,600,2,4,1700000
Jardim Roveri,3,185,4,3,670000
Jardim Maria Luiza,2,42,1,1,213000
Gleba Fazenda Palhano,3,69,1,2,500000
Gleba Fazenda Palhano,2,54,1,1,450000
Bela Suiça,2,51,1,1,330000
Brasília,3,150,1,2,400000
Gaion,3,80,1,2,515000
Conjunto Habitacional Maria Cecília Serrano de Oliveira,2,60,2,1,160000
Leonor,3,84,1,1,349590
Gleba Fazenda Palhano,3,81,2,2,760000
Aquilles Sthengel,2,100,1,1,250000
Parque Jamaica,3,99,2,3,639000
Igapó,3,80,1,2,320000
Centro,3,74,1,2,580000
Terra Bonita,3,71,2,2,600000
Jardim ltaparica,3,80,2,1,330000
Jardim Montecatini,1,76,2,2,340000
Aurora,2,69,1,2,470000
Jardim Tropical,3,68,1,1,295000
Brasília,3,130,2,2,460000
Vivendas do Arvoredo,3,104,2,3,980000
Vila Shimabokuro,3,130,1,2,250000
Gleba Fazenda Palhano,3,130,2,3,1190000
Terra Bonita,3,275,2,5,1150000
Gleba Fazenda Palhano,2,46,1,1,270000
Gleba Fazenda Palhano,3,130,2,2,1140000
Centro,3,86,2,2,760000
Vale dos Tucanos,3,86,2,2,595000
Jardim da Luz,3,78,2,3,280000
Vitória,3,116,2,3,490000
Gleba Fazenda Palhano,3,95,2,2,580000
Conjunto Café,2,60,1,1,190000
Lago Parque,4,250,3,5,990000
Olímpico,2,47,1,1,250000
Conjunto Habitacional José Garcia Molina,2,41,1,1,145000
Guanabara Parque Boulevard,3,104,2,3,1180000
Selva,3,200,5,3,720000
Vivendas do Arvoredo,4,330,4,5,3950000
Condomínio Royal Golf Residence,5,950,5,5,12000000
Ouro Verde,3,100,1,2,220000
Terra Bonita,3,70,1,1,570000
Ouro Branco,5,112,2,2,380000
Gleba Fazenda Palhano,1,53,1,2,595000
Brasília,3,138,2,2,390000
Áurea,3,74,2,2,340000
Monte Belo,3,120,2,3,690000
Cafezal,3,99,1,2,350000
Gleba Fazenda Palhano,3,130,2,2,998000
Centro,3,130,1,2,550000
Parque Jamaica,4,103,2,4,950000
Santa Rosa,3,127,2,4,1430000
Portal de Versalhes 1,3,122,2,1,470000
Terra Bonita,2,70,1,2,730000
Gleba Fazenda Palhano,2,62,1,2,660000
Parque Jamaica,3,230,2,3,1400000
Carnascialli,3,70,1,1,230000
Gleba Fazenda Palhano,3,124,3,2,1400000
Aurora,3,75,2,1,640000
Brasília,4,40,3,2,320000
Quebec,4,325,4,5,1450000
Centro,3,160,2,3,730000
Ernani Moura Lima,3,65,1,1,65000
Centro,1,27,1,1,235000
Centro,3,95,1,1,430000
Champagnat,3,57,1,1,325000
Brasília,2,86,2,1,275000
Gleba Fazenda Palhano,3,156,2,3,1600000
Centro,4,231,2,3,780000
Gleba Fazenda Palhano,3,165,2,4,1950000
Conjunto Parigot de Souza 3,3,117,2,2,450000
Gleba Fazenda Palhano,2,45,1,1,285000
Recanto do Salto,3,220,4,4,2800000
Antares,3,90,1,2,335000
Jardim Morumbi,2,53,1,1,349000
Centro,3,106,1,3,445000
Lima Azevedo,3,68,1,1,260000
Centro,2,46,1,1,295000
Conjunto Habitacional José Garcia Molina,2,105,2,2,290000
Vale dos Tucanos,5,299,5,5,3000000
Centro,5,323,5,3,1600000
Vila Brasil,2,54,1,2,330000
Residencial Veneza,3,228,1,2,337777
Gleba Fazenda Palhano,4,410,2,5,3600000
Jardim Ilha do Mel,4,188,5,2,650000
Gleba Fazenda Palhano,3,165,2,5,1599000
Jardim Morumbi,3,60,2,1,230000
Jardim Alvorada,4,403,3,5,2200000
Brasília,3,58,1,1,327000
Gleba Fazenda Palhano,2,45,1,1,270000
Terra Bonita,2,70,1,1,650000
Jardim Burle Marx,3,180,2,3,870000
Sabará III,3,95,1,1,380000
Rodocentro,2,57,1,1,170000
Esperança,4,297,5,5,2990000
Gleba Fazenda Palhano,3,75,1,2,545000
Conjunto Café,2,60,1,1,200000
Gleba Fazenda Palhano,3,112,2,3,1030000
Dom Pedro,4,115,4,3,690000
Gleba Fazenda Palhano,3,110,3,4,1200000
Colúmbia,2,50,1,1,195000
Jardim das Palmeiras,3,149,4,2,466000
Centro,4,227,2,5,810000
Brasília,3,140,2,1,360000
Esperança,3,170,2,2,398000
Conjunto Habitacional Santiago II,2,61,1,1,240000
Brasília,2,55,2,1,297000
Aurora,3,75,1,2,535000
Centro,3,172,1,3,450000
Jardim Nações Unidas,2,42,1,1,150000
Centro,3,128,2,3,1395000
Santa Rosa,3,246,3,5,3400000
Esperança,2,41,1,1,120882
Conjunto Cafezal 1,3,297,1,1,260000
Gleba Fazenda Palhano,3,95,2,2,360000
Jardim Londrilar,3,204,3,5,1550000
Brasília,3,70,2,2,372000
Brasília,3,108,1,4,743000
Gleba Fazenda Palhano,4,272,4,5,2920000
Conjunto Vivi Xavier,2,200,3,1,300000
Parque Jamaica,2,46,1,1,305990
Aurora,3,68,1,2,549000
Conjunto Habitacional José Garcia Molina,2,45,1,1,190000
Jardim Planalto,3,102,2,2,530000
Jardim Londrilar,3,131,2,3,750000
Bandeirantes,5,104,3,3,640000
Bela Vista,3,77,1,2,356000
Jardim Alvorada,3,190,4,2,850000
Gleba Fazenda Palhano,3,181,2,4,2500000
Aurora,3,69,1,2,430000
Jardim Honda 2,3,70,1,2,270000
Olímpico,2,55,1,1,280000
Brasília,2,76,1,2,280000
Centro,3,204,2,4,2595500
Gleba Fazenda Palhano,3,151,2,5,1850000
Gleba Fazenda Palhano,2,47,1,1,269000
Cláudia,2,72,4,1,400000
Gleba Fazenda Palhano,4,230,3,5,1700000
Cambezinho,3,103,2,1,220000
Centro,2,62,1,1,255000
Caiçaras,4,260,3,2,1700000
Gleba Ribeirão Limeiro,2,45,1,1,215000
Brasília,2,80,2,2,325000
Vale dos Tucanos,2,44,1,1,235000
Residencial Portal do Sol,3,83,1,1,320000
Nossa Senhora de Lourdes,3,76,2,1,220000
Santa Rosa,3,207,3,4,2800000
Jardim Tókio,3,197,3,3,645000
Cidade Industrial 2,2,57,2,1,270000
Brasília,2,54,1,1,281000
Brasília,3,75,1,1,298000
Centro,1,57,1,2,270000
Jardim Burle Marx,1,32,1,1,200000
Santa Rosa,3,245,3,5,2790000
Mediterrâneo,4,500,5,5,1950000
Gleba Simon Frazer,4,211,4,5,1990000
Jardim Higienópolis,3,55,1,1,500000
Progresso,3,101,2,2,350000
Portal de Versalhes 2,4,264,4,4,800000
Ernani Moura Lima,2,48,1,1,240000
Centro,3,74,1,2,580000
Judith,3,79,2,2,700000
Gleba Fazenda Palhano,3,120,2,4,1250000
Jardim Shangri-la A,3,69,1,2,500000
Gleba Fazenda Palhano,3,114,2,2,1250000
Jardim Guararapes,3,72,2,2,399460
Aurora,3,69,1,2,450000
Vila Brasil,3,65,1,1,399900
Vila Brasil,3,74,1,2,434000
Hedy,2,180,2,2,670000
Vila Filipin,2,59,2,1,185000
Jardim Nações Unidas,2,45,1,1,195000
Vila Ipiranga,3,76,2,2,340000
Centro,3,71,1,2,480000
Fraternidade,5,100,3,2,300000
Conjunto Professora Hilda Mandarino,2,60,1,1,250000
Centro,2,52,1,1,340000
Aurora,2,60,2,1,319000
Cidade Industrial 2,4,237,1,2,1680000
Bela Suiça,2,70,2,2,580000
Ouro Verde,3,120,3,1,280000
Gleba Fazenda Palhano,3,130,2,5,1250000
Jardim São Paulo,3,87,1,1,380000
Ouro Verde,4,190,4,2,600000
Jardim Adriana I,2,64,1,1,230000
Jardim das Américas,3,58,1,1,220000
Residencial Vila Romana,4,100,4,2,370000
Jardim Morumbi,3,170,2,3,640000
Centro,3,89,1,3,550000
Nova Olinda,2,51,1,1,120000
Centro,4,230,2,2,1600000
Colinas,3,88,1,2,350000
Gleba Fazenda Palhano,2,112,2,3,1180000
Jardim Central Park,2,50,1,1,185000
Jardim Jóquei Club,2,49,1,1,195000
Recanto do Salto,4,510,5,5,4250000
Jardim Tókio,3,275,4,5,950000
Bancários,2,43,1,1,105000
Kennedy,3,450,5,5,2200000
Gleba Fazenda Palhano,3,130,2,2,1070000
Heimtal,3,112,2,1,550000
Aurora,2,57,1,2,420000
Vila Ipiranga,2,74,1,2,300000
Aurora,3,133,2,3,1200000
Gleba Fazenda Palhano,3,127,2,3,1100000
Brasília,3,105,2,2,920000
Vivendas do Arvoredo,3,210,4,5,3750000
Residencial Abussafe II,2,116,1,1,575000
Jardim Maria Luiza,2,45,1,1,138000
Terra Bonita,2,70,1,1,899990
Brasília,3,190,4,4,1250000
Jardim Morumbi,2,55,1,1,290000
Marumbi,2,57,1,1,140000
Jardim Maria Celina,3,55,2,1,160000
Colúmbia,3,134,2,3,450000
Brasília,3,64,1,2,438000
Jardim Atlanta,2,70,2,1,200000
Jardim Indianápolis,3,216,1,1,600000
Centro,4,153,2,3,530000
Esperança,5,330,4,5,3500000
Brasília,3,226,3,4,1090000
Olímpico,3,56,1,1,277000
Quebec,3,270,4,4,900000
Alto da Colina,1,26,1,1,145000
Vila Filipin,2,50,1,2,220000
Aurora,2,50,1,1,385000
Parque Jamaica,2,60,1,2,390000
Parque Jamaica,3,66,1,2,290000
Jardim São Paulo II,2,48,1,1,165000
Cidade Industrial 2,2,45,1,1,230000
Guanabara Parque Boulevard,3,104,2,2,1100000
Jardim Tarumã,3,150,4,2,580000
Panorama,3,314,1,1,800000
Gleba Fazenda Palhano,2,45,1,1,280000
Jardim Montecatini,3,260,4,1,2450000
Ideal,3,137,1,1,320000
Centro,5,241,3,5,690000
Colúmbia,3,100,2,2,456000
Quebec,5,1200,5,5,4500000
Quebec,1,350,3,1,2390000
Gleba Fazenda Palhano,3,75,2,2,750000
Santa Rosa,1,368,3,5,2200000
Gleba Fazenda Palhano,2,120,2,2,1050000
São Vicente,3,65,1,1,450000
Gleba Fazenda Palhano,3,139,2,4,1600000
Centro,3,106,1,3,380000
Bancários,5,232,1,5,798000
Esperança,3,202,4,4,2500000
Gleba Fazenda Palhano,3,80,2,2,740000
Jardim Continental,3,180,2,2,590000
Jardim Agari,3,97,1,3,490000
Centro,4,467,2,1,1700000
Terra Bonita,2,80,1,2,904000
Jardim América,2,57,1,2,245000
Gleba Fazenda Palhano,3,99,2,2,900000
Gleba Fazenda Palhano,1,47,1,1,490000
Ernani Moura Lima,2,141,2,1,297000
Brasília,2,67,1,1,195000
Recanto do Salto,5,480,3,1,4500000
Brasília,2,156,4,2,1250000
São Vicente,2,54,1,2,250000
Gleba Fazenda Palhano,3,130,3,4,1490000
Parque Jamaica,3,112,2,3,650000
Cidade Industrial 2,2,42,1,1,190000
Dom Pedro,4,390,3,4,950000
Cafezal,3,130,3,3,560000
Aurora,2,55,1,1,360000
Santa Rosa,3,207,3,4,2350000
Gleba Fazenda Palhano,2,124,2,3,1316000
Gleba Fazenda Palhano,2,72,1,2,780000
Santa Rosa,3,323,4,4,3850000
Conjunto Café,3,143,4,4,1020000
Gleba Fazenda Palhano,3,113,2,3,850000
Gleba Fazenda Palhano,2,62,1,2,665000
Cafezal,3,100,2,2,580000
Gleba Fazenda Palhano,2,60,1,2,590000
Brasília,2,50,1,1,184140
Colinas,2,80,2,1,350000
Parque Residencial Joaquim Toledo Piza,4,140,3,3,375000
Santa Rosa,3,323,4,3,3800000
Gleba Fazenda Palhano,3,87,1,2,860000
Califórnia,3,181,4,3,750000
Brasília,2,75,1,2,658000
Residencial Professora Madalena Cardoso,3,63,1,1,180000
Jardim das Américas,3,57,1,1,200000
Vitória,3,84,1,3,450000
Residencial José B Almeida,3,250,4,3,650000
Esperança,3,213,5,2,2000000
Bela Vista,3,77,1,2,310000
Gleba Fazenda Palhano,2,78,2,2,710000
Gleba Fazenda Palhano,3,87,1,2,928020
Centro,2,65,1,2,220000
Conjunto Residencial Itamaraty,3,72,1,1,180000
Jardim Vale Verde,3,80,2,2,350000
Jardim Higienópolis,3,101,1,3,490000
Centro,3,114,2,3,550000
Gleba Fazenda Palhano,2,45,1,1,290000
Jardim Alemanha,3,110,2,2,220000
Dom Bosco,3,266,3,5,2700000
Vila Ziober,3,61,1,1,220000
Gleba Fazenda Palhano,3,112,2,2,1115000
San Fernando,3,265,5,4,1150000
Leonor,3,130,4,3,400000
São Pedro,3,106,2,2,480000
Jardim América,3,67,1,2,385000
Jardim Jóquei Club,2,41,1,1,185000
Esperança,3,170,4,4,1550000
Paraíso,2,47,1,1,140000
Igapó,3,68,1,1,320000
Parque Residencial Joaquim Toledo Piza,2,130,3,1,300000
Santa Rosa,3,323,4,5,4250000
Leonor,3,215,2,3,590000
Caiçaras,3,73,1,2,450000
Jardim Moema,2,82,2,1,270000
Judith,3,79,1,2,670000
Gleba Fazenda Palhano,2,103,2,3,995000
Leonor,2,46,1,1,180000
Jardim São Jorge,5,600,4,5,6000000
Brasília,2,140,4,3,999000
Centro,4,339,2,5,1300000
Alto da Colina,1,26,1,1,132500
Jardim Montecatini,2,69,2,1,305000
Bancários,3,320,4,4,1800000
Terra Bonita,3,73,1,2,485000
Brasília,3,110,2,3,504000
Gleba Fazenda Palhano,3,216,4,5,2500000
Jardim Morumbi,3,57,1,1,200000
Centro,4,404,3,5,2150000
Colinas,2,45,1,1,215000
Gleba Fazenda Palhano,2,47,1,1,260000
Brasília,3,69,1,2,640000
Vila Filipin,2,50,2,1,185000
Jardim Agari,2,56,1,2,450000
Monte Belo,3,186,5,2,1120000
Gleba Fazenda Palhano,3,111,2,3,1250000
Leonor,2,63,4,1,274560
Jardim Barra Forrest,3,145,2,2,450000
Vitória,3,60,1,2,385000
Brasília,3,150,2,2,590000
Centro,3,86,2,2,810000
Alto da Boa Vista,3,180,2,3,430000
Jacutinga,2,62,2,1,280000
Ideal,3,69,1,1,220000
Gleba Fazenda Palhano,3,190,4,5,1990000
Bela Suiça,3,232,4,4,2850000
Esperança,4,180,4,3,1590000
Jardim Colúmbia D,2,60,1,1,250000
Aurora,3,75,2,2,640000
Vivendas do Arvoredo,4,395,4,5,5850000
Brasília,2,44,1,1,145000
Brasília,2,44,1,1,146000
Recanto do Salto,5,360,3,5,3500000
Jardim Belo Horizonte,3,175,4,3,755000
Residencial Abussafe,3,93,2,2,460000
Bandeirantes,2,10,2,1,480000
Gleba Fazenda Palhano,3,183,2,5,1900000
Gleba Fazenda Palhano,3,81,2,2,750000
Leonor,2,46,1,1,180000
Quebec,5,460,4,5,3200000
Santa Rosa,3,100,2,2,1190000
Ernani Moura Lima,3,145,2,2,320000
Selva,2,67,1,1,194100
Califórnia,3,90,1,2,480000
Centro,3,170,2,3,750000
Jardim São Tomás,3,164,2,2,440000
Jardim Alvorada,3,185,4,4,798000
Mediterrâneo,4,500,5,5,1950000
Terra Bonita,3,73,1,2,530000
Pacaembu,3,226,4,4,1090000
Conjunto Habitacional Santiago II,3,55,1,1,295000
Terra Bonita,3,69,1,2,580000
Gleba Simon Frazer,2,80,2,2,449180
Jardim Neman Sahyun,3,140,2,2,650000
Santa Rosa,3,87,1,2,774000
Caravelle,3,278,2,4,1200000
Gleba Fazenda Palhano,3,221,4,5,2499000
Andrade,3,71,1,2,300000
Maria Lúcia,3,104,2,1,350000
Esperança,4,160,2,1,1590000
Centro,3,101,1,3,380000
Loteamento Chamonix,3,190,3,3,880000
Jardim Jóquei Club,2,48,1,1,260000
Gleba Fazenda Palhano,3,114,2,1,1550000
Jardim Tókio,2,70,1,2,280000
Centro,2,64,1,1,215000
Ideal,3,160,2,1,770000
Centro,4,417,2,3,1740000
Terra Bonita,3,69,1,2,555000
Jardim Burle Marx,4,298,4,5,1400000
Bela Suiça,2,70,2,2,550000
Panorama,3,109,1,2,240000
Jardim Santa Alice,2,90,3,1,418000
Santa Rosa,3,245,4,3,2700000
Esperança,5,710,5,5,10000000
Jardim Lolata,3,251,1,2,870000
Vila Brasil,2,66,1,1,358000
Gleba Fazenda Palhano,2,72,2,2,590000
São Lourenço,3,141,3,1,350000
Vila Larsen 1,2,56,1,2,300000
Santa Rosa,3,183,2,5,1950000
Centro,2,68,1,1,220000
Lago Parque,4,197,4,3,815000
Franca,2,44,1,1,90000
Jardim Aliança,3,76,1,1,320000
Vila Casoni,3,83,1,1,170000
Gleba Fazenda Palhano,3,126,2,3,1395000
Centro,2,45,1,1,250000
Brasília,3,98,2,2,585000
Nossa Senhora de Lourdes,3,75,1,2,240000
Terra Bonita,2,69,1,2,639000
Jardim Nova Londrina,5,421,5,5,2250000
Centro,2,70,1,1,230000
Jardim Bandeirantes,3,68,1,1,181000
Gleba Fazenda Palhano,3,88,2,2,890000
Gleba Fazenda Palhano,3,167,2,5,1900000
Conjunto Habitacional Alexandre Urbanas,3,146,4,2,1180000
San Fernando,3,150,1,1,250000
Jardim do Sol,2,74,1,2,690000
Parque Jamaica,4,246,2,3,1500000
Tucano,4,510,2,5,1500000
Jardim Neman Sahyun,3,90,4,2,590000
Terras de Santana II,3,184,2,4,1400000
Bancários,3,105,1,1,390000
Jardim Maria Celina,3,79,1,2,279280
Cinco Conjuntos,2,117,2,1,250000
Brasília,4,200,4,3,680000
Vivendas do Arvoredo,5,350,3,5,4990000
Tucano,4,410,4,5,2000000
Santa Rosa,3,76,1,1,620000
Jardim Prefeito Milton Menezes,3,90,1,1,420000
Santa Rosa,3,324,4,5,3850000
Jardim Império do Sol,2,57,1,1,240000
Pinheiros,4,276,4,3,1000000
Gleba Fazenda Palhano,3,66,1,2,600000
Jardim Morumbi,2,53,1,1,349000
Gleba Ribeirão Limeiro,2,48,1,1,280000
Residencial José Lázaro Gouvea,3,70,1,2,490000
Operária,3,262,4,4,2450000
Gleba Fazenda Palhano,3,81,1,2,710000
Brasília,2,45,1,1,178500
Centro,3,89,1,3,360000
Gleba Fazenda Palhano,3,233,2,4,2734000
Gleba Fazenda Palhano,2,47,1,1,309130
Gleba Ribeirão Limeiro,2,49,1,1,260000
Nova Olinda,3,81,1,2,310000
Gleba Fazenda Palhano,2,54,1,1,359000
Pacaembu,2,56,1,2,370000
Brasília,3,180,4,4,1650000
Leonor,3,78,1,1,275000
Brasília,2,112,2,2,270000
Jardim Neman Sahyun,3,180,2,2,350000
Portal de Versalhes 2,3,201,3,2,500000
Vila Larsen 1,3,70,1,1,299000
Alto da Boa Vista,2,60,1,1,210000
Jardim Tropical,2,85,1,1,320000
Esperança,3,270,4,5,1790000
Residencial Santa Clara,3,200,4,3,1250000
Gleba Fazenda Palhano,2,43,1,1,180000
Jardim Guaporé,5,210,2,4,890000
Jardim Londrilar,3,146,2,3,1550000
Jardim das Américas,3,82,1,2,407000
Colúmbia,3,88,2,2,480000
Gleba Fazenda Palhano,3,79,2,2,629000
Vitória,1,104,1,1,220000
Vila Ipiranga,3,60,1,1,230000
Gleba Fazenda Palhano,3,79,2,2,599000
Monte Belo,3,180,4,3,550000
Gleba Fazenda Palhano,2,46,1,1,250000
Jardim Nações Unidas,3,56,1,1,170000
Cidade Industrial 2,2,44,1,1,159000
Jardim Palermo,3,127,1,3,480000
Centro,3,177,1,3,480000
Centro,3,90,2,3,550000
Gleba Fazenda Palhano,3,112,2,4,1220000
Gleba Simon Frazer,3,230,4,2,1800000
Jardim Bandeirantes,2,54,1,1,155000
Gleba Fazenda Palhano,4,230,3,4,1710000
Jardim Higienópolis,3,90,1,2,310000
Brasília,2,140,4,3,999000
Gleba Fazenda Palhano,3,122,2,2,1120000
Centro,3,76,1,2,590000
Heimtal,3,112,2,3,585000
Residencial José Lázaro Gouvea,3,228,4,5,2600000
Vila Brasil,2,54,1,2,380000
Gleba Fazenda Palhano,2,58,1,2,670000
Jardim Moema,2,82,2,1,270000
Gleba Fazenda Palhano,4,238,3,5,2950000
Jardim Burle Marx,3,140,3,3,1250000
Jardim Burle Marx,4,205,4,2,1200000
Gleba Fazenda Palhano,3,163,2,3,1200000
Gleba Simon Frazer,3,88,2,1,420000
Gleba Fazenda Palhano,3,74,2,2,760000
Colinas,2,54,1,1,207000
Gleba Fazenda Palhano,2,122,2,2,1290000
Terra Bonita,4,333,4,4,2000000
Jardim Adriana I,3,70,1,2,350000
Igapó,3,90,1,2,350000
Brasília,3,98,2,2,545000
Califórnia,3,118,1,2,620000
Jardim Higienópolis,4,97,1,3,370000
Gleba Fazenda Palhano,3,115,2,3,980000
Conjunto Vivi Xavier,3,150,2,2,260000
Gleba Fazenda Palhano,3,83,2,2,750000
Santa Rosa,3,207,3,4,2350000
Nossa Senhora de Lourdes,2,75,1,1,185000
Gleba Fazenda Palhano,3,155,2,5,1700000
Gleba Fazenda Palhano,2,85,2,3,925000
Ideal,3,87,1,1,371000
Maria Lúcia,2,68,2,1,220000
Jardim Nações Unidas,2,50,1,1,180000
Aurora,2,75,1,2,585000
Lago Parque,4,360,3,5,1450000
Aurora,2,64,1,2,550000
Brasília,2,82,2,2,375000
Esperança,3,282,4,4,2215000
Gleba Fazenda Palhano,3,85,2,2,850000
Conjunto Cafezal 1,3,132,2,2,249500
Brasília,3,173,3,2,425000
Jardim Palermo,3,104,1,3,475000
Esperança,5,527,3,5,5800000
Campo Belo,4,98,1,3,355000
Rodocentro,2,50,1,1,134000
Jardim Adriana I,3,72,1,2,350000
Centro,3,90,1,3,560000
Conjunto Semiramis Barros Braga,3,150,1,2,300000
Brasília,2,86,1,1,330000
Recanto do Salto,4,270,2,5,2900000
Vitória,3,84,1,2,450000
Ouro Verde,2,70,1,1,165000
Santa Rosa,3,207,3,4,2400000
Centro,4,231,2,5,890000
Franca,5,398,5,5,2000000
Gleba Fazenda Palhano,2,62,1,2,699000
Igapó,3,55,1,1,185000
Centro,3,167,2,4,840000
Centro,3,86,2,2,850000
Rodocentro,2,50,1,1,145000
Terra Bonita,2,62,1,2,718000
Gleba Fazenda Palhano,2,75,2,2,780000
Brasília,2,76,2,1,324000
Bandeirantes,3,72,2,2,365000
Centro,3,90,1,3,445000
Gleba Fazenda Palhano,3,130,2,2,1190000
Terra Bonita,3,225,4,3,1700000
Gleba Fazenda Palhano,3,278,2,5,1849330
Leonor,3,250,2,1,260000
São Pedro,3,167,5,3,650000
Esperança,4,540,5,5,3785000
Jardim Maria Celina,2,49,1,1,139000
Jardim Higienópolis,3,102,1,2,480000
Ideal,2,45,1,1,215000
Gleba Fazenda Palhano,2,46,1,1,270000
Jardim Itália,3,175,4,3,650000
Aurora,3,75,1,2,699000
Jardim São Jorge,3,159,2,4,1753000
Gleba Fazenda Palhano,3,99,2,2,880000
Brasília,2,100,2,1,320000
Pinheiros,3,166,3,3,720000
Terra Bonita,3,230,2,4,1650000
Vila Filipin,2,48,1,1,179000
Centro,2,67,1,1,435000
Vila Larsen 1,3,90,1,3,350000
Brasília,4,205,4,4,700000
Brasília,3,60,2,1,363000
Recanto do Salto,3,308,4,5,3800000
Nossa Senhora de Lourdes,3,76,1,2,265000
Gleba Fazenda Palhano,1,48,1,1,539000
Vila Ziober,3,85,1,2,190000
Colúmbia,3,84,2,1,490000
Esperança,4,700,5,5,9900000
Bela Suiça,4,333,4,5,4000000
Brasília,3,130,2,3,690000
Esperança,4,700,5,5,9900000
Santa Rosa,3,207,3,4,2290000
Monte Belo,3,105,2,2,670000
Terra Bonita,3,73,1,2,450000
Conjunto Habitacional Alexandre Urbanas,3,145,4,1,1099000
Colúmbia,3,79,1,1,370000
Santa Mônica,5,280,5,3,799000
Conjunto Habitacional Doutor Farid Libos,2,47,1,1,150000
Jardim Maria Celina,1,47,1,1,135000
Olímpico,2,45,1,1,199000
Gleba Fazenda Palhano,3,130,2,5,1450000
Terra Bonita,3,84,2,2,950000
Gleba Ribeirão Limeiro,2,45,1,1,210000
Portal de Versalhes 1,3,83,1,3,350000
Paraíso,2,47,1,1,150000
Conjunto Habitacional Alexandre Urbanas,3,147,4,2,1280000
Jardim Montecatini,2,76,2,2,315000
Gleba Fazenda Palhano,4,275,4,5,2900000
Leonor,3,100,2,1,350000
Esperança,5,362,4,5,2950000
Bela Suiça,3,232,4,4,2850000
Luiz de Sá,2,120,2,3,300000
Gleba Fazenda Palhano,3,167,2,5,2500000
Jardim dos Estados,2,80,1,2,329630
Petrópolis,4,172,4,3,750000
Jardim dos Estados,2,80,1,2,320000
Cidade Industrial 2,2,41,1,1,220000
Conjunto Habitacional Alexandre Urbanas,3,175,2,2,477000
Indústrias Leves,3,159,2,2,1030000
Brasília,2,93,2,2,395000
Parque Residencial Joaquim Toledo Piza,3,112,1,2,300000
Centro,3,88,2,2,820000
Paraíso,2,70,2,1,250000
Alto da Colina,1,43,1,1,140000
Aurora,3,74,1,2,630000
Monte Belo,3,166,4,2,550000
Loteamento Chamonix,3,78,1,2,420000
Santa Rosa,3,182,2,5,2180000
Califórnia,3,120,3,4,750000
Parque Jamaica,3,71,1,2,490000
Jardim do Lago,3,81,1,2,680000
Petrópolis,3,248,2,5,1610000
Terra Bonita,2,120,3,1,560000
Bancários,3,259,4,2,1290000
Vivendas do Arvoredo,4,489,4,5,5100000
Mediterrâneo,5,380,4,5,1600000
Centro,3,214,2,1,850000
Brasília,2,55,1,1,456000
Gleba Fazenda Palhano,3,64,1,2,550000
Quebec,5,1100,5,5,5000000
Parque Jamaica,3,112,2,1,650000
Brasília,3,129,3,3,550000
Residencial Abussafe,3,99,2,3,510000
Jardim ltaparica,3,84,4,2,300000
Jardim Alvorada,5,263,4,4,820000
Ideal,4,192,2,5,1200000
Olímpico,3,126,2,3,945000
Gleba Fazenda Palhano,3,69,1,2,520000
Aurora,3,63,1,2,445000
Esperança,3,168,4,4,1650000
Marabá,3,220,4,3,500000
Esperança,3,140,4,2,1250000
Jardim Pequena Londres,3,79,1,2,335000
Cidade Industrial 2,2,45,1,1,190000
Heimtal,3,80,2,2,390000
Canaã,3,393,3,3,1300000
Terra Bonita,2,70,1,2,780000
Jardim Morumbi,2,80,1,2,250000
Centro,4,232,2,5,890000
Residencial José Lázaro Gouvea,3,69,2,2,510000
Gleba Fazenda Palhano,2,69,2,2,560000
Aurora,3,69,1,2,460000
Gleba Fazenda Palhano,3,164,2,5,1199000
Jardim Higienópolis,3,300,3,3,1250000
Brasília,2,43,1,1,181000
Esperança,4,450,4,5,3250000
Santa Rosa,3,104,2,3,1230000
Conjunto Residencial Marajoara,2,45,1,1,180000
Conjunto Farid Libos,2,81,2,2,280500
Jardim Aliança,3,105,2,2,330000
Conjunto Vivi Xavier,3,92,2,2,355000
Nossa Senhora de Lourdes,2,53,1,2,200000
Centro,3,70,1,2,790000
Conjunto Habitacional Doutor Farid Libos,2,46,1,1,245000
Gleba Fazenda Palhano,2,62,1,2,570000
Colina Verde,3,300,5,5,3000000
Leonor,3,88,4,3,389000
Jardim São Jorge,3,119,2,2,1000000
Jardim Higienópolis,3,75,1,2,315000
Paraíso,2,45,1,1,170000
Conjunto Residencial Vivendas do Arvoredo,3,220,3,1,750000
Bandeirantes,3,178,4,3,1300000
Jardim Maria Luiza,2,124,1,1,349830
Conjunto Habitacional João Turquino,2,45,1,1,180000
Centro,3,110,1,3,600000
Conjunto Habitacional Santiago II,4,97,1,4,410000
San Fernando,3,150,2,2,490000
Santa Rosa,3,104,2,2,950000
Iguaçu,4,540,5,5,2250000
Brasília,2,68,1,1,275000
Andes,3,130,2,2,389820
Brasília,3,65,2,2,385000
Brasília,3,230,4,4,1599000
Santa Rosa,1,52,1,2,550000
Bandeirantes,3,80,2,2,360000
Antares,3,97,1,2,480000
Kennedy,3,342,2,2,1450000
Leonor,2,46,1,1,139000
Gleba Fazenda Palhano,3,68,2,1,430000
Parque Jamaica,3,69,1,1,340000
Centro,3,89,1,2,370000
Centro,4,405,3,5,3000000
Conjunto Habitacional Milton Gavetti,2,120,1,1,150000
Champagnat,3,330,5,3,1150000
Brasília,3,147,2,4,1220000
Três Marcos,3,94,2,2,380000
Brasília,4,400,3,3,1385000
Leonor,3,78,1,1,285000
Bancários,3,258,4,4,1290000
Gleba Fazenda Palhano,3,221,2,4,2600000
Vila Ipiranga,2,120,1,1,280000
Jardim Aliança,2,185,1,1,89000
Gleba Fazenda Palhano,3,79,2,2,580000
Waldemar Hauer,5,400,3,5,1550000
Aurora,2,52,1,1,420000
Jardim Portal de Itamaracá,3,154,1,2,505000
Centro,2,65,1,1,239000
Vale dos Tucanos,3,65,1,2,297000
Conjunto Farid Libos,3,129,1,1,270000
Jacomo Violin,3,231,5,4,1000000
Armindo Guazzi,3,110,2,1,625000
Jardim Morumbi,2,50,1,1,290000
Andrade,4,196,4,4,770000
Parque Jamaica,3,70,1,2,500000
Jardim Santa Alice,3,69,2,1,350000
Centro,3,59,2,5,750000
Vila Larsen 1,3,89,1,2,340000
Vila Ipiranga,3,70,1,2,535000
Residencial Abussafe,3,83,1,2,435000
Brasília,2,60,1,1,150000
Gleba Fazenda Palhano,1,48,1,1,650000
Andrade,4,441,5,4,1500000
Centro,3,86,2,2,720000
Jardim das Américas,2,57,1,1,230000
Centro,4,405,3,5,1900000
Gleba Fazenda Palhano,4,363,4,5,3990000
Conjunto Habitacional Doutor Farid Libos,2,48,1,1,163000
Centro,3,150,2,3,890000
Gleba Ribeirão Limeiro,2,44,1,1,225000
Centro,3,63,1,2,280000
Loteamento Chamonix,3,81,1,2,435000
Residencial Vila Romana,3,230,5,4,2290000
Colinas,2,88,1,1,290000
Recanto do Salto,4,369,4,2,3950000
Conjunto Semiramis Barros Braga,3,183,3,3,550000
Brasília,3,70,2,2,600000
Gleba Fazenda Palhano,3,85,2,2,850000
Gleba Fazenda Palhano,3,96,2,3,598000
Centro,4,417,2,1,1500000
Centro,3,86,2,1,850000
Condomínio Vale do Arvoredo,4,240,4,3,1600000
Gleba Fazenda Palhano,3,130,2,3,1190000
Jardim Morumbi,3,63,1,1,380000
Brasília,2,55,1,1,456000
Parque Residencial Joaquim Toledo Piza,4,170,2,2,450000
Olímpico,2,183,4,1,1250000
Jardim Morumbi,2,56,1,2,219000
Brasília,2,47,1,1,234000
Conjunto Habitacional Doutor Farid Libos,2,43,1,1,187000
Jardim Morumbi,3,197,2,4,1450000
Aurora,3,68,1,2,565000
Conjunto Habitacional Alexandre Urbanas,3,140,4,4,1190000
Gleba Fazenda Palhano,2,78,2,2,750000
Vila Rica,3,170,3,2,370000
Jardim Aliança,3,100,1,1,250000
Leonor,3,130,3,2,560000
Gleba Fazenda Palhano,3,78,2,2,585000
Brasília,3,160,4,2,390000
Centro,3,122,1,3,350000
Centro,2,51,1,1,340000
Jardim do Lago,3,217,3,5,1750000
Gleba Fazenda Palhano,2,114,2,2,1350000
Vila Ipiranga,2,56,1,1,349900
Vila Larsen 1,2,63,2,2,450000
Jardim Central Park,3,143,4,5,785000
Gleba Fazenda Palhano,3,110,2,2,1200000
Vila Siam,3,69,1,2,525000
Lagoa Dourada,3,110,1,1,590000
Jardim do Sol,3,111,1,3,1400000
Alpes,3,80,2,2,449410
Monte Belo,5,230,4,3,750000
Conjunto Habitacional Alexandre Urbanas,3,153,4,5,1220000
Jardim Nova Esperança,2,70,1,1,100000
Conjunto Habitacional Violim,3,172,2,2,270000
Igapó,3,159,2,4,360000
Centro,3,138,2,3,650000
Nova,5,173,1,2,480000
Gleba Fazenda Palhano,1,45,1,2,535000
Gleba Fazenda Palhano,3,151,2,5,2000000
Residencial Abussafe,3,70,2,1,320000
Santa Rosa,3,103,2,2,1180000
Santa Rosa,3,127,2,4,1378000
Estância Santa Paula,2,230,2,2,1890000
Santa Rita 2,3,54,1,1,160000
Andrade,3,72,1,2,530000
Centro,3,106,1,3,380000
Waldemar Hauer,4,142,2,3,350000
Brasília,2,60,1,1,243000
Jardim Londrilar,4,136,1,2,340000
Gleba Fazenda Palhano,2,46,1,1,320000
Ideal,3,80,2,1,310000
Jardim Santa Cruz,3,57,1,1,165000
Jardim Império do Sol,3,127,2,2,495000
Gleba Fazenda Palhano,2,46,1,1,285000
Jardim Pérola,3,115,2,2,650000
Leonor,3,110,4,2,450000
Gleba Fazenda Palhano,3,216,3,5,2340000
Conjunto Professora Hilda Mandarino,3,100,2,2,425000
São Lourenço,3,200,5,1,400000
Vitória,3,150,2,4,930000
Jardim Maria Celina,3,91,1,2,250000
Centro,3,94,1,2,430000
Terra Bonita,3,69,2,2,560000
Jardim Agari,3,75,1,2,335000
Residencial Professora Madalena Cardoso,3,63,1,1,185000
Brasília,3,100,2,2,530000
Brasília,3,58,2,2,308000
Champagnat,3,58,1,1,399900
Gleba Fazenda Palhano,3,98,2,2,1100000
Conjunto Habitacional Doutor Farid Libos,2,47,1,1,170000
Shangri-lá,3,82,1,2,380000
Vivendas do Arvoredo,4,310,2,5,3500000
Alto da Colina,1,17,1,1,127000
Olímpico,2,55,1,2,369000
Brasília,2,51,1,1,340000
São Lourenço,4,162,2,2,380000
Conjunto Habitacional Jamile Dequech,3,95,2,2,160000
Gleba Fazenda Palhano,4,340,3,5,5164000
Gleba Fazenda Palhano,3,139,2,5,1600000
Gleba Fazenda Palhano,2,46,1,1,318000
Nossa Senhora de Lourdes,3,150,1,1,295000
Gleba Fazenda Palhano,1,45,1,1,580000
Portal de Versalhes 1,1,208,2,3,985000
Igapó,3,87,3,1,430000
Gleba Fazenda Palhano,1,58,1,1,700000
Cafezal,3,70,2,1,210000
Jardim Imagawa,4,270,1,5,1200000
Jardim Presidente,3,71,2,2,735000
Vila Larsen 1,3,109,1,2,300000
Guanabara Parque Boulevard,3,104,2,3,1099710
Gleba Fazenda Palhano,2,45,1,1,269000
Jardim América,3,130,2,3,649900
Vila Filipin,2,55,1,1,210000
Gleba Fazenda Palhano,3,155,2,5,1950000
Gleba Fazenda Palhano,3,83,2,2,785000
Centro,2,57,1,2,450000
Centro,3,81,2,2,680000
Judith,3,126,2,3,860000
Brasília,3,164,2,3,750000
Terra Bonita,2,62,1,2,560000
Jardim Maria Luiza,2,45,1,1,160000
Recanto do Salto,3,280,3,5,3490000
Centro,3,204,3,5,1260000
Colúmbia,3,81,2,2,335000
Portal de Versalhes 1,3,168,4,3,700000
Gleba Fazenda Palhano,3,236,3,5,3100000
Condomínio Vale do Arvoredo,4,240,2,4,1450000
Jardim Belo Horizonte,3,80,1,2,320000
Brasília,3,90,2,2,439000
Santa Mônica,2,181,2,3,690000
Jardim Nações Unidas,2,45,1,1,235000
Brasília,3,57,1,1,220000
Residencial Professora Madalena Cardoso,2,45,1,1,150000
Brasília,3,180,2,2,594000
Gleba Fazenda Palhano,3,79,1,1,595000
Jardim América,3,74,2,2,290000
Gleba Fazenda Palhano,2,47,1,1,400000
Esperança,4,351,5,5,3500000
Esperança,4,290,2,5,2750000
Centro,3,90,1,2,430000
Esperança,4,360,4,5,3200000
Conjunto Habitacional José Giordano,4,150,4,2,299000
Jardim Tabapuã,2,55,1,1,155000
Gleba Fazenda Palhano,3,122,2,3,1550000
Jardim do Lago,3,213,2,2,1750000
Centro,2,56,1,1,180000
Santa Mônica,3,212,3,2,600000
Gleba Fazenda Palhano,2,44,1,1,240000
Alto da Boa Vista,2,99,1,1,277777
Jardim Morumbi,2,44,1,1,199000
Jardim Europa,3,97,1,2,215000
Gleba Fazenda Palhano,4,300,4,5,4250000
Tucano,5,631,4,5,4500000
Conjunto Habitacional Mister Thomas,3,200,3,2,320000
Santa Rosa,3,127,2,4,1500000
Heimtal,3,102,2,2,470000
Gleba Fazenda Palhano,3,112,2,2,1100000
Califórnia,3,116,1,1,460000
Ouro Verde,2,45,1,1,175000
Jardim Maria Celina,2,47,1,1,220000
Conjunto Café,2,80,1,2,310000
Gleba Fazenda Palhano,3,110,4,4,1170000
Jardim Palermo,3,127,1,3,480000
Jardim Albatroz,3,150,2,3,500000
Califórnia,3,222,5,3,850000
Boa Vista,2,124,5,2,420000
Terras de Santana II,3,300,4,5,3130000
Califórnia,3,250,5,2,900000
Jacutinga,3,70,1,2,264000
Esperança,4,280,4,5,3500000
Centro,3,92,2,2,445000
Conjunto Habitacional José Garcia Molina,2,58,2,1,250000
Jardim Belém,2,120,1,1,350000
Vivendas do Arvoredo,5,470,4,5,7500000
Bela Suiça,3,156,2,4,1700000
Boa Vista,5,250,2,3,750000
Conjunto Habitacional Doutor Farid Libos,2,46,1,1,180000
Granville Parque Residencial,3,215,2,3,1229000
Brasília,3,186,4,5,1600000
Vila Filipin,2,50,1,2,230000
Recanto do Salto,5,360,4,5,3500000
Gleba Fazenda Palhano,2,64,1,2,589210
Nova Olinda,3,141,3,3,450000
Centro,3,150,4,5,1445000
Coliseu,3,285,4,4,800000
Residencial José B Almeida,1,70,1,2,270000
Santos Dumont,3,219,2,1,790000
Leonor,3,78,2,1,340000
Parque Jamaica,3,138,2,3,650000
Vivendas do Arvoredo,3,192,2,4,2650000
Centro,3,184,2,4,780000
Ideal,2,43,1,1,230000
São Lourenço,3,117,4,1,178000
Marumbi,4,191,4,4,1390000
Jardim do Lago,3,215,2,4,1680000
Aurora,2,64,1,2,580000
Dom Pedro,3,131,2,3,785000
Gleba Fazenda Palhano,3,81,2,2,730000
Brasília,4,102,1,2,350000
Gleba Fazenda Palhano,3,181,2,5,2790000
Residencial Professora Madalena Cardoso,1,63,1,1,210000
Centro,1,68,1,1,200000
Cafezal,3,100,2,3,450000
Jardim São Jorge,4,351,3,5,3900000
Recanto do Salto,3,286,3,5,3200000
Centro,4,451,2,5,1200000
Alpes,3,175,3,3,580000
Jardim Nações Unidas,2,49,1,1,170000
Gleba Fazenda Palhano,2,77,1,2,670000
Gleba Fazenda Palhano,2,47,1,1,318000
Universitário,3,261,5,2,1290000
Brasília,3,83,2,3,320000
Centro,3,89,1,2,350000
Bandeirantes,5,104,3,3,640000
Conjunto Café,3,62,1,1,200000
Residencial Santa Clara,3,114,4,2,930000
Conjunto Habitacional Doutor Farid Libos,2,45,1,1,168000
Andes,3,150,2,2,495000
Olímpico,3,77,1,2,380000
Brasília,2,65,2,2,535000
Gleba Fazenda Palhano,3,75,2,2,670000
Terra Bonita,3,73,1,2,450000
Centro,2,56,1,2,220000
Gleba Fazenda Palhano,2,82,2,2,790000
Vila Casoni,2,54,1,1,190000
Brasília,3,60,1,1,300000
Jardim Tókio,3,70,1,1,280000
Jardim Londrilar,3,146,2,2,850000
Centro,1,47,2,1,460000
Jardim Alemanha,2,68,1,1,185000
Jardim América,3,200,3,2,650000
Armindo Guazzi,2,103,1,2,450000
Recanto do Salto,5,360,5,5,3500000
Centro,3,122,2,3,750000
Ouro Verde,2,45,1,1,163000
Centro,3,76,1,1,250000
Terras de Santana II,3,185,4,4,1690000
Jardim Itatiaia 1,4,574,4,5,2800000
Jardim Monte Sinai,3,84,2,1,350000
Condomínio Vale do Arvoredo,4,240,4,5,1400000
Centro,1,24,1,1,230000
Esperança,3,210,2,3,1900000
Gleba Fazenda Palhano,3,114,2,3,1250000
Terra Bonita,2,70,1,2,630000
Igapó,3,54,1,1,168000
Centro,3,116,1,2,510000
Leonor,2,110,1,1,270000
Jardim Paris,3,67,1,1,170000
Moradias do Cabo Frio,2,50,1,1,119000
Centro,3,107,1,3,580000
Centro,3,147,2,3,780000
Esperança,3,225,2,3,1700000
Brasília,2,45,1,1,207000
Conjunto Habitacional Alexandre Urbanas,3,210,2,3,1590000
Centro,3,86,2,2,797900
Centro,3,284,2,5,1150000
Antares,3,78,1,1,240000
Jardim Presidente,4,376,4,5,1300000
Brasília,2,45,1,1,175000
Aragarça,4,190,4,4,1300000
Jardim Roveri,3,85,1,2,550000
Paraíso,2,51,1,1,150000
Bandeirantes,3,161,1,2,417440
Gleba Fazenda Palhano,3,173,2,3,1990000
Jardim Guararapes,3,85,2,2,270000
Luiz de Sá,2,200,2,1,340000
Amaro,3,67,1,2,275000
Jardim Montecatini,2,75,1,1,275000
Jardim Império do Sol,3,140,2,3,550000
Brasília,3,123,2,3,476000
Aurora,2,70,1,2,580000
Santa Rosa,3,207,3,4,2350000
Jardim Presidente,3,71,1,2,780000
Brasília,3,75,1,1,328000
Gleba Fazenda Palhano,2,45,1,1,295000
Cidade Industrial 2,4,220,4,5,2100000
Nossa Senhora de Lourdes,3,65,1,1,235000
Brasília,3,84,2,3,490000
Gleba Ribeirão Limeiro,2,48,1,1,320000
Brasília,2,46,1,1,150000
Ideal,3,65,1,1,187000
Perobinha,2,45,1,1,90000
Santa Rosa,3,100,2,2,1190000
Califórnia,3,326,5,2,580000
Gleba Fazenda Palhano,3,173,2,4,1930000
Cidade Industrial 2,2,47,1,1,269220
Residencial Quadra Norte,3,104,2,1,385000
Conjunto Habitacional Doutor Farid Libos,2,44,1,1,70000
Jardim Belém,2,70,1,1,260000
Jardim São Tomás,3,140,4,1,450000
Guanabara Parque Boulevard,3,104,2,2,1180000
Heimtal,3,90,1,2,350000
Brasília,3,173,2,4,549000
Gleba Fazenda Palhano,3,75,1,2,615000
Marumbi,3,155,2,1,447000
Esperança,3,100,4,2,600000
Residencial Portal do Sol,3,80,1,2,297000
Colinas,2,44,1,1,205000
Jardim Flórida,3,142,3,1,480000
Parque Residencial Alcântara,3,320,3,5,2250000
Brasília,3,155,2,4,1890000
Jardim Higienópolis,1,45,1,1,325000
Guanabara,4,383,4,5,6940000
Portal de Versalhes 1,3,82,2,1,350000
Gleba Fazenda Palhano,3,181,3,3,1950000
Vale dos Tucanos,3,75,1,1,420000
Gleba Fazenda Palhano,1,48,1,1,499000
Jardim Guararapes,3,155,2,3,869000
Centro,3,213,2,5,700000
Jardim Prefeito Milton Menezes,3,85,1,2,398000
Santa Rosa,3,245,4,5,2695000
Conjunto Residencial Marajoara,2,45,1,1,150000
Esperança,4,475,4,5,4900000
Esperança,4,346,4,2,2480000
Colúmbia,3,65,2,1,265000
Gleba Fazenda Palhano,3,183,3,5,2180000
Conjunto Habitacional Maria Cecília Serrano de Oliveira,3,131,2,3,250000
Brasília,3,125,3,2,350000
Jardim Jóquei Club,2,47,1,1,245000
Caravelle,3,313,4,5,1650000
Gleba Fazenda Palhano,3,90,2,2,890000
Jardim Morumbi,2,53,1,1,335000
Jardim São Paulo,3,87,1,2,371000
Ouro Verde,3,172,4,3,340000
Esperança,3,225,2,5,2500000
Guanabara Parque Boulevard,3,89,2,2,899000
Recanto do Salto,4,350,4,5,4500000
Centro,2,67,1,1,190000
Santa Mônica,3,120,3,1,380000
Jardim do Lago,3,81,1,2,680000
Leonor,1,70,3,1,280000
Jardim Vale Azul,3,125,2,1,320000
Vitória,3,83,1,2,449000
Conjunto Habitacional Alexandre Urbanas,3,260,4,1,1700000
Cafezal,3,170,4,2,790000
Jardim Higienópolis,4,96,1,3,395000
Jardim Santa Cruz,2,44,1,1,125000
Gleba Fazenda Palhano,3,124,2,3,1465000
Jardim Morumbi,3,146,2,5,1000000
Gleba Fazenda Palhano,4,445,4,5,3900000
Cláudia,3,70,1,3,325000
Colúmbia,2,69,1,1,330000
Residencial José Lázaro Gouvea,3,70,1,2,500000
Centro,3,116,1,3,480000
Dom Pedro,5,290,3,3,1200000
Andrade,2,72,1,2,530000
Gleba Fazenda Palhano,3,151,2,4,2190000
Vila Larsen 1,4,163,2,2,530000
Brasília,2,47,1,1,191000
Parque Jamaica,2,48,1,1,153700
Cidade Industrial 2,2,47,1,1,78000
Conjunto Vivi Xavier,3,115,3,2,328000
Colinas,2,78,1,2,290000
Granville Parque Residencial,3,500,4,5,1650000
Centro,2,67,1,1,200000
Esperança,2,42,1,1,230000
Centro,3,90,1,2,560000
Residencial José Lázaro Gouvea,3,70,1,2,560000
Vivendas do Arvoredo,5,335,5,5,4950000
Conjunto Habitacional José Garcia Molina,2,81,1,2,318000
Jardim São Jorge,3,159,2,5,1715000
Gleba Fazenda Palhano,3,216,3,5,2160000
Waldemar Hauer,3,180,2,3,420000
Jardim Burle Marx,3,140,3,2,1090000
Jardim Maria Luiza,2,42,1,1,160000
Aurora,3,75,1,2,489410
Cidade Industrial 2,3,146,2,2,1050000
Brasília,2,57,1,1,135000
Jardim Agari,2,130,1,3,389000
Colinas,2,44,1,1,190000
Esperança,4,313,4,5,3500000
Gleba Fazenda Palhano,1,45,1,2,530000
Conjunto Habitacional Alexandre Urbanas,4,235,2,4,1750000
Jardim Império do Sol,1,144,2,3,511000
Mediterrâneo,4,500,5,5,1980000
Gleba Fazenda Palhano,2,51,1,1,430000
Gleba Fazenda Palhano,2,47,1,1,270000
Califórnia,3,96,2,1,359360
Coliseu,5,690,4,5,1800000
Monte Belo,2,147,2,1,375000
Vila Filipin,3,71,1,2,420000
Parque Residencial Alcântara,4,374,4,2,1700000
Jardim Jóquei Club,2,48,1,1,260000
Conjunto Habitacional Doutor Farid Libos,2,45,1,1,187000
Esperança,3,498,4,5,7000000
Gleba Fazenda Palhano,2,69,2,2,680000
Marumbi,2,190,4,1,385000
Nova Olinda,3,141,3,3,450000
Conjunto Habitacional José Garcia Molina,2,45,1,1,155000
Estância Santa Paula,4,320,4,5,2500000
Jardim Colúmbia D,3,120,2,2,415000
Vila Larsen 1,5,300,2,3,580000
Santa Rosa,3,108,2,2,1400000
Gleba Simon Frazer,3,125,2,3,690000
Antares,3,76,1,2,290000
Conjunto Habitacional Milton Gavetti,3,150,1,1,300000
Terra Bonita,4,365,5,5,2190000
Jardim Maria Luiza,2,124,2,1,350000
Sabará I,3,200,4,2,1197777
Gleba Fazenda Palhano,3,146,2,3,1737000
Monte Belo,2,76,1,1,325000
Jardim Santa Cruz,3,57,1,1,160000
Jardim ltaparica,2,80,1,1,265000
Gleba Fazenda Palhano,3,103,2,2,950000
Esperança,4,283,4,3,2200000
Ouro Verde,2,45,1,1,189000
Centro,3,86,2,2,720000
Centro,3,79,1,1,260000
Vitória Régia,3,61,1,1,180000
Brasília,3,95,2,2,370000
Jardim das Américas,2,43,1,1,135000
Jardim Continental,2,130,3,2,440000
Recanto do Salto,4,369,2,5,3950000
Brasília,3,200,2,2,357000
Brasília,3,134,2,2,350000
Conjunto Habitacional Alexandre Urbanas,4,273,2,3,1500000
Gleba Fazenda Palhano,1,52,1,2,560000
Brasília,2,58,1,2,308000
Jardim Higienópolis,3,104,1,3,520000
Conjunto Habitacional José Garcia Molina,3,250,4,2,650000
Recanto do Salto,4,380,4,2,3980000
Paraíso,2,45,1,1,145000
Jardim Morumbi,3,205,4,4,1440000
Gleba Fazenda Palhano,3,216,3,5,2250000
Leonor,3,138,2,2,350000
Santa Rosa,3,323,4,5,4200000
Chácaras Pietraróia,5,152,5,1,900000
Centro,1,58,1,2,345000
Gleba Fazenda Palhano,3,181,2,3,2790000
Jardim Palmas,2,50,2,1,165000
Colúmbia,4,260,2,2,1300000
Gleba Fazenda Palhano,3,120,2,4,1140000
Conjunto Residencial Marajoara,2,45,1,1,165000
Gleba Fazenda Palhano,2,81,2,2,798000
Centro,3,117,1,3,480000
Olímpico,2,80,2,1,130000
Jardim das Américas,2,44,1,1,149000
Igapó,3,81,1,2,320000
Conjunto Café,3,100,2,3,600000
Brasília,3,63,1,1,210000
Conjunto Habitacional Alexandre Urbanas,4,199,2,5,1650000
Gleba Fazenda Palhano,2,82,1,2,760000
Jardim Morumbi,2,59,1,1,349000
Esperança,4,497,4,5,5900000
Ideal,3,182,4,3,570000
Gleba Fazenda Palhano,2,89,2,3,1150000
Brasília,2,64,1,1,190000
Conjunto Habitacional Alexandre Urbanas,3,200,1,1,1500000
Gleba Fazenda Palhano,3,88,2,2,780000
Colúmbia,3,98,2,1,380000
Brasília,3,80,1,2,216000
Alpes,3,170,5,3,650000
Andrade,3,124,2,3,1298000
Jardim Jóquei Club,2,42,1,1,150000
Gleba Fazenda Palhano,3,236,4,5,2390000
Jardim Morumbi,3,201,4,5,1500000
Jardim América,3,320,5,2,600000
Jardim Adriana I,3,72,1,1,340000
Cidade Industrial 2,2,55,1,1,210000
Santa Rosa,3,103,2,2,1100000
Colinas,2,44,1,1,65000
Nova Olinda,2,42,1,1,125000
Judith,3,179,2,5,860000
Gleba Fazenda Palhano,3,323,4,5,3850000
Gleba Simon Frazer,3,150,2,4,999000
Jardim Paris,2,80,1,1,215000
Brasília,2,42,1,1,191000
Centro,3,148,4,4,1330000
Cidade Industrial 2,2,46,1,1,240000
Esperança,4,283,5,3,3590000
Parque Industrial José Belinati,2,69,1,1,210000
Gleba Fazenda Palhano,1,74,1,2,750000
Brasília,3,115,2,2,490000
Nova Olinda,2,46,1,1,130000
Alpes,3,140,2,2,420000
Gleba Fazenda Palhano,4,450,4,5,5250000
Alpes,3,170,2,3,400000
Jardim Shangri-la A,2,52,1,2,410000
Vale dos Tucanos,2,45,1,1,199990
Alpes,3,104,3,2,470000
Granville Parque Residencial,4,229,2,5,1560000
Gleba Fazenda Palhano,3,214,3,5,2500000
Vila Simões,2,57,1,2,260000
Centro,3,63,1,2,270000
João Paz,2,160,4,1,280000
Esperança,5,433,4,5,6350000
Conjunto Santa Rita 6,3,130,3,2,360000
Conjunto Habitacional Alexandre Urbanas,3,175,2,2,480000
Jardim Santos Paulo,3,131,2,2,450000
Vivendas do Arvoredo,4,300,3,5,4500000
Gleba Fazenda Palhano,3,173,2,4,1930000
Heimtal,2,45,1,1,205000
Jardim São Jorge,3,159,3,3,1900000
San Fernando,3,300,1,1,220000
Colúmbia,3,79,2,2,360000
Conjunto Habitacional José Garcia Molina,2,45,1,1,215000
Monte Belo,2,130,1,1,420000
Jardim Higienópolis,2,138,3,1,550000
Terra Bonita,3,70,1,2,529999
Gleba Fazenda Palhano,3,185,2,5,1850000
Jardim Imagawa,2,110,2,3,290000
Jardim Higienópolis,1,45,1,1,280000
Jardim Montecatini,3,332,4,3,1700000
Centro,4,287,3,5,1950000
Alto da Colina,1,17,1,1,130000
Santa Rosa,3,87,1,2,830000
Centro,3,90,2,4,540000
Recanto do Salto,4,250,4,4,2700000
Gleba Fazenda Palhano,3,79,2,2,750000
Jardim das Américas,2,44,1,1,160000
Centro,3,140,1,1,550000
Aurora,2,55,1,1,395000
Vale dos Tucanos,3,76,1,1,580000
Colúmbia,3,110,2,2,398000
São Pedro,4,208,2,3,1200000
Giovani Lunardelli,3,128,3,1,600000
Gleba Fazenda Palhano,3,131,2,5,1600000
Brasília,2,80,2,2,290000
Centro,4,257,2,4,1000000
Gleba Fazenda Palhano,3,103,2,1,995000
Petrópolis,3,78,1,2,735000
Antares,3,65,1,1,250000
Residencial Professora Madalena Cardoso,2,53,2,1,170000
Centro,3,90,1,3,349820
Gleba Fazenda Palhano,2,46,1,1,275000
Califórnia,4,140,4,3,700000
Gleba Fazenda Palhano,2,45,1,1,245000
Ricardo,4,600,4,5,760000
Gleba Fazenda Palhano,3,130,2,3,1250000
Brasília,2,53,2,1,255000
Santa Rosa,3,210,2,2,950000
Esperança,3,132,2,3,1450000
Jardim Morumbi,3,86,1,2,350000
Gleba Fazenda Palhano,3,181,2,5,2450000
Centro,2,71,1,2,487000
Centro,3,117,2,2,680000
Bela Suiça,5,816,5,5,15000000
Santa Rosa,2,75,1,2,760000
Conjunto Vivi Xavier,2,102,2,1,260000
Colinas,3,87,1,2,350000
Paraíso,2,51,1,1,160000
Vivendas do Arvoredo,5,490,2,2,4000000
Novo Antares,3,80,1,2,449480
Colúmbia,3,78,2,1,300000
Jardim Nova Londrina,5,545,5,5,2099000
Esperança,4,365,4,5,3200000
Jardim Maria Luiza,2,42,1,1,155000
Gleba Fazenda Palhano,3,117,2,3,730000
Gleba Fazenda Palhano,3,122,2,2,1400000
Gleba Fazenda Palhano,3,81,1,2,699000
Gleba Fazenda Palhano,1,52,1,2,545000
Santa Izabel,2,48,1,1,205000
Gleba Fazenda Palhano,2,45,1,1,270000
Jardim Pérola,3,83,1,2,400000
Centro,2,60,1,2,230000
Gleba Ribeirão Limeiro,2,52,1,1,180000
Nova Olinda,2,51,1,1,135000
Jardim América,2,57,1,1,245000
Portal de Versalhes 1,3,277,1,2,830000
Conjunto Habitacional José Garcia Molina,3,78,4,3,390000
Cidade Industrial 2,2,45,1,1,250000
Gleba Ribeirão Limeiro,2,44,1,1,184720
Gleba Fazenda Palhano,3,390,4,5,4990000
Vale dos Tucanos,2,44,1,1,205000
Gleba Ribeirão Limeiro,2,47,1,1,270000
Hedy,2,300,5,1,300000
Parigot de Souza 2,2,73,2,2,160000
Gleba Fazenda Palhano,3,74,2,2,700000
Leonor,2,46,1,1,85000
Quebec,4,343,5,5,1350000
Jardim Moema,3,57,1,1,215000
Centro,4,220,2,3,800000
Condomínio Royal Golf Residence,4,731,5,5,14900000
Jardim Itatiaia 1,4,360,4,4,2350000
Gleba Fazenda Palhano,2,79,2,2,560000
Santa Rosa,3,69,1,2,580000
Jardim Montecatini,2,75,1,1,270000
Gleba Fazenda Palhano,3,392,4,5,4990000
Brasília,3,68,2,2,456000
Gleba Fazenda Palhano,3,110,3,1,1390000
Brasília,3,186,2,4,1950000
Jardim Monte Sinai,2,250,4,3,850000
Heimtal,3,126,1,2,585000
Gleba Fazenda Palhano,2,103,2,3,1250000
Vila Brasil,2,55,1,1,340000
Gleba Simon Frazer,3,74,1,2,385000
Santa Rosa,2,82,2,2,750000
Jardim Colúmbia D,3,60,1,1,287000
Centro,3,90,2,2,435000
Brasília,2,45,1,1,215000
Quebec,4,501,4,4,1900000
Jardim do Lago,3,217,2,4,1820000
Centro,3,284,2,1,995000
Dom Bosco,4,266,3,5,2300000
Jardim Sérgio Antônio,2,40,1,1,135000
Jardim Morumbi,2,63,1,2,350000
San Fernando,3,100,2,1,650000
Andrade,3,56,1,1,260000
Alto da Colina,1,25,1,1,149000
Centro,4,104,2,3,450000
Jardim Guararapes,2,90,2,2,320000
Residencial José Lázaro Gouvea,3,70,1,2,520000
Esperança,3,240,3,3,2350000
Jardim São Tomás,3,83,2,2,350000
Chácaras Mussahiro,3,98,2,3,715000
Veraliz,4,313,3,2,750000
Brasília,2,55,1,2,350000
Gleba Fazenda Palhano,3,67,1,2,560000
Jardim Santa Alice,3,90,2,1,425000
Centro,3,108,1,3,400000
Colinas,2,44,1,1,213000
Jardim Santa Alice,3,81,2,2,350000
Heimtal,3,100,1,1,280000
Gleba Fazenda Palhano,2,73,1,2,880000
Pinheiros,3,254,4,2,700000
Santa Rosa,3,205,2,5,2300000
Brasília,3,155,3,3,899900
Jardim Nações Unidas,2,43,1,1,180000
Antares,3,56,1,1,235000
Jardim Higienópolis,2,74,2,2,800000
Brasília,2,44,1,1,223000
Terra Bonita,2,79,2,2,832500
Gleba Fazenda Palhano,2,78,1,2,900000
Jardim Maria Celina,2,52,1,1,200000
Nikko,3,154,2,4,1600000
Mediterrâneo,5,400,4,5,1600000
Jardim Adriana I,3,62,1,1,350000
Gleba Fazenda Palhano,3,78,2,2,660000
Jardim Montecatini,2,74,1,2,280000
Jardim Morumbi,2,50,1,1,290000
Ideal,3,190,2,4,1790000
Vila Fujita,3,178,1,2,698000
Jardim Colúmbia D,3,85,2,2,350000
Nova Olinda,3,81,2,2,330000
Pinheiros,3,170,3,3,680000
Jardim do Leste,3,160,2,2,685000
Conjunto Professora Hilda Mandarino,3,80,2,1,160000
Santa Mônica,5,220,4,4,550000
Santa Rita 2,2,48,1,1,140000
Jardim Morumbi,2,50,1,1,300000
Aurora,3,64,2,2,440000
Brasília,3,155,2,2,320000
Gleba Fazenda Palhano,3,94,2,2,899000
Juquita,3,115,2,1,410000
Gleba Fazenda Palhano,3,173,2,4,2000000
Jardim Burle Marx,3,140,3,2,1190000
Recanto do Salto,3,300,5,5,3350000
Santa Rosa,3,104,2,2,1250000
Brasília,2,45,1,1,207000
Conjunto Habitacional Doutor Farid Libos,2,43,1,1,200000
Jardim Higienópolis,1,45,1,1,265000
Terras de Santana II,3,287,4,3,3199000
Esperança,3,260,4,4,2200000
Aurora,2,56,1,2,310000
Brasília,3,110,2,2,500000
Conjunto Habitacional Alexandre Urbanas,3,196,4,4,1700000
Champagnat,3,139,2,2,450000
Gleba Fazenda Palhano,4,207,3,5,2349000
Jardim Santa Alice,2,90,3,1,418000
Brasília,3,212,4,2,1940000
Centro,2,86,2,2,750000
Jardim Morumbi,3,235,2,4,1750000
Conjunto Habitacional Doutor Farid Libos,2,46,1,1,170000
Jardim Morumbi,2,47,1,1,260000
Brasília,2,46,1,1,250000
Gleba Fazenda Palhano,3,94,2,2,1000000
Jardim Agari,2,92,1,1,390000
Colinas,2,44,1,1,220000
Esperança,5,303,3,5,3190000
Califórnia,2,70,1,1,250000
Centro,3,315,2,5,1800000
Centro,3,94,2,2,410000
Nossa Senhora de Lourdes,3,76,1,1,205000
Aurora,2,64,1,2,650000
Jardim Portal de Itamaracá,3,117,2,3,610000
Jardim Presidente,5,330,4,4,945000
Gleba Fazenda Palhano,3,64,1,2,470000
Carlota,2,130,3,1,290000
Terra Bonita,3,84,1,2,850000
Centro,3,80,1,2,230000
Jardim Imagawa,3,67,2,1,300000
Bandeirantes,3,72,2,2,340000
Vitória,3,71,1,2,780000
Residencial Professora Marieta,3,130,2,1,230000
Ideal,3,194,2,4,1800000
Esperança,3,359,4,5,3200000
Gleba Fazenda Palhano,3,216,4,5,2300000
Conceição,3,87,1,1,400000
Cidade Industrial 2,2,43,1,1,189000
Terra Bonita,2,70,1,2,760000
Brasília,2,74,2,2,350000
Jardim das Américas,3,63,1,1,175000
Vale dos Tucanos,2,46,1,1,230000
Brasília,4,150,3,2,300000
Colinas,2,78,1,2,290000
Conjunto Habitacional Maria Cecília Serrano de Oliveira,1,35,4,1,115000
Brasília,2,45,1,1,170000
Alto da Colina,1,43,1,1,150000
Esperança,3,290,4,5,2990000
Gleba Fazenda Palhano,2,70,1,1,630000
Gleba Fazenda Palhano,2,70,1,2,560000
Califórnia,3,93,2,2,400000
Santa Rosa,3,127,2,4,1399000
Terra Bonita,3,70,1,2,360000
Centro,3,86,2,2,790000
Jardim Honda 2,2,73,2,1,340000
Jardim Presidente,2,71,2,2,730000
Vila Santa Terezinha,2,51,1,1,365000
Brasília,3,100,2,2,510000
Messiânico,5,253,4,4,750000
Paraíso,2,47,1,1,170000
Gleba Fazenda Palhano,3,125,2,4,950000
Vivendas do Arvoredo,4,357,4,3,5000000
Brasília,3,150,2,1,399900
Quebec,4,284,5,4,1950000
Conjunto Vivi Xavier,3,140,5,1,255000
Gleba Fazenda Palhano,3,78,2,3,570000
Centro,3,92,1,2,300000
Esperança,4,470,3,5,4500000
Kennedy,3,79,1,2,600000
Vila Siam,3,71,1,1,490000
Gleba Fazenda Palhano,3,165,2,5,1500000
Jardim Pérola,3,171,4,3,780000
Chácaras Mussahiro,3,110,2,2,570000
Jardim Tókio,2,70,4,1,240000
Heimtal,3,52,1,1,220000
Brasília,3,95,2,2,530000
Novo Antares,4,220,4,4,750000
Terra Bonita,3,66,1,2,395000
Mediterrâneo,5,549,4,5,3550000
Esperança,4,280,4,5,3150000
Residencial Professora Madalena Cardoso,3,60,1,1,170000
Jardim Maria Luiza,2,41,1,1,165000
Centro,3,90,1,1,445000
Residencial Vila Romana,3,72,1,1,260000
Maria Lúcia,3,165,4,3,650000
Olímpico,3,183,2,3,1150000
Gleba Fazenda Palhano,3,181,4,5,2460000
Esperança,4,234,4,5,2500000
Califórnia,3,80,1,1,290000
Centro,3,128,2,3,1380000
Centro,1,29,1,1,235000
Califórnia,3,59,1,1,170000
Operária,4,250,4,5,1800000
Bandeirantes,3,74,2,2,360400
Jardim Tókio,3,57,1,1,220000
Leonor,2,80,2,1,300000
Gleba Fazenda Palhano,3,87,1,2,880000
Tucano,5,747,4,5,4500000
Marumbi,2,48,1,1,145000
Brasília,3,109,1,2,580000
Gleba Fazenda Palhano,4,235,3,5,3600000
Nossa Senhora de Lourdes,3,330,4,3,1180000
Esperança,5,570,2,5,5800000
Jardim Novo Sabará,4,360,4,5,700000
Jardim Agari,3,108,1,3,415000
Gleba Fazenda Palhano,3,235,3,5,2950000
Terra Bonita,3,237,4,2,1990000
Terra Bonita,4,290,2,5,1780000
Sabará I,3,130,3,1,460000
Centro,3,84,2,2,550000
Santa Rosa,3,323,4,3,4350000
Paulista,2,41,4,1,250000
Lima Azevedo,4,160,3,1,770000
Gleba Fazenda Palhano,3,99,2,2,890000
Conjunto Habitacional Alexandre Urbanas,3,180,4,5,1600000
Brasília,1,46,1,1,212000
Kennedy,3,79,1,2,565000
Gleba Fazenda Palhano,2,77,1,2,740000
Brasília,3,155,5,2,550000
Kennedy,3,182,2,4,1300000
Residencial Moradias Tibagi,3,104,1,1,380000
Shangri-lá,3,70,1,1,270000
Residencial Portal do Sol,1,147,4,2,400000
Jardim Lilian,2,82,1,2,420000
Terras de Santana II,3,300,2,4,3150000
Gleba Fazenda Palhano,2,114,2,4,1150000
Jardim Jerônimo Nogueira de Figueiredo,1,67,2,1,420000
Jardim Novo Sabará,3,62,1,1,170000
Parque Jamaica,2,57,1,2,420000
Parque das Indústrias,3,60,3,2,210000
Parque Residencial Joaquim Toledo Piza,3,130,2,2,695000
Jardim Planalto,5,197,3,3,650000
Gleba Fazenda Palhano,3,186,2,4,2200000
Recanto do Salto,4,308,2,4,3950000
Ouro Verde,3,115,2,2,410000
Shangri-lá,2,85,4,2,530000
Vale dos Tucanos,2,53,1,1,255000
Brasília,2,47,1,1,158400
Brasília,4,235,4,5,1750000
Califórnia,3,172,4,3,480000
Conjunto Residencial Marajoara,2,70,2,1,230000
Terra Bonita,2,70,1,2,860000
Gleba Fazenda Palhano,3,236,4,5,2500000
Terra Bonita,2,70,2,2,730000
Heimtal,3,52,1,1,144420
Gleba Fazenda Palhano,2,62,1,2,690000
Centro,3,92,2,2,473110
Gleba Ribeirão Limeiro,2,43,1,1,235000
Jardim do Leste,3,263,1,2,670000
Jardim Santa Cruz,3,70,1,1,135000
Residencial Vila Romana,2,125,1,3,550000
Dom Pedro,3,140,4,3,1280000
Aurora,3,69,1,2,500000
Gleba Fazenda Palhano,3,130,2,3,1090000
Parque Residencial Joaquim Toledo Piza,3,130,2,1,695000
Terra Bonita,3,84,2,2,840000
Califórnia,2,180,2,1,300000
Ouro Verde,3,115,2,2,410000
Centro,3,130,2,2,320000
Bela Suiça,2,168,2,2,1750000
Gleba Fazenda Palhano,3,74,1,2,680000
Ideal,2,85,1,1,370000
Alto da Boa Vista,2,143,1,2,350000
Gleba Fazenda Palhano,3,166,2,5,1500000
Jardim Higienópolis,3,64,1,2,310000
Conjunto Habitacional Santiago II,3,112,3,2,499150
Conjunto Farid Libos,3,200,2,2,180000
Jardim Santa Cruz,3,54,1,1,160000
Jardim Morumbi,3,140,4,4,1150000
Jardim Maria do Carmo,2,80,1,1,350000
Aeroporto,3,110,2,2,510000
Jardim dos Estados,2,262,1,2,320000
Aurora,3,64,1,2,635000
Jardim Tókio,3,58,1,1,220000
Lago Parque,5,800,5,5,2700000
Gleba Fazenda Palhano,3,98,2,3,990000
Brasília,3,76,1,2,280000
Centro,3,80,1,2,550000
Centro,3,253,2,5,1600000
Conjunto Residencial Itamaraty,3,71,1,2,190000
Jardim dos Estados,2,80,1,1,315000
Igapó,3,272,2,3,599000
Alto da Colina,1,27,1,1,120000
Nova Olinda,2,45,1,1,115000
Jardim Nova Esperança,3,168,2,3,350000
Aurora,3,70,2,2,430000
Lago Parque,3,364,4,3,2450000
Jardim Morumbi,3,60,1,1,230000
Gleba Ribeirão Limeiro,2,43,1,1,225000
Granville Parque Residencial,4,515,4,5,2150000
Centro,1,23,1,1,235000
Centro,3,64,2,2,450000
Jardim Agari,2,45,1,1,165000
Gleba Fazenda Palhano,3,78,1,2,585000
Gleba Fazenda Palhano,2,47,1,1,340000
Granville Parque Residencial,3,320,2,2,1850000
Brasília,3,177,2,2,897000
Jardim Morumbi,2,72,1,1,265000
Bela Suiça,4,102,2,4,650000
Gleba Fazenda Palhano,3,142,2,3,1595000
Gleba Fazenda Palhano,3,167,2,3,2200000
Barra Grande,3,160,1,3,800000
Centro,2,56,1,1,315000
Conjunto Semiramis Barros Braga,2,105,1,1,210000
Gleba Fazenda Palhano,3,170,2,2,1020000
Gleba Fazenda Palhano,2,44,1,1,285000
Champagnat,4,226,4,3,739690
Jardim Higienópolis,3,240,3,2,1350000
Conjunto Habitacional Maria Cecília Serrano de Oliveira,2,200,1,1,165000
Ideal,2,45,1,1,200000
Jardim Moema,3,125,1,1,275000
Andrade,4,340,4,5,990000
Guanabara,1,39,1,1,240000
Cidade Industrial 2,3,233,5,4,1990000
Centro,4,231,2,4,890000
Vila Ipiranga,1,52,1,1,220000
Residencial Vila Romana,2,125,1,1,555000
Centro,3,100,1,2,370000
Jardim Nações Unidas,2,50,1,1,150000
Colúmbia,3,95,2,2,370000
Centro,2,117,2,3,1250000
Jardim ltaparica,4,170,2,2,400000
Jardim Novo Sabará,3,115,2,2,719000
Gleba Fazenda Palhano,2,73,1,2,650000
Esperança,4,472,4,5,4900000
Vila Brasil,2,54,1,2,339000
Brasília,2,46,1,1,276000
Dom Pedro,3,140,2,3,1280000
Terra Bonita,3,66,2,2,390000
Aeroporto,3,170,4,3,1300000
Califórnia,4,431,4,4,1150000
Gleba Fazenda Palhano,2,67,1,2,499000
Terra Bonita,3,70,1,2,355000
São Vicente,3,55,1,1,290000
Jardim Morumbi,3,63,1,2,290000
Terra Bonita,3,69,1,2,560000
Conjunto Vivi Xavier,3,80,3,1,200000
Jardim Planalto,3,178,2,3,450000
Jardim Padovani,2,84,2,2,300000
Gleba Fazenda Palhano,3,185,2,5,1880000
Jacutinga,3,69,1,2,264000
Gleba Fazenda Palhano,2,75,2,2,775000
Santa Rosa,3,205,3,4,2500000
Colinas,3,84,2,1,350000
Ideal,2,50,1,1,180000
Monte Belo,3,142,4,1,450000
Terra Bonita,4,327,3,5,2350000
Vila Ipiranga,2,60,2,1,480000
São Vicente,3,56,1,1,250000
Centro,1,34,1,1,200000
Terra Bonita,3,84,2,1,830000
Centro,3,167,2,4,845000
Nossa Senhora de Lourdes,3,85,1,2,470000
Jardim Itatiaia 2,1,678,4,2,980000
Residencial Portal do Sol,1,82,1,2,308000
Gleba Fazenda Palhano,3,68,1,2,490000
Brasília,3,115,2,3,470000
Califórnia,2,48,1,1,266000
Jardim Maria Celina,3,70,1,1,290000
Brasília,2,50,1,1,450000
Conjunto Habitacional Mister Thomas,3,149,1,1,200000
Jardim do Lago,4,214,1,3,1650000
Terra Bonita,2,70,1,2,620000
Jardim Montecatini,4,220,4,5,2100000
Cafezal,3,100,2,2,450000
Jardim do Leste,3,153,4,3,670000
Residencial Professora Madalena Cardoso,3,63,1,1,210000
Brasília,3,143,2,1,380000
Jardim Guararapes,3,72,2,2,400000
Vitória,2,59,1,1,310000
Aurora,2,70,1,2,580000
Vivendas do Arvoredo,3,319,4,2,3990000
Antares,3,85,1,2,620000
Gleba Fazenda Palhano,3,117,2,2,740000
Gleba Fazenda Palhano,2,62,1,2,650000
Gleba Fazenda Palhano,3,89,2,2,840000
Jardim Itatiaia 2,3,150,5,3,2700000
Gleba Fazenda Palhano,3,216,3,4,2400000
Centro,2,58,1,1,335000
Esperança,5,360,2,5,3500000
Santa Mônica,3,150,3,3,470000
Ideal,3,130,2,3,680000
Santa Rosa,2,78,2,2,649000
Brasília,3,62,1,1,331000
Gleba Fazenda Palhano,3,84,2,2,750000
Jardim Morumbi,2,41,1,1,162000
Jardim Tropical,2,80,1,1,230000
Centro,3,177,1,3,810000
Jardim Strass,3,79,1,1,330000
Brasília,3,81,2,2,399000
Parque Jamaica,5,300,4,3,1320000
Jardim Morumbi,3,100,2,4,1120000
Jardim América,3,67,2,2,380000
Parque Residencial Joaquim Toledo Piza,3,130,2,2,695000
Recanto do Salto,3,330,2,5,1700000
Brasília,3,125,2,2,285000
Terra Bonita,3,73,2,2,585000
Jardim Londrilar,3,204,3,5,1550000
Parque Jamaica,2,57,1,2,510000
Brasília,3,59,1,1,150000
Vivendas do Arvoredo,3,104,2,3,980000
Centro,3,87,1,1,280000
Gleba Fazenda Palhano,4,198,4,5,1100000
Brasília,2,125,1,2,200000
Gleba Fazenda Palhano,3,237,2,4,1450000
Brasília,2,76,2,2,240000
Centro,3,106,1,3,380000
Gleba Fazenda Palhano,2,120,2,2,1050000
Residencial Abussafe,3,99,3,2,450000
Esperança,4,296,4,5,2980000
Residencial José Lázaro Gouvea,3,69,1,2,550000
Olímpico,2,49,1,1,320000
Jardim Higienópolis,5,440,5,5,1700000
Centro,3,65,1,2,450000
Parque Residencial Michael Licha,3,150,2,3,490000
Jardim Bandeirantes,3,68,1,1,181000
Petrópolis,5,174,2,3,745000
Jardim dos Estados,2,48,1,1,300000
Residencial Professora Madalena Cardoso,2,53,1,1,170000
Jardim Morumbi,4,200,2,5,1860000
Conjunto Habitacional Alexandre Urbanas,3,191,2,4,1290000
Recanto do Salto,4,414,4,5,4950000
Colinas,2,44,1,1,178000
Brasília,3,70,1,2,451000
Brasília,2,56,1,1,147000
Gleba Fazenda Palhano,3,235,4,3,2200000
Petrópolis,3,72,2,2,689000
Parque Residencial Michael Licha,3,95,2,2,380000
Jardim Presidente,3,169,2,2,480000
Gleba Fazenda Palhano,2,54,1,1,445000
Conjunto Habitacional Doutor Farid Libos,2,44,1,1,215000
Esperança,5,365,4,5,3500000
Parque Jamaica,3,112,2,2,1100000
Jardim Tókio,2,80,2,1,240000
Gleba Fazenda Palhano,3,69,1,2,540000
Vila Ipiranga,1,81,1,1,650000
Jardim Higienópolis,3,72,2,1,530000
Cafezal,2,100,1,1,220000
Aurora,3,64,1,2,130000
Gleba Fazenda Palhano,4,340,4,5,5100000
Gleba Fazenda Palhano,3,148,2,4,1644000
Tietê,2,49,1,1,150000
Vila Filipin,2,47,1,1,200000
Jardim do Sol,3,82,2,2,570000
Centro,4,177,2,4,850000
Gleba Fazenda Palhano,2,89,2,3,830000
Alpes,4,260,3,3,965000
Jardim Moema,2,65,1,1,245000
Brasília,3,120,2,2,269000
Colinas,3,130,1,1,390000
Jardim Alvorada,5,280,5,2,990000
Ouro Verde,2,45,1,1,210000
Jardim Bandeirantes,2,60,1,1,170000
Gleba Fazenda Palhano,3,216,3,4,2850000
Maringá,3,197,2,2,1890000
Conjunto Habitacional José Garcia Molina,3,76,2,1,320000
Brasília,3,89,2,2,954000
Centro,3,90,1,3,520000
Coliseu,1,300,2,3,800000
Jardim Montecatini,3,75,2,2,385000
Cafezal,2,97,1,2,375000
Centro,3,130,2,2,320000
Jardim Prefeito Milton Menezes,3,132,1,2,410000
Bandeirantes,2,38,2,1,235000
Gleba Ribeirão Limeiro,2,47,1,1,235000
Gleba Fazenda Palhano,2,75,2,2,650000
Jardim Higienópolis,2,74,1,2,700000
Gleba Fazenda Palhano,3,85,2,2,870000
Gleba Simon Frazer,4,290,3,3,800000
Conjunto Habitacional Alexandre Urbanas,3,144,2,2,1300000
Vila Brasil,2,55,1,2,330000
Brasília,4,128,1,3,550000
Gleba Fazenda Palhano,5,335,5,5,4950000
Gleba Fazenda Palhano,3,72,1,2,530000
Gleba Fazenda Palhano,2,46,1,1,290000
Pacaembu,3,83,1,2,349000
Centro,3,128,2,2,629000
Brasília,3,64,1,1,260000
Industrial,2,45,1,1,170000
Centro,2,158,1,3,720000
Jardim Novo Sabará,4,235,2,3,685000
Dom Bosco,3,85,1,2,340000
Centro,3,75,1,2,579480
Parque Jamaica,2,48,1,2,295990
Centro,1,29,1,1,330000
Vivendas do Arvoredo,4,332,4,5,4900000
Bela Suiça,5,1000,5,5,17000000
Jardim Santo Antônio,2,98,1,3,370000
Portal de Versalhes 1,3,230,2,2,850000
Granville Parque Residencial,3,340,2,4,1560000
Conjunto Semiramis Barros Braga,4,90,3,2,200000
Conjunto Habitacional José Garcia Molina,2,45,1,1,145000
Paraíso,2,60,1,1,240000
Esperança,3,270,3,5,4450000
Centro,3,92,1,2,360000
Colúmbia,3,100,2,3,519110
Conjunto Semiramis Barros Braga,3,183,3,3,550000
Santa Rosa,3,127,2,5,1365000
Centro,4,131,2,4,530000
Judith,3,127,2,3,860000
Recanto Nobre,5,870,5,5,11900000
Centro,3,189,2,3,850000
Gleba Fazenda Palhano,3,155,3,5,1650000
Brasília,3,76,1,2,280000
Conjunto Habitacional João Turquino,2,43,1,1,165000
Petrópolis,3,103,2,3,964900
Jardim das Américas,2,54,1,1,149900
Vila Filipin,2,50,1,1,200000
Centro,3,128,3,2,1400000
Brasília,3,86,1,2,435000
Residencial Quadra Norte,2,90,2,2,270000
Gleba Fazenda Palhano,3,81,2,2,810000
Colinas,2,71,1,1,280000
Jardim Higienópolis,3,102,1,1,550000
Colúmbia,3,84,2,2,479570
Guanabara,4,430,4,5,2500000
Santa Rosa,3,207,3,5,2350000
Gleba Ribeirão Limeiro,2,43,1,1,235000
Conjunto Habitacional João Turquino,2,43,1,1,164900
Lima Azevedo,2,292,5,3,3900000
Jardim do Lago,3,80,1,2,650000
Vale dos Tucanos,2,44,1,1,205000
Caravelle,3,230,3,3,1390000
Gleba Fazenda Palhano,3,122,2,2,1275000
Jardim Morumbi,3,60,1,1,220000
Leonor,3,152,3,2,375000
Residencial Santa Clara,5,206,2,5,1500000
Gleba Simon Frazer,3,157,4,4,1350000
Gleba Fazenda Palhano,4,346,4,4,4680000
Centro,2,58,1,1,220000
Jardim Moema,2,125,1,1,200000
Gleba Fazenda Palhano,3,173,2,4,1700000
Jardim Portal de Itamaracá,3,117,2,3,610000
Gleba Simon Frazer,3,181,4,4,1600000
Bela Suiça,5,1000,5,5,17000000
Centro,3,172,1,3,550000
Alto da Boa Vista,3,76,1,1,350000
Jardim São Paulo II,2,45,1,1,195000
Terra Bonita,3,119,2,2,697000
Califórnia,4,360,4,4,1200000
Brasília,3,55,1,1,241600
Gleba Fazenda Palhano,3,323,4,5,4300000
Ouro Verde,2,44,1,1,157000
Vivendas do Arvoredo,3,104,2,3,1100000
Nova Olinda,2,45,1,1,125000
Gleba Fazenda Palhano,3,131,2,4,1550000
Centro,3,247,1,3,560000
Jardim Morumbi,3,210,2,3,1250000
Jardim das Américas,3,82,1,1,450000
Gleba Fazenda Palhano,4,600,4,5,4000000
Vila Casoni,3,64,1,1,270000
Santa Rosa,3,245,3,5,2300000
Terra Bonita,3,97,1,2,1042500
Gleba Ribeirão Limeiro,2,43,1,1,208000
Jardim Morumbi,3,60,1,1,230000
Cambezinho,3,59,1,1,295000
Catuaí Parque Residence,3,69,1,2,385000
Recanto do Salto,4,224,2,5,2190000
Centro,4,279,3,5,1600000
Judith,3,127,2,2,800000
Gleba Fazenda Palhano,3,91,2,3,830000
Jardim Maria Luiza,2,45,1,1,201390
Brasília,2,46,1,1,250000
Centro,1,51,1,1,460000
Dom Pedro,3,140,4,3,1280000
Gleba Fazenda Palhano,4,338,4,5,5500000
Cafezal,2,80,1,1,265000
Centro,3,84,2,1,550000
Panorama,3,57,1,1,150000
Santa Mônica,3,150,3,3,470000
Santa Rita 1,3,147,2,2,310000
Brasília,3,118,1,2,290000
Gleba Simon Frazer,3,74,1,1,385000
Cambezinho,3,59,2,1,300000
Esperança,4,221,4,5,2500000
Veraliz,2,57,1,2,390000
Santa Rosa,3,245,3,5,3390000
Esperança,3,175,4,3,1990000
Nossa Senhora de Lourdes,2,55,1,2,300000
Residencial Abussafe II,2,75,3,2,300000
Jardim Agari,4,128,1,1,680000
Centro,2,66,1,1,275000
Jardim Morumbi,3,152,4,3,970000
Bela Suiça,4,419,4,5,4850000
Brasília,1,43,1,1,212000
Centro,4,407,5,3,1980000
Parque Residencial Joaquim Toledo Piza,5,450,5,5,1600000
Paraíso,2,47,1,1,170000
Parque Residencial Joaquim Toledo Piza,3,130,2,2,695000
Centro,3,96,1,2,430000
Gleba Fazenda Palhano,3,235,4,5,2500000
Gleba Fazenda Palhano,3,120,2,3,1450000
Vila Brasil,2,54,1,1,410000
Jardim das Américas,3,190,3,3,650000
Conjunto Habitacional Alexandre Urbanas,3,175,2,2,480000
Gleba Fazenda Palhano,3,82,2,2,850000
Centro,4,303,3,5,1200000
Nova Olinda,2,51,1,1,120000
Gleba Fazenda Palhano,3,323,4,2,4500000
Gleba Fazenda Palhano,2,82,2,3,865750
Dom Bosco,3,266,3,2,2900000
Jardim Nova Esperança,2,70,1,2,150000
Colúmbia,2,50,1,1,250000
Centro,3,171,4,4,2000000
Gleba Fazenda Palhano,2,45,1,1,270000
Jardim Itatiaia 2,3,120,1,3,2700000
Centro,3,71,1,1,389060
Esperança,4,332,3,3,5500000
Colinas,2,65,1,2,319040
Conjunto Habitacional Alexandre Urbanas,2,40,1,1,214900
Bandeirantes,3,80,1,2,425000
Jardim Colúmbia D,2,90,2,3,410000
Centro,2,64,1,2,420000
Vitória,5,175,2,3,700000
Shangri-lá,3,123,4,3,599000
Parque Jamaica,2,60,1,2,470000
Parque Jamaica,3,180,2,2,790000
Gleba Fazenda Palhano,3,89,1,2,895410
Caiçaras,4,549,5,5,4700000
Conjunto Habitacional Doutor Farid Libos,2,46,1,1,101333
Champagnat,3,58,1,1,399900
Conjunto Habitacional Alexandre Urbanas,3,250,2,2,1100000
Jardim Central Park,3,143,4,5,785000
Antares,3,76,1,2,293000
Jardim Agari,3,124,2,3,650000
Jardim Morumbi,2,41,1,1,185000
Centro,1,45,1,1,299000
Jardim das Américas,3,44,1,1,170000
Ernani Moura Lima,1,70,3,2,240000
Veraliz,2,57,1,2,390000
Jardim Vilas Boas,3,120,2,2,550000
Jardim Império do Sol,3,150,3,3,675000
Cláudia,4,144,2,4,580000
Jardim das Américas,2,44,1,1,110000
Gleba Fazenda Palhano,2,74,1,1,750000
Gleba Fazenda Palhano,3,110,2,2,1100000
Vila Ernest,3,86,1,3,275000
Aragarça,3,74,1,2,320000
Jardim Higienópolis,3,66,1,2,300000
Centro,3,147,2,3,770000
Esperança,4,283,5,5,3200000
Antares,3,75,1,1,242040
Jardim Maria Luiza,2,44,1,1,230000
San Remo,3,155,3,2,890000
Brasília,3,66,1,2,350000
Jardim Montecatini,2,76,1,2,319020
Gleba Simon Frazer,3,144,3,1,595000
Vila Casoni,2,222,1,1,650000
Bela Suiça,4,333,4,5,4500000
Brasília,3,81,1,2,310000
Jardim Agari,4,279,2,4,1200000
Terra Bonita,3,70,1,2,350000
Santa Rosa,3,207,3,4,2295000
Jardim Higienópolis,2,74,2,2,750000
São Vicente,3,152,2,3,500000
Parque Residencial Joaquim Toledo Piza,3,130,2,2,694560
Gleba Fazenda Palhano,3,70,2,2,450000
Centro,3,138,2,1,290000
Vila Brasil,1,37,1,1,173000
Residencial José Lázaro Gouvea,3,70,1,2,485000
Jardim São Paulo II,2,53,1,1,215000
Santa Rosa,3,245,3,5,2750000
Ernani Moura Lima,3,140,4,1,760000
Gleba Fazenda Palhano,3,75,1,2,598000
Canaã,4,436,2,4,3300000
Santa Mônica,3,177,2,2,530000
Gleba Fazenda Palhano,3,79,2,2,629000
Brasília,2,75,2,2,312000
Paraíso,2,51,1,1,160000
Jardim São Paulo II,2,44,1,1,260000
Centro,5,468,5,5,1999999
Jardim Maria do Carmo,2,70,1,1,285000
Gleba Fazenda Palhano,3,111,1,3,1350000
Universitário,3,160,2,3,790000
Jardim Nova Esperança,3,90,1,1,180000
Industrial,3,270,4,3,990000
Caiçaras,4,298,5,4,4700000
Cidade Industrial 2,2,44,1,1,175470
Jardim Guararapes,3,76,2,2,419820
Centro,3,65,1,2,450000
Aurora,3,70,1,2,480000
Esperança,4,661,3,5,7900000
Condomínio Royal Golf Residence,4,731,5,5,15000000
Esperança,5,570,4,5,5800000
Heimtal,3,55,1,1,165000
Recanto do Salto,5,360,5,5,3500000
Conjunto Habitacional Alexandre Urbanas,3,196,4,5,1700000
Gleba Ribeirão Limeiro,2,45,1,1,165000
Conjunto Café,2,90,1,2,250000
Parigot de Souza 2,2,45,1,1,219000
Centro,3,86,2,2,720000
Gleba Fazenda Palhano,3,129,2,1,1170000
Vila Larsen 1,1,58,1,2,550000
Vila Nova,2,53,1,2,250000
Lindóia,4,178,4,3,450000
Terra Bonita,4,350,4,5,1999100
Vila Shimabokuro,1,50,1,1,139000
Olímpico,3,125,2,2,980000
Parque Jamaica,2,49,1,1,140000
Centro,3,84,2,1,360000
Centro,3,91,1,1,450000
Brasília,2,47,1,1,179200
Conjunto Café,2,62,1,1,180000
Portal de Versalhes 2,4,135,1,1,550000
Cafezal,3,140,3,3,620000
Gleba Fazenda Palhano,3,79,2,2,690000
Lago Parque,4,360,4,5,1500000
Jardim Presidente,4,497,4,5,2600000
Centro,3,138,2,3,597000
Brasília,3,82,1,2,346500
Aurora,3,69,1,2,500000
Jardim Bandeirantes,3,54,1,1,150000
Portal de Versalhes 1,3,165,2,1,790000
Centro,3,204,2,4,2516000
Bandeirantes,3,80,2,2,424760
Esperança,3,270,4,3,2500000
Conjunto Parigot de Souza 3,2,74,2,1,250000
Gleba Fazenda Palhano,3,124,2,3,1050000
Santa Rosa,3,323,4,5,4250000
Conjunto Vivi Xavier,3,125,2,2,685000
Gávea,3,122,2,3,580000
Santa Rosa,3,207,3,5,1900000
Antares,3,65,1,1,235000
Jardim Continental,3,80,1,2,390000
Vale dos Tucanos,3,65,1,1,175000
Gleba Simon Frazer,3,205,4,5,1250000
Vila Siam,3,71,1,2,615000
Gleba Fazenda Palhano,3,114,2,2,1200000
Aurora,3,68,1,2,549000
Gleba Simon Frazer,3,196,2,4,1400000
Jardim Burle Marx,4,200,4,4,1200000
Centro,3,74,1,3,320000
Conjunto Habitacional Alexandre Urbanas,3,150,4,1,1050000
Parque das Indústrias,3,122,1,3,750000
Centro,2,67,1,1,280000
Brasília,1,46,1,1,212000
Gleba Fazenda Palhano,3,123,3,3,1250000
Jardim Tropical,3,117,1,2,380000
Araxá,5,315,4,4,1100000
Vitória,3,70,1,2,497000
São Vicente,2,89,2,2,320000
Jardim Presidente,3,71,2,2,590000
Esperança,3,120,2,2,550000
Jardim Burle Marx,4,300,5,4,1680000
Recreio,3,162,2,1,380000
Aragarça,3,163,2,3,1380000
Centro,3,204,3,5,2514100
Centro,3,73,1,2,360000
Eucaliptos,2,68,2,1,220000
Gleba Simon Frazer,4,211,2,5,1700000
Leonor,2,46,1,1,180000
Gleba Fazenda Palhano,2,62,1,1,620000
Residencial Abussafe,3,84,1,2,369750
Gleba Fazenda Palhano,3,155,3,4,1680000
Brasília,1,35,1,1,170000
Nova Olinda,2,45,1,1,112000
Maringá,3,90,2,1,585000
Gleba Fazenda Palhano,2,47,1,1,260000
Centro,3,103,1,1,400000
Conjunto Habitacional Alexandre Urbanas,3,65,1,1,195000
Conjunto Café,3,60,1,1,200000
Jardim São Paulo II,2,95,2,2,380000
Vale dos Tucanos,2,108,1,3,360000
Jardim Santo Antônio,2,98,1,3,340000
Ouro Verde,2,50,1,1,125000
Catuaí Parque Residence,3,84,1,2,862000
Jardim Morumbi,3,64,1,2,450000
Ideal,2,45,1,1,178000
Brasília,3,70,1,2,290000
Gleba Simon Frazer,3,230,2,4,1600000
Ernani Moura Lima,3,157,3,1,498200
Jardim Morumbi,3,157,4,2,1300000
Jardim São Paulo,3,130,2,2,310000
Terra Bonita,2,62,1,2,700000
São Pedro,2,48,1,1,170000
Centro,1,31,1,1,200000
Gleba Simon Frazer,3,199,4,4,1399870
Olímpico,2,44,1,1,199000
Brasília,3,120,1,2,370000
Ideal,2,78,3,2,380000
Gleba Fazenda Palhano,3,122,2,2,1270000
Gleba Fazenda Palhano,4,395,4,5,5850000
Alpes,3,350,4,3,750000
Leonor,3,87,1,1,360000
Vila Ipiranga,3,63,1,1,250000
Centro,3,204,2,5,2537000
Vila Brasil,2,55,1,1,379900
Parque Jamaica,2,64,1,1,370000
Santa Rosa,3,108,2,3,1200000
Gleba Fazenda Palhano,2,74,2,2,750000
Vila Larsen 1,3,79,1,1,270000
Jardim do Lago,3,213,2,5,2350000
Centro,3,70,1,2,295000
Jardim Paris,3,100,2,2,210000
Jardim Portal dos Pioneiros,2,140,3,2,710000
Quebec,4,406,4,5,1600000
Jardim Tarumã,3,156,2,3,580000
Ideal,3,145,4,2,1175000
Heimtal,3,51,1,1,215000
Terra Bonita,3,69,1,2,500000
Champagnat,3,58,1,1,330000
Parque Residencial Alcântara,2,60,1,1,240000
Jardim Jóquei Club,2,45,1,1,180000
Cidade Industrial 2,4,258,4,5,2190000
Dom Bosco,3,81,1,2,330000
Gleba Fazenda Palhano,3,182,2,5,2180000
Brasília,3,150,2,2,590000
Jardim Burle Marx,1,32,1,1,200000
Centro,2,62,1,1,255000
Jardim Maria Celina,2,72,1,1,210000
Santa Rita 1,3,100,1,1,240000
Jardim Agari,1,56,1,2,470000
San Fernando,3,60,1,1,160000
Vila Larsen 1,2,60,1,1,290000
Centro,3,86,2,2,840000
Santa Rosa,2,69,1,1,585000
Jardim Monte Sinai,3,137,2,2,580000
Alto da Colina,1,44,1,1,150000
Antares,3,55,1,1,250000
Olímpico,2,47,1,1,265000
Luiz de Sá,3,74,2,2,180000
Caiçaras,4,298,4,5,1600000
Conjunto Habitacional Alexandre Urbanas,3,174,2,3,750000
Califórnia,3,119,2,2,650000
Brasília,3,110,2,2,450000
Jardim Campos Verdes,3,164,3,2,402000
Champagnat,3,165,4,3,850000
Granville Parque Residencial,3,320,2,5,1830000
Vila Filipin,2,49,1,2,188800
Campo Belo,4,393,4,4,2650000
Conjunto Habitacional Alexandre Urbanas,3,172,4,3,1750000
Jardim Itatiaia 2,4,400,4,4,1600000
Vila Fujita,3,165,3,2,780000
Centro,3,142,1,3,450000
Brasília,2,69,1,2,600000
Jardim São Paulo II,3,63,1,2,225000
Gleba Fazenda Palhano,2,83,2,3,890000
Dom Pedro,3,140,4,3,1280000
Jardim Tarumã,3,148,2,3,848000
Gleba Fazenda Palhano,3,236,3,5,2798500
Centro,3,129,2,3,820000
Gleba Fazenda Palhano,3,230,2,3,2000000
Vale dos Tucanos,3,64,1,1,245000
Caiçaras,4,300,4,5,2300000
Gleba Fazenda Palhano,3,93,2,2,859000
Centro,3,90,2,4,480000
Jardim Santo Antônio,3,95,1,3,340000
Jardim Presidente,2,71,1,2,770000
Conjunto Habitacional Doutor Farid Libos,2,47,1,1,170000
Vivendas do Arvoredo,2,70,1,2,720000
Vivendas do Arvoredo,3,198,2,4,2650000
Ideal,3,82,1,2,342000
Colúmbia,3,83,1,2,373000
Jardim Morumbi,2,52,1,1,230000
Terra Bonita,3,92,2,3,947000
Centro,2,65,1,1,410000
Gleba Fazenda Palhano,3,69,1,2,535000
Centro,4,330,2,4,1368000
Centro,3,65,1,2,285000
Parque Jamaica,2,47,1,2,230000
Lindóia,3,120,2,2,320000
Gleba Fazenda Palhano,1,62,1,2,799000
Jardim Jóquei Club,2,47,1,1,245000
Centro,2,60,1,1,270000
Shangri-lá,4,130,2,2,220000
Jardim do Sol,2,224,4,2,360000
Petrópolis,4,172,4,3,750000
Vale dos Tucanos,2,45,1,1,275000
Alto da Boa Vista,3,90,1,1,265000
Jardim dos Estados,2,80,1,1,315000
Residencial Abussafe,1,60,3,1,220000
Aurora,3,68,1,2,520000
Boa Vista,5,321,3,2,750000
Gleba Fazenda Palhano,3,99,2,2,890000
Bela Suiça,4,333,4,4,4000000
Gleba Fazenda Palhano,2,45,1,1,310000
Centro,3,165,2,5,1800000
Jardim Imagawa,3,72,1,2,319270
Brasília,2,125,1,2,318000
Vivendas do Arvoredo,3,370,4,5,2990000
Jardim do Lago,3,81,1,2,680000
Parque Residencial Alcântara,5,251,2,4,1200000
Conjunto Habitacional Doutor Farid Libos,2,43,1,1,175000
Nova Olinda,2,45,1,1,135000
Jardim Alto do Cafezal,3,124,2,2,500000
Gleba Fazenda Palhano,1,58,2,2,620000
Brasília,2,46,1,1,202000
Quebec,3,501,5,3,1800000
Jardim Campos Verdes,2,93,1,1,255000
Vila Fujita,1,313,3,3,1200000
Vila Siam,2,71,1,2,475000
Esperança,4,280,4,5,3500000
Gleba Fazenda Palhano,2,51,1,1,495000
Cidade Industrial 2,2,70,1,1,240000
Santa Rosa,4,400,4,3,2990000
Jardim Santa Cruz,2,48,1,1,140000
Santa Rosa,3,69,2,2,680000
Lima Azevedo,2,55,1,1,280000
Brasília,3,300,4,2,260000
Sabará III,2,123,2,1,340000
Jardim Colúmbia D,2,96,3,3,700000
Gleba Simon Frazer,3,144,2,3,595000
Conjunto Habitacional Violim,4,132,4,2,320000
Brasília,2,75,2,2,312000
Ouro Verde,2,45,1,1,175000
Conjunto Habitacional Alexandre Urbanas,3,149,3,5,1350000
Vila Larsen 1,2,54,1,1,340000
Califórnia,1,123,2,2,750000
Jardim Prefeito Milton Menezes,3,75,2,2,320000
Terra Bonita,3,84,2,2,840000
Esperança,3,312,4,2,3500000
Gleba Ribeirão Limeiro,2,44,1,1,215000
Vila Siam,3,71,2,2,590000
Gleba Fazenda Palhano,3,214,3,4,2880000
Jardim Planalto,3,170,2,1,650000
Jardim Maria Celina,2,47,1,1,108000
Jardim Itapoá,2,71,3,1,240000
Nova Olinda,2,48,1,1,120000
Jardim Presidente,4,377,4,5,1500000
Brasília,3,86,1,2,450000
Jardim das Américas,2,46,1,1,150000
Conjunto Habitacional Maria Cecília Serrano de Oliveira,2,100,1,1,170000
Gleba Fazenda Palhano,2,58,1,2,720000
Brasília,3,250,2,2,473000
Nossa Senhora de Lourdes,3,96,1,2,350000
Brasília,3,84,1,2,299900
Jardim Agari,3,250,3,4,1200000
Conjunto Habitacional Alexandre Urbanas,3,189,4,4,1590000
Giovani Lunardelli,2,67,1,2,295000
Leonor,3,78,2,1,360000
Centro,4,405,3,5,1980000
Vila Balarotti,3,75,1,2,350000
Santa Rosa,2,75,1,2,790000
Terra Bonita,2,69,1,2,450000
Gleba Simon Frazer,3,199,4,4,1380000
Champagnat,3,58,1,1,419000
Alto da Colina,1,26,1,1,124050
Santa Rosa,3,69,2,2,595000
Chácaras Mussahiro,3,110,2,2,560000
Jardim Imagawa,2,110,4,1,350000
Campo Belo,3,98,1,2,350000
Judith,3,84,1,2,650000
Caravelle,3,390,4,3,1200000
Gleba Fazenda Palhano,3,130,2,3,1100000
Quebec,3,600,4,2,1590000
Quebec,4,209,4,2,750000
Terra Bonita,2,92,2,2,938200
Jardim Padovani,2,60,2,1,285000
Jardim Tarumã,3,148,2,3,850000
Colinas,2,45,1,1,180000
Ernani Moura Lima,3,60,4,1,195000
Canaã,4,450,4,5,3000000
Califórnia,3,70,1,2,330000
Jardim Palermo,3,120,2,1,420000
Brasília,2,43,1,1,149000
Andrade,4,410,4,5,1050000
Recreio,4,60,2,2,199000
Operária,1,325,2,5,2100000
Vale dos Tucanos,2,48,1,1,255000
Taliana,2,47,1,1,165000
Gleba Fazenda Palhano,4,214,3,4,2690000
Vila Fujita,4,234,2,4,1490000
Residencial José Lázaro Gouvea,3,220,2,5,2600000
São Lourenço,3,90,3,2,450000
Recanto do Pitanguá,4,514,3,5,3199000
Brasília,3,100,2,2,480000
Parque Jamaica,2,60,1,2,460000
Bandeirantes,3,74,2,2,360000
Maria Lúcia,4,186,2,1,340000
Esperança,4,296,4,5,2980000
Gleba Fazenda Palhano,3,84,2,2,790000
Gleba Fazenda Palhano,3,79,2,2,640000
Terra Bonita,3,73,2,1,580000
Jardim ltaparica,3,75,2,1,320000
Jardim São Jorge,3,159,2,3,1715000
Jardim América,3,71,1,2,370000
Brasília,3,144,4,2,370000
Vila Filipin,2,50,1,2,210000
Esperança,3,216,2,5,2350000
Recanto do Salto,3,220,2,3,2800000
Centro,2,107,1,2,350000
Terra Bonita,2,64,2,2,455000
Jardim Montecatini,3,194,4,4,1872000
Paraíso,2,51,1,1,170000
Gleba Fazenda Palhano,2,78,2,2,565000
Tucano,4,804,5,5,4980000
Jardim Guararapes,3,155,1,1,869000
Gleba Ribeirão Limeiro,3,147,4,1,1220000
Conjunto Habitacional Doutor Farid Libos,2,47,1,1,180000
Hedy,3,142,4,2,430000
Jardim Maria Luiza,3,180,2,4,510000
Jardim Morumbi,3,63,1,2,350000
Gleba Fazenda Palhano,3,130,2,5,1550000
Cidade Industrial 2,2,40,1,1,115000
Gleba Fazenda Palhano,3,130,2,2,995000
Esperança,5,303,5,2,3190000
Gleba Fazenda Palhano,3,166,2,5,1550000
Brasília,2,46,1,1,250000
Gleba Fazenda Palhano,2,92,2,3,1080000
Jardim São Paulo II,1,56,1,1,215000
Terra Bonita,3,70,2,2,730000
Jardim Padovani,2,70,2,1,220000
Lindóia,3,46,2,3,300000
Jardim Shangri-la A,4,400,5,3,1385000
Jardim São Paulo,2,77,2,2,220000
Vila Siam,2,70,1,1,670000
Campo Belo,1,563,5,4,2500000
Jardim Morumbi,2,41,1,1,205000
Gleba Fazenda Palhano,3,181,2,5,2790000
Aurora,2,50,1,1,450000
Santa Rosa,3,183,2,5,2185000
Gleba Fazenda Palhano,2,81,2,2,799000
Brasília,3,132,3,2,580000
Alpes,3,114,2,2,380000
Jardim Maria Celina,2,60,1,1,109000
Ernani Moura Lima,2,53,1,1,195000
Brasília,3,115,2,3,470000
Jardim Portal de Itamaracá,3,117,2,2,610000
Vivendas do Arvoredo,5,320,4,4,3490000
Vila Siam,3,69,1,2,500000
Bandeirantes,3,450,5,3,1600000
Terra Bonita,3,317,2,5,2100000
Champagnat,4,158,2,3,710000
Jardim Montecatini,1,76,1,2,340000
Gleba Fazenda Palhano,3,138,2,3,1750000
Jardim Montecatini,3,75,1,2,420000
Nova Olinda,2,45,1,1,145000
Terra Bonita,2,70,2,2,589000
Vale das Araucárias,4,540,4,5,2640000
Brasília,3,120,2,2,250000
Ouro Verde,3,115,1,2,410000
Esperança,3,120,2,2,550000
Conjunto Habitacional Violim,3,145,2,2,468160
Gleba Fazenda Palhano,3,95,2,2,950000
Jardim Guararapes,3,220,2,3,650000
Conjunto Habitacional José Giordano,3,70,3,1,190000
Vila Rodrigues,3,74,3,1,179000
Cambará,4,217,3,3,680000
Brasília,3,82,1,2,346500
Centro,3,72,1,2,331000
Esperança,4,328,4,5,2500000
Brasília,2,161,4,3,370000
Jardim Itapoá,3,115,3,2,320000
Parque Jamaica,3,71,1,1,495000
Centro,4,208,2,4,778000
Gleba Fazenda Palhano,2,82,2,2,820000
Conjunto Habitacional Maria Cecília Serrano de Oliveira,2,135,2,2,175000
Jardim ltaparica,3,75,2,1,330000
Gleba Fazenda Palhano,3,111,1,2,1298000
Conjunto Parigot de Souza 1,2,80,2,1,230000
Conjunto Habitacional Jamile Dequech,2,105,1,1,230000
Brasília,3,120,2,2,545000
Santa Rosa,3,78,2,2,640000
Jardim São Francisco de Assis,3,152,5,2,485000
Heimtal,3,104,2,1,495000
Andes,3,217,4,3,720000
Jardim Maria Celina,3,79,1,2,298000
Gleba Fazenda Palhano,2,46,1,1,340000
Gleba Fazenda Palhano,3,165,2,5,1890000
Centro,3,106,1,2,250000
Aurora,3,68,1,2,577000
Caiçaras,4,549,5,5,4700000
Jardim Moema,2,70,1,1,245000
Guanabara,4,430,4,5,2500000
Centro,1,45,1,1,265000
Cafezal,3,92,2,2,450000
Centro,2,67,2,2,280000
Residencial Abussafe,3,120,3,2,450000
Brasília,3,72,1,3,319000
Centro,4,367,2,5,1300000
Conjunto Farid Libos,3,68,2,2,270000
Conjunto Habitacional Jamile Dequech,2,150,1,1,120000
Gleba Fazenda Palhano,2,74,2,2,750000
Residencial Abussafe,2,200,4,1,429000
Gleba Fazenda Palhano,3,216,3,4,3200000
Estância Santa Paula,4,476,5,5,4200000
Gleba Simon Frazer,3,206,4,2,1600000
Centro,2,54,1,1,240000
Gleba Fazenda Palhano,3,103,2,3,950000
Alto da Colina,1,39,1,1,135000
Heimtal,2,147,1,2,615000
Vila Siam,2,69,2,1,600000
Centro,1,40,1,1,180000
Jardim Higienópolis,2,240,1,2,580000
Centro,3,117,2,1,480000
Jardim das Américas,3,58,1,1,140000
Gleba Ribeirão Limeiro,2,47,1,1,235000
Vale dos Tucanos,2,46,1,1,210000
Centro,2,66,1,1,330000
Guanabara Parque Boulevard,2,89,2,1,930000
Conjunto Habitacional Alexandre Urbanas,3,81,1,2,398700
Santa Rosa,4,250,4,5,2200000
Brasília,2,56,1,1,295000
Parque Jamaica,2,51,1,1,288000
Bandeirantes,3,90,2,2,490000
Vale dos Tucanos,3,64,1,1,200000
Vila Ipiranga,3,130,2,3,750000
Colinas,2,76,1,1,300000
São Lourenço,5,420,3,5,749470
Centro,3,128,3,2,1400000
Veraliz,3,85,2,2,280000
Gleba Fazenda Palhano,4,514,4,5,3500000
Residencial Professora Marieta,3,141,4,3,410000
Antares,3,78,1,2,300000
Conjunto Habitacional Doutor Farid Libos,2,44,1,1,190000
Gleba Fazenda Palhano,3,185,3,4,2150000
Gleba Fazenda Palhano,2,47,1,1,345000
Ouro Verde,2,47,1,1,170000
Kennedy,3,202,2,4,1399560
Colúmbia,3,126,2,3,490000
Olímpico,2,60,1,1,145000
Champagnat,4,325,4,4,1500000
Brasília,3,120,2,2,450000
Jardim Nações Unidas,2,46,1,1,190000
Gleba Fazenda Palhano,3,92,2,2,830000
Jardim Morumbi,3,181,4,3,1590000
Portal de Versalhes 1,1,208,2,3,985000
Operária,3,590,5,3,1590000
Brasília,3,98,2,2,460000
Conjunto Habitacional José Garcia Molina,2,81,1,2,319850
Bandeirantes,3,72,2,2,359780
Parque Residencial Joaquim Toledo Piza,3,130,2,1,695000
Cinco Conjuntos,3,100,1,2,250000
Leonor,3,78,1,1,266260
Jardim Paraná,2,70,1,1,199000
Conjunto Habitacional Maria Cecília Serrano de Oliveira,2,80,1,1,170000
Terra Bonita,3,67,1,2,425000
Jardim Nações Unidas,3,82,1,2,450000
Portal de Versalhes 1,1,50,1,1,170000
Santa Rosa,2,90,1,2,1015000
Jardim Jóquei Club,2,47,1,1,239000
Ernani Moura Lima,3,118,2,1,297000
Santa Rosa,3,245,3,5,3390000
Paraíso,2,44,1,1,159000
Jardim Maria Celina,2,48,1,1,190000
Centro,3,91,1,3,550000
Jardim Burle Marx,5,204,4,4,1200000
Brasília,3,65,1,1,316000
Gleba Fazenda Palhano,2,45,1,1,320000
Heimtal,3,80,2,2,390000
Gleba Fazenda Palhano,3,130,2,2,1080000
Gleba Fazenda Palhano,3,127,2,3,1450000
Luiz de Sá,3,90,2,1,250000
Vivendas do Arvoredo,4,273,2,5,4200000
Maria Lúcia,3,165,4,3,650000
Gleba Fazenda Palhano,3,120,2,2,1170000
Alpes,3,130,2,3,530000
Jardim Alto do Cafezal,2,92,1,2,450000
Esperança,4,324,4,4,3100000
Jardim Montecatini,2,250,4,3,1175000
Califórnia,3,140,2,3,691000
Colúmbia,3,94,2,2,385000
Vivendas do Arvoredo,3,400,4,4,5260000
Brasília,4,165,2,2,724100
Mediterrâneo,5,500,4,5,1600000
Heimtal,3,90,2,2,500000
Guanabara,3,269,4,4,3900000
Jardim Maria Celina,2,54,1,1,120000
Andes,3,70,2,1,290000
Jardim Vale Azul,3,70,2,1,280000
Shangri-lá,3,154,2,2,349999
Jardim América,3,76,2,2,290000
Gleba Fazenda Palhano,3,173,2,3,1990000
Gleba Fazenda Palhano,3,110,3,4,1250000
Jardim Santa Alice,3,81,1,2,350000
Centro,3,141,1,3,435000
Leonor,2,46,1,1,139000
Igapó,3,76,1,1,250000
Catuaí Parque Residence,4,333,4,4,1849900
Jardim Presidente,4,457,5,5,1950000
Jardim Presidente,2,71,2,2,650000
Esperança,3,270,4,5,1790000
Pacaembu,3,185,3,1,680000
Recanto do Salto,3,420,4,5,3500000
Gleba Simon Frazer,3,144,3,1,595000
Parque Universidade,3,88,2,2,350000
Gleba Fazenda Palhano,3,125,2,4,1400000
Centro,3,86,2,2,798000
Jardim Presidente,3,198,1,2,660000
Centro,2,82,1,1,420000
Jardim Portal de Itamaracá,3,117,2,2,610000
Kennedy,2,191,2,1,1450000
Brasília,3,70,1,2,295000
Jardim do Sol,4,181,2,2,480000
Gleba Fazenda Palhano,5,480,5,5,2850000
Colinas,2,49,1,1,180000
Conjunto Habitacional Milton Gavetti,3,110,2,2,425000
Vila Larsen 1,4,125,4,2,530000
Aspen Park Residence,3,228,4,5,1200000
Santa Rosa,3,78,2,2,636000
Jardim Lilian,3,108,1,3,290000
Jardim Paris,2,70,3,1,200000
Antares,3,65,1,2,300000
Jardim Planalto,3,120,2,2,250000
Conjunto Farid Libos,3,106,1,1,180000
Brasília,3,197,4,4,1590000
Bela Suiça,4,427,4,5,5980000
Vila Ipiranga,5,184,2,3,850000
Centro,3,64,1,2,430000
Nossa Senhora de Lourdes,3,110,1,2,320000
Terra Bonita,3,74,1,2,532000
Portal de Versalhes 1,1,50,1,1,170000
Jardim Agari,2,55,1,2,510000
Olímpico,2,183,2,3,1190000
Antares,3,86,1,2,520000
Colúmbia,3,100,2,2,455000
Esperança,3,220,4,4,1680000
Rodocentro,3,110,2,3,553000
Esperança,3,260,4,3,1900000
Armindo Guazzi,3,78,2,1,450000
Gleba Fazenda Palhano,3,162,2,5,1390000
Conjunto Habitacional Doutor Farid Libos,2,45,1,1,200000
Jardim Londrilar,3,146,2,2,850000
Santa Rita 3,2,100,3,2,650000
Cidade Industrial 2,2,70,1,1,210000
Jardim Tropical,2,80,5,2,300000
Gávea,3,121,2,2,579480
Gleba Fazenda Palhano,2,46,1,1,290000
Conjunto Habitacional João Turquino,2,43,1,1,140000
Conjunto Café,3,77,1,2,200000
Brasília,2,80,2,1,195000
Jardim Jóquei Club,2,41,1,1,160000
Centro,3,75,2,2,740000
Califórnia,3,215,2,1,990000
Gleba Fazenda Palhano,3,123,2,4,1280000
Santa Rosa,3,205,3,5,2500000
Estância Santa Paula,4,442,4,5,3980000
Jardim Agari,2,56,1,1,120000
Jardim Higienópolis,3,90,2,2,550000
Cláudia,3,66,1,2,295000
Coroados,3,125,2,3,550000
Gleba Fazenda Palhano,2,51,1,1,370000
Nossa Senhora de Lourdes,2,52,1,1,235000
Terras de Santana II,4,280,2,4,1500000
Conjunto Habitacional João Turquino,2,45,1,1,169000
Gleba Fazenda Palhano,3,122,2,3,1290000
Recanto do Salto,5,445,4,5,4990000
Jardim Tarumã,4,260,4,5,980000
Vivendas do Arvoredo,4,267,2,5,3250000
Gleba Fazenda Palhano,2,90,2,2,895000
Santa Rosa,2,69,1,1,450000
Jardim Sérgio Antônio,3,112,3,4,976450
Jardim Burle Marx,3,147,2,3,1190000
Esperança,4,253,4,5,1800000
Brasília,3,273,4,3,1750000
Olímpico,3,137,2,3,890000
Canaã,5,247,3,5,2000000
Gleba Fazenda Palhano,3,95,2,2,600000
Jardim Morumbi,2,140,2,3,1050000
Jardim dos Estados,3,122,4,4,550000
Caiçaras,3,549,5,5,4700000
Jardim Bandeirantes,2,60,1,1,160000
Centro,3,81,1,2,670000
Recanto do Salto,1,109,4,2,1500000
Jardim Morumbi,3,183,2,3,1480000
Aurora,2,67,1,2,460000
Condominio Residencial Habitten Santa Regina,3,162,4,4,1400000
Centro,3,78,1,1,380000
Gleba Fazenda Palhano,3,216,3,4,2800000
Brasília,2,46,1,1,192000
Gleba Fazenda Palhano,3,95,2,2,990000
Jardim das Américas,2,44,1,1,180000
Jardim Higienópolis,3,109,1,2,480000
Centro,4,550,5,3,1980000
Conjunto Habitacional Alexandre Urbanas,3,278,4,4,2049000
Santa Rosa,3,245,3,4,3390000
Centro,2,86,2,2,780000
Conjunto Habitacional Alexandre Urbanas,3,215,4,5,1700000
Centro,3,109,1,3,410000
Gleba Simon Frazer,3,186,4,1,1450000
Centro,3,107,1,1,550000
Centro,3,74,1,2,560000
Santa Rosa,3,245,3,4,3400000
Esperança,3,362,3,4,2950000
Ernani Moura Lima,4,128,4,3,550000
Jardim Morumbi,3,63,1,1,349900
Vila Nova,2,54,1,2,270000
Lago Parque,4,359,2,5,1450000
Centro,3,206,2,4,750000
Perobinha,2,60,1,1,90000
São Vicente,3,130,1,3,550000
Parque Jamaica,2,67,1,2,390000
Quebec,3,349,5,4,1950000
Hedy,3,180,2,1,650000
Olímpico,2,44,1,1,199000
Gleba Ribeirão Limeiro,2,44,1,1,215000
Waldemar Hauer,3,197,4,1,470000
Terra Bonita,2,70,1,2,549000
Centro,3,116,1,2,510000
Alto da Boa Vista,3,150,2,2,450000
Centro,3,65,1,2,450000
Alpes,3,140,2,2,420000
Jardim Pérola,3,115,2,3,590000
Gleba Fazenda Palhano,3,130,2,3,1070000
Leonor,1,70,3,1,280000
Centro,2,57,1,2,285000
Jardim Nações Unidas,2,53,1,1,155000
Cláudia,3,72,1,2,405000
Gleba Fazenda Palhano,2,45,1,1,270000
Lago Parque,3,384,5,5,2450000
Jardim Higienópolis,4,102,1,2,510000
Conjunto Habitacional Doutor Farid Libos,2,48,1,1,190000
Ernani Moura Lima,2,90,3,1,229590
Brasília,3,81,2,2,435000
Cafezal,3,100,2,3,450000
Boa Vista,2,55,1,1,255000
Gleba Fazenda Palhano,4,230,3,5,1499890
Esperança,3,202,4,4,2000000
Colinas,3,87,1,2,357000
Gleba Simon Frazer,3,212,4,4,1700000
Jardim Santo André,2,70,5,1,150000
Cafezal,3,160,2,2,450000
Portal de Versalhes 2,2,201,2,3,510000
Colúmbia,2,50,1,1,220000
Judith,3,84,2,2,355000
Centro,1,342,5,5,2300000
Jardim Londrilar,3,166,2,4,1600000
Esperança,5,258,4,5,3200000
Gleba Fazenda Palhano,3,165,2,5,1880000
Parque Residencial Elizabeth,3,120,2,1,395000
Califórnia,2,47,1,1,130000
Parigot de Souza 2,2,45,1,1,219000
Jardim Agari,3,51,1,1,240000
Parque Residencial Alcântara,3,492,3,5,2980000
Brasília,3,98,1,2,986000
Califórnia,3,80,2,1,280000
Centro,3,106,2,5,580000
Jardim Agari,3,117,1,1,350000
Aragarça,3,365,4,2,1800000
Gleba Fazenda Palhano,3,82,2,2,595000
Judith,3,110,2,2,695000
Ouro Verde,3,115,1,1,410000
Brasília,4,400,3,5,2772000
Guanabara Parque Boulevard,3,80,1,1,600000
Vivendas do Arvoredo,3,104,2,3,1100000
Conjunto Habitacional José Garcia Molina,2,42,1,1,195000
Ideal,3,70,2,2,290000
Gleba Fazenda Palhano,2,47,1,1,300000
Jardim do Leste,3,160,2,3,599000
Brasília,3,126,2,3,387000
Alpes,4,275,4,4,990000
Heimtal,3,112,2,3,585000
Gleba Fazenda Palhano,4,410,4,2,3500000
Gleba Fazenda Palhano,3,95,2,2,950000
Ouro Verde,2,46,1,2,245000
Califórnia,3,150,2,1,800000
Industrial,3,59,1,1,170000
Gleba Fazenda Palhano,2,47,1,1,270000
Vila Ipiranga,2,52,1,1,330000
Gleba Fazenda Palhano,2,74,2,2,575000
Mediterrâneo,4,450,4,5,2700000
Santa Rosa,3,245,3,4,3390000
Residencial Quadra Norte,4,197,3,3,560000
Conjunto Habitacional José Garcia Molina,2,45,1,1,155000
Jardim Morumbi,3,181,4,5,1450000
Jardim Montecatini,3,75,1,2,379000
Jardim Bandeirantes,3,54,1,1,165000
Parque Residencial Alcântara,3,300,4,4,3100000
Conjunto Habitacional José Giordano,4,150,4,2,299000
Brasília,3,248,4,4,560000
Leonor,3,110,4,2,449660
Cidade Industrial 2,1,44,1,1,176000
Vila Larsen 1,4,140,5,2,700000
Ideal,3,87,1,1,371000
Parque Jamaica,4,105,2,2,650000
Centro,3,89,1,2,480000
Conjunto Habitacional Doutor Farid Libos,2,45,1,1,200000
Bela Suiça,5,1000,5,5,15000000
Terra Bonita,3,242,4,3,1600000
Bela Suiça,3,74,1,2,490000
Jardim Agari,3,98,1,1,515000
Jardim Anaterra,3,70,3,1,140000
Bandeirantes,3,72,2,3,360000
Condomínio Royal Golf Residence,3,200,2,5,3000000
Centro,3,204,2,4,2399000
Colinas,2,41,1,1,200000
Gleba Fazenda Palhano,2,51,1,1,450000
Gleba Fazenda Palhano,3,137,2,4,1650000
Jardim Londrilar,3,205,3,5,1800000
Aquilles Sthengel,2,60,2,1,130000
Nova Olinda,3,75,1,2,280000
Jardim Adriana II,3,70,1,2,179000
Jardim Nações Unidas,3,84,1,2,360000
Vila Shimabokuro,1,41,1,1,160000
Santa Rosa,3,182,2,3,2180000
Terras de Santana II,4,480,2,3,2500000
Aurora,3,75,1,2,699000
Jardim Santa Alice,3,157,1,2,680000
Gleba Fazenda Palhano,3,120,1,3,1100000
Olímpico,2,55,1,1,250000
Santa Rita 1,3,102,1,1,285000
Centro,5,241,3,2,1500000
Centro,3,189,1,3,750000
Aurora,2,64,1,2,600000
Nossa Senhora de Lourdes,2,56,1,2,240000
Jardim Morumbi,2,79,2,2,309900
Centro,3,137,2,3,550000
Vale dos Tucanos,2,100,1,3,330000
Terra Bonita,3,84,1,2,840000
Centro,3,87,1,2,339000
Gleba Fazenda Palhano,3,190,3,5,1290000
Brasília,3,70,2,2,250000
Santa Rosa,3,363,4,5,3850000
Parque Jamaica,3,107,1,2,520000
Esperança,3,144,3,2,1300000
Mediterrâneo,4,250,4,5,1900000
Conjunto Café,4,177,4,2,400000
Brasília,2,47,1,1,200000
Terra Bonita,3,69,2,2,580000
Brasília,2,51,1,1,122000
Guanabara,3,151,2,1,1200000
Centro,3,148,2,4,1450000
Jardim Nações Unidas,2,46,1,1,197000
Jardim dos Estados,2,80,2,2,350000
Aurora,2,64,1,2,580000
Esperança,3,216,3,5,2350000
Residencial José Lázaro Gouvea,3,70,1,1,530000
Brasília,2,71,1,1,145000
Dom Ático,3,165,3,2,690000
Vila Brasil,3,180,5,2,800000
Brasília,3,82,1,2,317000
Jardim Maria Celina,2,47,1,1,180000
Bela Suiça,4,240,4,4,3290000
Brasília,2,46,1,1,200000
Gleba Fazenda Palhano,2,51,1,1,430000
Jardim Ilha do Mel,3,293,5,2,650000
Centro,3,138,1,3,650000
Centro,3,77,1,2,320000
Cambezinho,3,103,1,1,254560
Esperança,4,490,4,5,7000000
Brasília,2,55,1,2,300000
Residencial Quadra Norte,1,95,2,2,309000
Gleba Fazenda Palhano,2,74,2,2,750000
Paulista,3,174,1,3,535000
Gleba Fazenda Palhano,3,216,3,5,2200000
Jardim Morumbi,3,63,1,2,360000
Brasília,2,45,1,1,223000
Esperança,4,660,3,5,7900000
Esperança,4,292,4,5,2900000
Jardim Alah,4,226,3,4,1400000
Vila Rica,3,177,3,2,350000
Jardim das Américas,3,57,1,1,160000
Centro,3,253,3,4,1500000
Santa Rosa,3,108,2,2,1290000
Centro,3,80,1,2,680000
Ricardo,3,79,2,1,390000
Centro,3,141,2,3,580000
Gleba Fazenda Palhano,2,62,1,2,695000
Leonor,3,90,1,1,270000
Brasília,3,220,2,4,1480000
Brasília,3,119,3,2,468000
Jardim Shangri-la A,4,302,5,3,1750000
Brasília,2,45,2,1,145000
Ipanema,3,260,4,4,535000
Parque Jamaica,2,48,1,1,145000
Estância Santa Paula,4,461,5,5,4200000
Centro,3,101,1,2,495000
Parque das Indústrias,3,276,1,1,500000
Centro,3,67,1,3,480000
Jardim Montecatini,3,75,2,2,380000
Leonor,2,80,2,1,300000
Brasília,2,65,1,2,329990
Centro,3,127,2,3,610000
Loteamento Chamonix,3,81,1,2,435000
Gleba Fazenda Palhano,3,122,2,3,1299000
Santa Rosa,3,87,2,2,929000
Petrópolis,3,78,1,1,735000
Vivendas do Arvoredo,3,180,4,1,2390000
Santa Inês,3,208,4,2,465000
Operária,3,400,4,2,1700000
Jardim Belém,2,59,1,1,250000
São Vicente,2,96,2,3,360000
Gleba Fazenda Palhano,3,95,2,2,949000
Centro,3,74,1,2,319000
Gleba Fazenda Palhano,3,100,2,2,960000
Jardim São Jorge,3,79,3,2,198000
Gleba Fazenda Palhano,2,62,1,2,615000
Aurora,3,70,1,2,480000
Jardim Honda 2,2,112,2,3,400000
Brasília,2,118,1,3,350000
Gleba Fazenda Palhano,3,145,2,3,1080000
Gleba Fazenda Palhano,2,75,2,2,790000
Nossa Senhora de Lourdes,2,52,1,1,250000
Centro,5,242,2,5,1200000
Jardim São Jorge,4,283,4,5,3800000
Residencial José B Almeida,3,90,1,1,350000
Recanto do Salto,5,341,4,5,3200000
Jardim Maria Luiza,2,41,1,1,106667
Guanabara Parque Boulevard,3,104,2,2,1100000
Terra Bonita,2,84,2,2,810000
Marumbi,4,191,4,4,1390000
Jardim dos Estados,2,80,1,1,305000
Gleba Simon Frazer,3,214,4,5,1690000
Conjunto Habitacional Alexandre Urbanas,3,145,4,2,1100000
Centro,3,213,2,4,750000
Brasília,3,250,3,2,600000
Guanabara,4,378,4,5,6850000
Cambará,3,135,2,2,549000
Gleba Fazenda Palhano,3,200,4,5,2350000
Jardim Morumbi,2,65,1,1,290000
Centro,3,100,1,3,530000
Recanto do Salto,4,540,5,5,4500000
Centro,3,83,1,2,300000
Gleba Fazenda Palhano,3,112,2,3,990000
Gleba Fazenda Palhano,3,173,2,5,1930000
San Remo,3,141,2,3,450000
Califórnia,3,184,4,1,625000
Brasília,3,86,2,2,660000
Conjunto Habitacional Maria Cecília Serrano de Oliveira,2,50,2,1,165000
São Pedro,3,95,2,1,430000
Jardim Colúmbia D,2,90,2,2,410000
Brasília,2,284,2,1,300000
Parque Residencial Joaquim Toledo Piza,3,135,2,2,695000
Brasília,3,180,2,2,644000
Jardim Tarumã,3,157,2,3,550000
Brasília,2,49,1,1,170000
Gleba Fazenda Palhano,3,83,2,2,750000
Jardim Lago Norte,3,63,1,1,190000
Jardim Burle Marx,3,200,4,3,1300000
Caiçaras,3,206,3,4,900000
Parque das Indústrias,3,95,2,1,380000
Bela Suiça,4,427,4,5,6500000
Cafezal,3,140,2,1,250000
Jardim Graziela,3,85,1,2,440000
Gleba Fazenda Palhano,3,124,2,3,1200000
Centro,3,95,1,3,480000
Gleba Fazenda Palhano,3,195,2,4,2245000
Parque Residencial Elizabeth,2,60,1,1,225000
Jardim Santa Alice,2,90,3,1,418000
Gleba Simon Frazer,3,205,4,5,1550000
Nossa Senhora de Lourdes,2,78,1,2,318000
Brasília,3,227,5,3,680000
Vila Brasil,2,65,1,2,380000
Gleba Fazenda Palhano,2,89,2,3,1090000
Brasília,3,68,1,2,235000
Vila Brasil,1,45,1,1,178000
Brasília,2,45,1,1,235000
Centro,3,70,1,3,285000
Champagnat,3,445,1,2,2500000
Gleba Simon Frazer,3,199,2,2,1400000
Alto da Colina,1,26,1,1,150000
Petrópolis,3,78,1,2,620000
Jardim América,5,362,5,4,1200000
Olímpico,3,56,1,1,310000
Jardim Agari,2,92,1,2,380000
Jardim Higienópolis,4,97,1,3,370000
Centro,3,106,1,1,439000
Gleba Fazenda Palhano,3,185,2,5,1895000
Conjunto Café,3,150,4,2,428000
Olímpico,3,120,3,2,230000
Bancários,3,220,4,2,585000
Centro,3,151,2,2,600000
Brasília,3,126,2,2,350000
Portal de Versalhes 1,3,191,2,2,650000
Bancários,2,120,2,2,400000
Jardim Morumbi,3,210,4,4,1790000
Gleba Fazenda Palhano,1,133,2,3,1575000
Jardim Morumbi,3,182,2,4,1490000
Bela Suiça,3,232,3,5,3200000
Aeroporto,3,97,2,2,300000
Brasília,3,95,2,2,530000
Esperança,5,570,4,5,5800000
Guanabara Parque Boulevard,3,89,2,2,850000
Olímpico,2,70,1,2,310000
Gleba Fazenda Palhano,3,185,3,3,2300000
Antares,3,72,1,2,200000
Pinheiros,3,162,3,2,500000
Gleba Fazenda Palhano,3,323,4,5,3859000
Jardim Morumbi,2,52,1,1,286000
Parque Jamaica,2,47,1,1,275000
Granville Parque Residencial,3,320,4,5,1600000
Leonor,2,46,1,1,210000
Centro,4,240,3,4,690000
Gleba Fazenda Palhano,3,99,2,2,890000
Conjunto Habitacional Santiago II,2,60,1,1,285000
Centro,3,164,3,5,1033000
Centro,2,85,1,1,240000
Centro,5,510,4,5,1200000
Gleba Fazenda Palhano,2,70,2,2,650000
Centro,3,78,1,3,400000
Jardim Morumbi,3,63,1,1,350000
São Lourenço,2,95,3,1,220000
Gleba Fazenda Palhano,3,167,2,4,2500000
Conjunto Parigot de Souza 1,3,70,1,1,150000
Granville Parque Residencial,4,515,4,5,2150000
Gleba Fazenda Palhano,3,165,2,3,1950000
Jardim do Lago,3,217,2,5,1850000
Alpes,3,104,5,2,480000
Gleba Fazenda Palhano,3,181,2,5,2790000
Conjunto Habitacional Alexandre Urbanas,2,145,2,2,1250000
Petrópolis,3,78,2,2,600000
Bela Suiça,4,419,4,5,5300000
Antares,3,65,1,2,245000
Jardim Presidente,3,73,2,2,750000
Jardim Anaterra,3,75,1,1,270000
Panorama,3,62,1,1,150000
Centro,4,230,2,4,998000
Portal de Versalhes 1,3,260,2,5,940000
Vila Adolfo,2,55,1,1,179000
Dom Bosco,3,94,1,2,305000
Guanabara Parque Boulevard,3,89,2,2,810000
Jardim Planalto,2,68,2,2,270000
Cafezal,4,157,3,2,550000
Gleba Fazenda Palhano,3,216,4,5,2850000
Vivendas do Arvoredo,3,300,5,5,4300000
Esperança,3,451,3,5,3500000
Bela Vista,3,77,1,2,360000
Jardim Morumbi,3,196,4,3,1700000
Gleba Fazenda Palhano,3,173,2,5,1930000
Antares,3,160,3,3,570000
Gleba Fazenda Palhano,3,179,3,5,1850000
Ideal,2,45,1,1,215000
Centro,3,150,1,3,330000
Brasília,3,87,1,2,860000
Vila Brasil,2,65,1,2,380000
Brasília,3,136,2,5,1590000
Terra Bonita,3,130,4,3,925000
Jardim das Américas,3,57,1,1,200000
Jardim Santa Alice,3,116,2,3,850000
Aurora,2,50,1,1,445000
Vila Siam,3,90,1,2,575000
Bandeirantes,3,104,1,3,650000
Jardim Higienópolis,1,56,1,1,290000
Esperança,5,283,4,5,3200000
Esperança,3,315,4,5,3590000
Gleba Fazenda Palhano,2,74,1,1,710000
Jardim Paris,2,96,2,1,165000
Brasília,3,96,1,2,580000
Gleba Fazenda Palhano,3,130,2,5,1550000
Santa Rosa,2,104,2,3,1300000
Conjunto Farid Libos,2,200,2,1,191000
Vila Ipiranga,2,65,1,1,220000
Conjunto Farid Libos,2,125,1,1,254000
Centro,3,122,1,3,419999
Jardim Alto do Cafezal,2,70,1,1,195000
Jardim São Jorge,3,120,2,4,1300000
Jardim Colúmbia D,2,98,1,1,190000
Gleba Fazenda Palhano,3,103,2,2,900000
Centro,4,476,5,5,1700000
Conjunto Habitacional Alexandre Urbanas,3,180,4,3,1650000
Vila Filipin,2,60,1,1,200000
Jardim Portal de Itamaracá,3,84,2,2,350000
Leonor,3,68,1,1,270000
Terra Bonita,3,80,1,2,810080
Brasília,3,90,2,2,365000
Brasília,3,110,1,1,335000
Nova Olinda,2,55,1,1,160000
Centro,3,90,1,1,480000
Centro,3,90,2,3,435000
Santa Rosa,3,205,3,4,2500000
Brasília,2,84,1,1,180000
Aeroporto,3,159,3,2,800000
Newton Guimarães,3,150,4,2,400000
Colinas,2,44,1,1,215000
Gleba Fazenda Palhano,3,90,2,2,839000
Centro,3,94,2,1,842000
Centro,3,96,1,2,325000
Colúmbia,2,110,2,2,340000
Recanto do Salto,5,360,3,5,3500000
Esperança,3,150,2,3,600000
Esperança,4,283,4,4,3200000
Vila Ipiranga,2,52,1,1,280000
Centro,3,96,1,3,410000
Conjunto Habitacional Santiago II,3,124,3,2,560000
Guanabara,3,269,4,5,3790000
Centro,3,143,1,3,650000
Campo Belo,3,124,2,2,1250000
Centro,1,33,1,1,200000
Jardim América,3,67,2,2,380000
Gleba Fazenda Palhano,3,77,1,1,650000
Vila Larsen 1,3,71,1,2,399000
Gleba Fazenda Palhano,3,136,3,4,1760000
Gleba Fazenda Palhano,3,136,2,4,1590000
Brasília,2,74,1,2,550000
Centro,4,214,2,5,850000
Centro,3,63,1,2,300000
Centro,3,157,1,2,600000
Parque Jamaica,3,107,2,2,535000
Jardim Santa Alice,3,120,4,2,624740
Gleba Fazenda Palhano,3,167,2,5,1750000
Centro,3,92,2,2,445000
Jardim São Jorge,4,509,4,5,6000000
Brasília,3,116,1,2,360000
Bandeirantes,1,129,2,1,570000
Gleba Fazenda Palhano,3,122,2,3,1300000
Colúmbia,3,56,2,1,270000
Esperança,4,200,2,3,1900000
Brasília,3,69,1,2,640000
Gleba Simon Frazer,3,214,4,5,1690000
Santa Rita 1,3,140,3,1,350000
Jardim Morumbi,2,65,1,2,440000
Brasília,2,46,1,1,290000
Esperança,3,310,4,5,3500000
Jardim Higienópolis,3,109,1,3,510000
Paraíso,2,47,1,1,170000
Santa Rosa,3,114,2,3,1300000
Jardim Morumbi,2,60,1,1,320000
Guanabara Parque Boulevard,3,80,1,2,610000
Bandeirantes,3,85,2,3,480000
Conjunto Habitacional Alexandre Urbanas,2,45,1,1,170000
Santa Rosa,3,274,4,5,4770000
Centro,3,86,2,2,750000
Jardim Morumbi,3,207,4,4,1590000
Centro,3,69,1,2,469000
Tucano,1,510,4,5,1500000
Brasília,2,70,2,1,335000
Andrade,3,258,4,4,1290000
Dom Ático,3,110,2,2,746000
Cidade Industrial 2,2,43,1,1,220000
Centro,3,142,1,3,450000
Vila Filipin,2,47,2,1,195000
Gleba Simon Frazer,3,186,2,4,1349000
Terra Bonita,3,70,1,2,455000
Santa Rosa,3,77,2,2,750000
Vivendas do Arvoredo,5,720,5,3,14800000
Gleba Fazenda Palhano,3,155,2,4,2000000
Jardim Vale Azul,3,70,2,3,280000
Gleba Fazenda Palhano,3,103,2,3,1280000
Hedy,1,29,1,1,200000
Jardim Morumbi,3,66,1,2,350000
Gleba Fazenda Palhano,3,79,2,2,590000
Jardim Sabará,2,196,3,1,498000
Ricardo,2,68,3,1,110000
Coliseu,3,150,3,1,580000
Bela Suiça,3,156,3,5,1900000
Jardim Tomy,3,94,3,2,389900
Jardim Jóquei Club,2,45,1,1,240000
Gleba Fazenda Palhano,3,75,1,2,610000
Gleba Fazenda Palhano,1,45,1,2,640000
Ideal,2,47,1,1,180000
Aeroporto,3,60,1,1,260000
Jardim Morumbi,2,57,1,2,250000
Ideal,3,100,2,2,400000
Brasília,2,55,1,2,300000
Centro,1,58,1,1,345000
Parque Residencial Joaquim Toledo Piza,3,100,1,1,250000
Guanabara Parque Boulevard,3,89,2,2,1000000
Conjunto Habitacional Alexandre Urbanas,3,195,2,4,1250000
Condomínio Vale do Arvoredo,4,240,2,4,1390000
Quebec,4,500,4,5,1500000
San Fernando,3,162,2,2,230000
Esperança,5,710,4,5,10000000
Terra Bonita,2,62,1,2,656000
Centro,4,580,2,5,2030000
Gleba Fazenda Palhano,3,155,2,2,1500000
Jardim Itapoá,3,180,4,2,460000
Tucano,4,510,4,5,1450000
Jardim Roveri,4,260,4,3,800000
Jardim Itapoá,3,84,1,1,380000
Esperança,3,149,2,2,1190000
Centro,3,70,1,2,350000
Gleba Fazenda Palhano,3,75,2,2,630000
Gleba Fazenda Palhano,2,46,1,1,320000
Terra Bonita,2,64,1,2,440000
Jardim Shangri-la A,2,67,1,2,583000
Gleba Ribeirão Limeiro,2,45,1,1,270000
Centro,3,164,1,2,450000
Parque Jamaica,2,50,1,2,351990
Brasília,2,90,2,2,390000
Jardim Nações Unidas,2,46,1,2,175000
Recanto do Salto,5,360,5,5,3500000
Centro,3,67,1,2,525000
Dom Bosco,3,85,1,2,285000
Ricardo,3,165,2,2,300000
Gleba Fazenda Palhano,3,66,2,2,595000
Tucano,3,350,2,4,3590000
Portal de Versalhes 1,2,208,2,3,985000
Centro,3,704,2,2,1990000
Centro,3,133,1,3,580000
Centro,3,99,1,3,290000
Portuguesa,3,179,1,1,800000
Centro,2,56,1,1,295000
Brasília,3,70,2,2,250000
Parque Residencial Joaquim Toledo Piza,4,250,2,3,370000
Jardim Maria Luiza,3,100,2,2,371000
Residencial José B Almeida,2,80,1,2,295000
Centro,4,580,3,5,2490000
Jardim Shangri-la A,4,400,1,2,1385000
Jardim Portal dos Pioneiros,3,95,1,1,480000
Jardim das Palmeiras,3,90,2,1,320000
Santos Dumont,5,312,4,4,1870000
Gleba Fazenda Palhano,2,103,2,3,1290000
Guanabara,4,378,4,5,7200000
Brasília,3,140,2,2,530000
Jardim São Jorge,4,283,4,5,3700000
Conjunto Habitacional Doutor Farid Libos,2,44,1,1,185000
Jardim Palermo,2,61,1,1,185000
Esperança,3,295,4,5,2990000
Gleba Fazenda Palhano,2,47,1,1,380000
Tarobá,4,80,1,2,300000
Brasília,3,145,4,4,1290000
Gleba Fazenda Palhano,3,80,2,2,670000
Jardim Higienópolis,3,66,1,2,300000
Parque Jamaica,3,246,4,4,1599640
Progresso,2,116,1,1,180000
Condomínio Vale do Arvoredo,3,234,2,4,2000000
Heimtal,3,112,2,3,585000
Brasília,4,130,2,2,290000
Gleba Simon Frazer,3,233,4,5,1800000
Brasília,2,44,1,1,165000
Esperança,4,328,3,5,2500000
San Remo,3,75,1,1,390000
Jardim Império do Sol,3,98,2,2,519150
Judith,3,110,2,2,900000
Terra Bonita,2,62,1,2,711000
Vitória,4,150,2,3,1050000
Centro,3,81,1,3,379900
Brasília,5,319,3,5,550000
Residencial José B Almeida,3,90,2,2,345000
Vila Brasil,3,61,2,1,198000
Lima Azevedo,4,293,4,5,2500000
São Pedro,3,128,2,1,499280
Centro,2,40,1,1,159000
Jardim Vilas Boas,3,77,2,2,195000
Residencial Vila Romana,3,100,3,2,270000
Jardim das Américas,3,58,1,1,230000
Centro,4,413,3,5,2150000
Gleba Fazenda Palhano,4,200,3,4,1960000
Gleba Fazenda Palhano,3,75,1,1,750000
Gleba Fazenda Palhano,3,103,2,2,1150000
Jardim Morumbi,1,186,4,4,1500000
Tietê,2,42,1,1,140000
Brasília,2,300,2,2,550000
Jardim ltaparica,3,80,2,1,290000
Jardim Planalto,1,111,3,2,560000
Brasília,3,90,1,2,560000
Brasília,3,155,2,3,869000
Centro,4,215,2,4,732000
Conjunto Habitacional Alexandre Urbanas,3,207,2,3,1700000
Centro,3,148,2,4,1390000
Aurora,3,133,1,3,1080000
Brasília,3,135,4,3,650000
Gleba Fazenda Palhano,1,48,1,1,435000
Conjunto Farid Libos,2,62,1,1,265000
Santa Rosa,3,108,2,2,1390000
Brasília,2,50,1,1,450000
Jardim Tropical,2,66,1,1,210000
Santa Rosa,3,245,3,4,3390000
Ouro Verde,2,68,1,1,160000
Jardim Yoshikawa,3,220,4,2,520000
Califórnia,3,272,2,1,495000
Residencial Verona,3,85,2,2,410000
Brasília,3,110,2,2,475000
Gleba Simon Frazer,3,149,2,4,1369000
Jardim do Leste,3,153,4,3,670000
Ouro Verde,2,47,1,1,170000
Centro,3,83,1,2,358000
Ideal,3,164,1,2,750000
Jardim Tókio,3,70,1,1,280000
Gleba Fazenda Palhano,3,137,2,5,1595000
Jardim Morumbi,3,198,2,4,1250000
Jardim São Paulo II,3,63,1,1,220000
Portal de Versalhes 1,3,232,2,2,850000
Gleba Fazenda Palhano,4,346,4,5,6000000
Santa Rosa,3,205,3,5,2500000
Guanabara Parque Boulevard,3,182,2,2,790000
Vivendas do Arvoredo,4,332,5,5,4500000
Conjunto Habitacional Doutor Farid Libos,2,44,1,1,179000
Leonor,2,44,1,1,110000
Gleba Fazenda Palhano,1,47,1,2,550000
Portal de Versalhes 2,3,170,2,3,530000
Vale dos Tucanos,3,75,1,2,469000
Brasília,2,60,1,1,150000
Centro,4,294,2,4,900000
Jardim São Paulo,2,53,1,1,160000
Conjunto Farid Libos,2,70,2,1,190000
Parque Jamaica,2,49,1,1,300000
Terra Bonita,3,222,2,4,1600000
Jardim São Paulo II,3,63,1,1,240000
Jardim América,3,119,1,2,290000
Gleba Fazenda Palhano,4,230,3,4,1750000
Jardim Maria Luiza,2,50,1,1,150000
Centro,3,91,1,2,420000
Nova Olinda,2,50,1,1,155000
Brasília,3,82,1,2,294000
Colinas,2,65,2,1,245000
Brasília,4,205,4,4,700000
Jardim Santa Cruz,3,58,1,1,185000
Brasília,2,44,1,1,135000
Gleba Fazenda Palhano,3,179,3,5,1980000
Gleba Fazenda Palhano,5,446,4,5,4200000
Jardim do Leste,3,129,1,1,380000
Vila Ipiranga,2,64,1,2,420000
Gleba Ribeirão Limeiro,2,46,1,1,280000
Jardim Paris,2,68,2,1,220000
Jardim Ok,3,132,2,2,580000
Jardim Maria Luiza,3,180,2,3,450000
Esperança,3,200,4,3,1390000
Jardim Burle Marx,4,168,3,5,850000
Gleba Fazenda Palhano,2,54,1,1,395000
Gleba Fazenda Palhano,3,124,2,1,1050000
Jardim Palermo,3,120,4,2,390000
Jardim Tókio,3,74,2,2,300000
Jardim do Sol,2,132,2,1,340000
Jardim Strass,3,154,2,1,400000
Conjunto Habitacional Jamile Dequech,2,100,2,1,240000
Brasília,3,69,1,2,389000
Centro,3,95,1,2,360000
Gleba Fazenda Palhano,2,62,1,2,680000
Centro,3,85,1,3,350000
Centro,3,83,1,2,849900
Jardim Nações Unidas,2,45,1,1,180000
Parque Residencial Joaquim Toledo Piza,3,250,2,2,265000
Brasília,3,155,5,2,550000
Olímpico,4,239,4,4,1550000
Caravelle,3,360,4,5,1200000
Gleba Fazenda Palhano,1,45,1,1,285000
Jardim São Paulo II,2,44,1,1,220000
Loteamento Chamonix,3,142,2,4,680000
Waldemar Hauer,3,205,5,3,310000
Brasília,3,240,4,3,850000
Jardim Morumbi,3,63,1,2,320000
Andrade,3,72,1,2,520000
Conjunto Habitacional Milton Gavetti,3,90,1,1,155000
Alto da Colina,1,17,1,1,127000
Gleba Fazenda Palhano,3,185,3,4,2150000
Parque Residencial Joaquim Toledo Piza,5,142,4,5,400000
Residencial Professora Madalena Cardoso,2,45,1,1,140000
Heimtal,3,90,1,2,540000
Centro,4,184,2,5,1100000
Conjunto Habitacional Doutor Farid Libos,2,43,1,1,175000
Brasília,3,60,2,1,363000
Andrade,3,56,1,1,198000
Colinas,2,44,1,1,185000
Nova Olinda,2,44,1,1,155000
Jardim Montecatini,3,75,2,2,390000
Esperança,3,223,4,5,2400000
Califórnia,2,111,1,1,250000
Gleba Fazenda Palhano,3,181,4,4,2400000
Parque Residencial Joaquim Toledo Piza,3,390,3,1,1380000
Cláudia,3,85,1,2,680000
Esperança,3,290,2,5,2800000
Brasília,4,372,3,4,375000
Catuaí Parque Residence,3,84,2,2,880000
Jardim Nações Unidas,2,45,1,1,190000
Vila Brasil,3,76,1,2,434000
Centro,3,95,1,2,365000
Antares,3,120,5,1,680000
Heimtal,2,148,2,3,570000
Guanabara Parque Boulevard,3,89,2,2,920000
Jardim dos Estados,4,180,3,3,636000
Aurora,2,64,1,2,550000
Vila Larsen 1,2,44,1,2,289000
Brasília,2,51,1,1,340000
Vivendas do Arvoredo,4,440,4,5,5495000
Nova Olinda,2,51,1,1,135000
Centro,3,84,1,1,430000
Jardim Moema,2,62,1,1,255000
Residencial Professora Madalena Cardoso,2,46,1,1,160000
Brasília,3,147,2,4,1220000
Conjunto Habitacional Alexandre Urbanas,5,318,4,5,2799000
Terras de Santana II,4,299,2,3,1800000
Centro,3,128,2,3,1180000
Centro,1,28,1,1,140000
Vale dos Tucanos,2,121,1,2,350000
Jardim Sabará,2,45,1,1,345000
Centro,4,191,2,5,850000
Gleba Fazenda Palhano,3,122,2,2,1350000
Centro,3,71,2,2,610000
Terra Bonita,2,70,1,2,649000
Gleba Fazenda Palhano,3,75,1,2,595000
Mediterrâneo,5,448,4,5,1700000
Vitória,2,59,1,2,270000
Gleba Fazenda Palhano,3,236,4,5,2390000
Terra Bonita,2,70,1,2,620000
Bela Vista,3,83,1,2,345000
Jardim América,2,70,1,2,350000
Conjunto Habitacional João Turquino,2,47,1,1,190000
Gleba Fazenda Palhano,3,130,2,2,1140000
Gleba Simon Frazer,3,143,2,3,650000
Heimtal,3,51,1,1,165000
Leonor,2,76,1,2,380000
Centro,3,90,1,3,570000
Nossa Senhora de Lourdes,2,48,1,2,220000
Conjunto Habitacional Alexandre Urbanas,3,174,3,3,750000
Brasília,3,124,2,3,600000
Centro,3,78,1,2,360000
Aurora,2,55,1,2,472000
Jardim Nações Unidas,2,47,1,1,180000
Chácaras Mussahiro,3,167,2,2,880000
Ideal,2,54,1,1,195000
Jardim Tarumã,3,150,2,2,570000
Jardim Palermo,3,127,1,3,480000
Parque Jamaica,3,66,1,1,145000
Gleba Fazenda Palhano,3,216,3,5,2290000
Brasília,3,85,1,2,380000
Residencial José Lázaro Gouvea,3,301,5,4,3300000
Gleba Fazenda Palhano,2,62,1,2,670000
Jardim Morumbi,3,276,2,3,1350000
Vila Nova,3,148,3,1,520000
Esperança,2,45,1,1,230000
Recanto do Salto,4,349,4,5,3850000
Terra Bonita,2,84,2,2,900000
Centro,3,92,1,3,350000
Residencial Santa Clara,4,234,2,4,1300000
Gleba Fazenda Palhano,3,155,2,5,1850000
Colúmbia,3,83,2,2,490000
Residencial Professora Madalena Cardoso,3,63,1,1,209000
Ideal,3,90,2,2,445000
Condomínio Vale do Arvoredo,3,290,4,3,1850000
Residencial Abussafe,3,69,1,1,259000
Vila Larsen 1,3,65,2,2,419000
Andrade,2,61,1,1,265000
Vila Larsen 1,2,45,1,2,285000
Aeroporto,3,578,2,1,600000
Gleba Fazenda Palhano,2,221,4,5,2554500
Jardim Shangri-la A,5,177,3,4,780000
Lago Parque,3,384,2,5,2450000
Paraíso,2,44,1,1,155000
Bandeirantes,3,104,1,3,650000
Gleba Fazenda Palhano,3,77,1,2,530000
Terra Bonita,1,92,2,2,965060
Roseira,2,80,4,1,249000
Jardim Morumbi,2,50,1,1,330000
Conjunto Habitacional Alexandre Urbanas,3,231,3,4,1697000
Alpes,3,100,2,1,385000
Conjunto Parigot de Souza 1,2,102,4,1,225000
Esperança,3,221,4,4,2500000
Centro,3,67,2,2,530000
Esperança,4,550,5,2,5200000
Residencial Loris Sahyun,3,147,2,3,550000
Brasília,4,250,4,5,1950000
Jardim Planalto,3,111,3,2,529450
Gleba Fazenda Palhano,3,137,2,5,1420000
Brasília,3,126,2,3,590000
Jardim Burle Marx,1,32,1,1,200000
Centro,2,70,1,1,280000
Califórnia,3,184,2,3,590000
Dom Pedro,5,293,4,3,1200000
Nova Olinda,2,46,1,1,126000
Gleba Fazenda Palhano,3,85,2,2,780000
Gleba Fazenda Palhano,3,289,4,5,3100000
Terra Bonita,3,69,1,2,560000
Alto da Boa Vista,3,90,1,1,265000
Guanabara Parque Boulevard,3,89,2,2,950000
Conjunto Habitacional Alexandre Urbanas,3,150,4,1,1050000
Centro,3,123,2,2,550000
Centro,4,135,2,3,550000
Brasília,2,42,2,1,160000
Andrade,4,310,4,5,1390000
Gleba Fazenda Palhano,3,166,2,5,1590000
Esperança,5,360,5,5,3500000
Parque Residencial Alcântara,3,70,1,1,280000
Parque Jamaica,2,60,1,1,430000
Jardim Portal de Itamaracá,3,117,2,3,610000
Centro,3,91,1,2,370000
Gleba Fazenda Palhano,3,81,2,2,730000
Jardim Moema,1,70,1,1,290000
Aeroporto,3,245,2,5,1600000
Guanabara Parque Boulevard,3,81,1,2,610000
Santa Rosa,2,69,1,1,596000
Conjunto Habitacional Maria Cecília Serrano de Oliveira,2,150,2,1,230000
Brasília,2,63,1,1,299000
Centro,3,100,1,1,550000
Jardim Alto do Cafezal,3,110,2,2,475000
Coliseu,4,10,1,2,990000
Gleba Fazenda Palhano,2,44,1,1,300000
Operária,3,237,2,3,1590000
Vivendas do Arvoredo,3,180,4,1,2300000
Residencial José B Almeida,3,80,1,2,290000
Jardim Maria Celina,3,66,1,1,220000
Bancários,3,258,4,4,1290000
Colinas,2,83,1,1,245000
Jardim Europa,3,69,1,2,235000
Brasília,2,67,1,1,212000
Gleba Fazenda Palhano,3,146,2,4,1654000
Jardim Morumbi,3,200,4,4,1490000
Recanto do Salto,3,224,2,5,2900000
Residencial Abussafe,3,93,2,2,460000
Luiz de Sá,2,112,1,1,185000
Centro,3,67,1,1,260000
Santa Rosa,2,186,5,2,1390000
Brasília,3,125,2,2,385000
Gleba Fazenda Palhano,4,520,4,5,3800000
Gleba Simon Frazer,3,199,4,4,1400000
Jardim São Jorge,4,283,3,5,3190000
São Vicente,2,66,1,2,285000
Esperança,4,468,4,5,4900000
Gleba Fazenda Palhano,2,45,1,1,220000
Jardim Morumbi,3,156,4,2,1100000
Esperança,3,220,4,5,2500000
Gleba Fazenda Palhano,2,79,2,2,590000
Nossa Senhora de Lourdes,3,369,2,3,1349250
Residencial José Lázaro Gouvea,3,70,1,2,590000
Pacaembu,3,82,1,1,356000
Conjunto Habitacional Santiago II,3,119,5,2,429000
Parque Jamaica,3,52,1,1,150000
Gleba Fazenda Palhano,3,199,3,4,1800000
Brasília,3,91,1,1,235000
San Fernando,4,272,2,4,750000
Parque Jamaica,2,60,1,2,399000
Califórnia,2,50,1,2,210000
Aragarça,3,175,4,2,1300000
Coroados,3,189,2,4,750000
Jardim das Palmeiras,2,102,1,1,400000
Jardim Honda 2,2,44,1,1,110000
Bela Suiça,4,427,4,5,5980000
Gleba Fazenda Palhano,3,155,3,5,1660000
Jardim Vale do Cedro,4,200,5,5,990000
Sabará III,4,120,4,2,220000
Brasília,3,159,4,3,980000
Parque Residencial Alcântara,3,500,4,5,3500000
Terra Bonita,3,73,1,2,490000
Santa Mônica,3,200,2,3,640000
Centro,3,123,2,3,520000
Vila Filipin,2,48,1,1,238000
Carlota,3,119,2,1,230000
Esperança,4,250,2,2,2498000
Residencial Abussafe,3,84,2,2,436220
Mediterrâneo,4,549,5,5,3500000
Gleba Fazenda Palhano,3,110,3,4,1250000
Conjunto Café,3,100,1,1,280000
Centro,3,128,2,3,1150000
Jardim Morumbi,3,230,4,5,1850000
Tietê,2,40,1,1,150000
Jardim Bandeirantes,3,68,1,1,181000
Parque Residencial Joaquim Toledo Piza,2,60,1,1,330000
Parigot de Souza 2,3,130,2,2,260000
Ernani Moura Lima,3,115,4,3,420000
Vila Ipiranga,2,62,1,2,290000
Granville Parque Residencial,3,320,4,3,1750000
Santa Rosa,3,205,3,5,2500000
Shangri-lá,2,46,5,1,350000
Cidade Industrial 2,2,41,1,1,165900
Gleba Fazenda Palhano,3,155,2,5,1780000
Gleba Fazenda Palhano,3,172,2,5,1930000
Gleba Fazenda Palhano,3,130,2,5,1450000
Terra Bonita,2,110,4,1,560000
Gleba Fazenda Palhano,2,73,1,1,780000
Gleba Fazenda Palhano,2,63,1,1,585000
Vivendas do Arvoredo,4,337,5,5,3980000
Mediterrâneo,5,500,4,5,1600000
Gleba Simon Frazer,3,180,2,4,1449310
Gleba Fazenda Palhano,3,162,2,5,1390000
Gleba Fazenda Palhano,2,75,1,2,650000
Jardim Agari,3,124,2,3,650000
Parigot de Souza 2,2,44,1,1,190000
Antares,1,91,1,1,235000
Jardim Santa Alice,3,156,2,4,530000
Esperança,4,450,5,5,2290000
Jardim Europa,5,248,4,3,1050000
Vila Filipin,3,70,2,2,360000
Jardim Sabará,3,148,2,2,539000
Gávea,2,143,2,1,250000
Gleba Fazenda Palhano,2,46,2,1,350000
Guanabara,4,384,4,5,6950000
Gleba Fazenda Palhano,3,100,2,2,970000
Operária,3,230,4,4,1800000
Aurora,3,70,1,2,365000
Centro,3,128,2,4,450000
Brasília,1,55,5,1,280000
Centro,3,80,1,1,345000
Gleba Fazenda Palhano,3,95,2,2,560000
Esperança,3,99,2,2,960000
Nova Olinda,2,55,1,1,150000
Jardim Colúmbia D,4,163,3,2,349360
Gleba Fazenda Palhano,3,79,2,2,650000
Gleba Fazenda Palhano,2,50,1,1,330000
Conjunto Santa Rita 7,2,181,2,1,390000
Gleba Fazenda Palhano,3,80,2,2,770000
Jardim Planalto,3,200,3,3,520000
Brasília,1,75,5,1,182000
Ideal,3,125,2,1,320000
Gleba Fazenda Palhano,3,137,2,3,1600000
Brasília,3,126,2,2,350000
Gleba Ribeirão Limeiro,2,45,1,1,260000
Vale dos Tucanos,2,109,1,3,350000
Centro,1,45,1,1,230000
Colúmbia,2,62,1,1,280000
Gleba Fazenda Palhano,3,124,2,2,1480000
Parque Jamaica,3,125,2,2,499000
Jardim Neman Sahyun,3,150,2,2,670000
Jardim Morumbi,2,53,1,1,389000
João Paz,3,90,3,3,375000
Vila Ipiranga,2,59,1,1,300000
Gleba Fazenda Palhano,2,83,2,3,890000
Terras de Santana II,4,280,1,3,1700000
Parigot de Souza 2,2,45,1,1,205000
Gleba Fazenda Palhano,3,216,4,5,2500000
Brasília,3,148,2,2,315000
Conjunto Café,2,99,2,2,310000
Gleba Fazenda Palhano,2,89,3,2,850000
Califórnia,3,97,1,2,475000
Brasília,2,54,1,1,155000
Centro,1,54,1,2,460000
Jardim Colúmbia D,3,120,2,3,450000
Gleba Fazenda Palhano,3,112,2,3,1300000
Brasília,3,138,2,2,390000
Brasília,4,400,5,2,2000000
Nossa Senhora de Lourdes,3,65,1,2,320000
Califórnia,3,93,2,2,400000
Gleba Fazenda Palhano,3,173,2,4,1950000
Recanto do Salto,3,335,4,5,3590000
Terra Bonita,3,182,2,3,685000
Vivendas do Arvoredo,2,70,1,1,120000
Jardim América,3,95,1,2,269900
Tucano,4,394,3,5,1500000
Jardim Guararapes,3,75,5,1,470000
Judith,2,47,1,1,295000
Gleba Fazenda Palhano,3,100,2,2,1100000
Vila Ipiranga,2,63,1,1,270000
Jardim Agari,3,124,2,2,650000
Gleba Fazenda Palhano,3,173,2,1,1990000
Esperança,4,292,4,5,2900000
Jardim Planalto,2,78,3,1,240000
Gleba Fazenda Palhano,3,167,2,5,1950000
Jardim do Lago,3,81,1,2,649000
Brasília,3,350,5,3,1550000
Jardim Maravilha,2,43,1,1,65000
Vila Brasil,4,193,5,3,700000
Vila Ipiranga,2,61,1,2,371000
Centro,3,73,1,1,390000
Vitória,3,116,2,3,490000
Ideal,4,300,5,3,680000
Gleba Fazenda Palhano,3,130,2,5,1600000
Centro,2,80,1,2,310000
Pinheiros,3,170,3,3,680000
Lago Parque,3,220,1,1,690000
Esperança,4,290,5,5,2990000
Jardim Moema,2,82,2,1,270000
Conjunto Habitacional Flores,3,95,2,1,300000
Bancários,3,256,3,2,720000
Brasília,2,45,1,1,180000
Recanto do Salto,3,318,4,4,3490000
Olímpico,3,125,2,2,945000
Vila Ipiranga,2,61,1,2,400000
Vila Shimabokuro,1,41,1,1,160000
Gleba Fazenda Palhano,3,79,2,2,580000
Gleba Fazenda Palhano,3,136,4,4,1900000
Jardim Lolata,3,164,4,1,780000
Nova Olinda,2,48,1,1,110000
Jardim Presidente,4,240,4,4,850000
Alpes,1,56,1,1,220000
Centro,3,148,2,3,680000
Guanabara Parque Boulevard,3,104,2,3,1040000
Vivendas do Arvoredo,3,180,4,3,2400000
Centro,3,126,2,2,430000
Portal de Versalhes 2,2,135,2,2,550000
Campo Belo,3,180,2,4,585000
Lindóia,2,311,1,1,300000
Gleba Fazenda Palhano,2,75,2,2,770000
Jardim São Paulo,3,87,1,2,370000
Gleba Fazenda Palhano,2,45,1,1,269000
Vila Siam,2,71,1,2,670000
Brasília,2,49,1,1,170000
Centro,1,45,1,1,165000
Bancários,5,570,5,5,2200000
Gleba Fazenda Palhano,2,75,1,2,680000
Conjunto Habitacional Santiago II,3,55,1,1,300000
Conjunto Habitacional Alexandre Urbanas,3,183,4,1,1480000
Jardim São Paulo,2,50,1,1,269000
Santa Rosa,3,114,2,3,1303000
Bela Vista,3,77,1,2,369000
Pacaembu,3,130,4,1,360000
Conjunto Habitacional Santiago II,3,55,1,1,270000
Santa Rosa,3,245,3,5,2300000
Centro,3,90,1,1,600000
Gleba Fazenda Palhano,3,181,3,5,1950000
Jardim Londrilar,3,260,2,4,1650000
Terra Bonita,3,212,2,5,1890000
Centro,3,89,1,2,478000
Jardim Alto do Cafezal,3,110,2,2,475000
Quebec,3,150,2,2,950000
Jardim Higienópolis,3,230,3,3,1250000
Dom Bosco,4,349,5,5,920000
Esperança,2,45,1,1,200000
Centro,3,138,2,3,597000
Colonial,4,310,4,5,1100000
Vale dos Tucanos,2,44,1,1,245000
Portal de Versalhes 1,2,120,5,2,500000
Jardim Portal dos Pioneiros,3,95,1,1,480000
Jardim São Paulo,3,100,2,3,375000
Jardim Shangri-la A,4,420,2,5,1200000
Gleba Fazenda Palhano,2,122,2,2,1290000
Lindóia,3,89,2,2,365000
Brasília,3,160,4,2,380000
Gleba Fazenda Palhano,4,220,3,4,2780000
Esperança,4,374,2,4,4000000
Gleba Fazenda Palhano,3,78,1,2,615000
Ernani Moura Lima,3,150,2,2,790000
Sabará I,3,120,3,3,420000
Gleba Fazenda Palhano,3,120,2,3,1050000
Jardim Maria do Carmo,2,89,1,1,350000
Gleba Fazenda Palhano,3,162,2,4,1200000
Jardim Nova Esperança,2,120,4,1,260000
São Pedro,2,48,1,1,170000
Jardim América,3,76,2,2,289750
Jardim ltaparica,3,140,3,2,495000
Jardim Itapoá,1,90,1,2,320000
Leonor,1,78,1,1,277000
Esperança,5,377,4,5,6300000
Brasília,3,130,2,3,630000
Gleba Fazenda Palhano,3,75,1,2,558000
Brasília,3,100,2,2,540000
Monte Belo,4,186,4,4,650000
Bela Vista,3,76,1,2,310000
Vale dos Tucanos,2,121,1,3,350000
Parque Jamaica,2,47,1,1,216000
Jardim Montecatini,2,68,1,1,269220
Leonor,2,62,2,1,296000
Jardim Burle Marx,3,180,2,4,795000
Brasília,2,60,1,1,199000
Jardim Montecatini,3,250,4,4,1788000
Conjunto Habitacional Violim,4,92,1,2,320000
Olímpico,2,43,2,1,245000
Conjunto Parigot de Souza 1,2,85,2,1,245000
Cafezal,3,128,4,3,650000
Champagnat,3,58,2,1,419900
Jardim Morumbi,2,52,1,1,206000
Conjunto Habitacional Alexandre Urbanas,2,140,4,3,925000
Cafezal,3,170,2,2,375000
Vila Filipin,2,46,1,2,235000
Centro,3,284,3,5,1440000
Jardim Burle Marx,4,304,4,5,1200000
Jardim Maria Luiza,2,45,1,1,145000
Brasília,2,42,1,1,110000
Brasília,1,49,2,1,235000
Veraliz,3,70,1,1,541900
Jardim Agari,2,56,1,1,470000
Parque Jamaica,3,58,1,1,170000
Gleba Fazenda Palhano,3,165,2,4,1950000
Gleba Fazenda Palhano,3,95,3,3,1000000
Brasília,3,178,2,5,2990000
Heimtal,3,80,1,2,230000
Gleba Fazenda Palhano,2,46,1,1,300000
Vale dos Tucanos,3,61,1,1,170000
Vitória,3,150,2,4,950000
Jardim Nova Esperança,3,36,1,2,165000
Residencial Santa Clara,3,200,4,3,1250000
Amaro,3,67,1,2,250000
Centro,3,73,1,2,380000
Alto da Boa Vista,3,140,2,1,200000
Jardim Nova Londrina,5,302,1,1,1450000
Jardim Planalto,3,96,2,2,340000
Jardim Jóquei Club,2,46,1,1,230000
Parque Jamaica,2,48,1,1,290000
Jardim Presidente,3,71,1,2,570000
Jardim Santa Cruz,2,50,1,1,130000
Gleba Fazenda Palhano,3,93,2,2,620000
Conjunto Habitacional Doutor Farid Libos,2,48,1,1,200000
Jardim Paraná,2,70,1,1,199000
Conjunto Habitacional Doutor Farid Libos,2,46,1,1,250000
Gleba Fazenda Palhano,3,235,4,5,2550000
Gleba Fazenda Palhano,3,236,4,5,2500000
Gleba Fazenda Palhano,3,173,2,3,1790000
Gleba Fazenda Palhano,2,103,2,3,980000
Nova Olinda,2,50,1,1,120000
Conjunto Residencial Marajoara,2,45,1,1,120000
Brasília,3,103,2,3,1324000
Colúmbia,2,62,1,1,280000
Conjunto Habitacional João Turquino,2,42,1,1,185000
Jardim Nações Unidas,2,45,1,1,180000
Bela Suiça,3,115,2,2,1180000
Gleba Fazenda Palhano,3,103,2,1,860000
Gleba Fazenda Palhano,2,70,1,2,630000
Vitória,4,179,2,3,650000
Centro,2,64,1,2,515000
Jardim Morumbi,3,240,4,4,1600000
Santa Mônica,4,143,1,3,580000
Esperança,3,282,4,4,3200000
Jardim Agari,2,61,1,1,400000
Residencial Quadra Norte,3,95,2,2,320000
Lago Parque,4,384,3,3,1300000
Jardim Monte Sinai,3,119,2,2,420000
Gleba Simon Frazer,3,140,2,2,1249330
Gleba Fazenda Palhano,3,75,1,2,610000
Quebec,3,190,4,2,950000
Gleba Fazenda Palhano,2,93,2,2,859000
Centro,2,75,1,2,375000
Centro,2,45,1,1,230000
Gleba Fazenda Palhano,3,216,4,5,2070000
Gleba Fazenda Palhano,3,110,3,4,1250000
Jardim Neman Sahyun,3,170,2,2,540000
Brasília,3,159,4,3,980000
Centro,3,128,2,3,1160000
Vila Rica,4,276,3,3,830000
Vale dos Tucanos,2,45,1,1,275000
Jardim Montecatini,2,70,1,2,290000
Parque Jamaica,3,66,1,2,370000
Gleba Fazenda Palhano,3,136,2,2,1590000
Jardim Higienópolis,4,217,3,3,1190000
Centro,4,247,3,2,1250000
Jardim Imagawa,2,49,1,1,130000
Parque Residencial Alcântara,3,275,3,4,2100000
Centro,4,95,1,2,450000
Parque Residencial Joaquim Toledo Piza,3,100,1,2,695000
Alpes,3,104,2,1,470000
Centro,3,86,2,2,830000
Guanabara Parque Boulevard,3,104,2,3,1100000
Terra Bonita,2,109,1,2,520000
Esperança,3,152,4,4,1290000
Centro,3,82,1,3,430000
Conjunto Habitacional Doutor Farid Libos,2,43,1,1,280000
Jardim Morumbi,3,196,4,4,1590000
Jardim Morumbi,2,52,1,1,170000
Marabá,3,220,2,3,599720
Jardim dos Estados,2,75,1,2,292450
San Fernando,3,297,1,3,850000
Gleba Fazenda Palhano,3,216,3,5,2250000
Jardim Moema,2,70,1,2,275000
Brasília,2,44,1,1,145000
Santa Rosa,3,132,2,5,1450000
Cafezal,3,130,2,1,439000
Conjunto Habitacional Maria Cecília Serrano de Oliveira,2,100,2,2,350000
Jardim do Sol,3,111,1,3,1400000
Colúmbia,3,112,1,2,410000
Conjunto Habitacional Doutor Farid Libos,2,43,1,1,169130
Cafezal,4,216,1,2,280000
Gleba Fazenda Palhano,4,340,2,4,4750100
Centro,3,87,1,3,380000
Gleba Fazenda Palhano,3,155,2,4,1890000
Centro,2,148,2,4,1500000
Leonor,3,155,3,1,510000
Gleba Fazenda Palhano,3,81,2,2,890000
Jardim Nações Unidas,2,45,1,1,160000
Jardim Santa Cruz,3,57,1,1,150000
Gleba Fazenda Palhano,3,139,2,3,1550000
Santa Rosa,3,108,2,3,1289000
Vitória,3,71,2,2,735000
Centro,3,148,2,5,1200000
Jardim do Leste,3,159,4,2,670000
Centro,3,76,1,3,350000
Jardim Morumbi,3,230,4,4,1800000
Vivendas do Arvoredo,3,178,4,5,2990000
Parigot de Souza 2,1,82,1,2,282000
Gleba Fazenda Palhano,3,142,2,4,1580000
Centro,3,67,1,2,559900
Centro,3,87,1,3,389000
Centro,3,120,1,1,550000
Parque Residencial Campos Elísios,3,57,2,1,245000
Conjunto Semiramis Barros Braga,3,75,2,2,200000
Gleba Fazenda Palhano,3,185,4,5,2100000
Colinas,2,47,1,1,210000
Centro,3,92,1,1,380000
Brasília,3,127,2,5,1340000
Cidade Industrial 2,2,47,1,1,320000
Gleba Fazenda Palhano,3,114,2,3,1600000
Terra Bonita,2,70,1,2,629000
Indusville,2,192,2,3,800000
Tucano,4,578,5,4,3975000
Gleba Fazenda Palhano,3,155,2,3,1890000
Gleba Fazenda Palhano,2,75,2,1,620000
Jardim Presidente,3,142,2,2,620000
Gleba Fazenda Palhano,3,236,4,5,2500000
Jardim Tropical,3,117,1,2,380000
Jardim Continental,5,286,3,3,675000
Gleba Fazenda Palhano,3,181,4,5,2400000
Centro,3,71,1,2,580000
Centro,3,298,3,5,1150000
Centro,3,232,2,5,890000
Esperança,4,224,2,5,2190000
Coliseu,2,173,2,4,480000
Jardim São Paulo II,3,59,2,1,250000
Brasília,3,98,2,3,280000
Residencial Abussafe,2,200,2,2,220000
Gleba Fazenda Palhano,3,173,2,5,1790000
Judith,2,78,2,2,750000
Jardim Morumbi,3,62,1,2,350000
Portal de Versalhes 2,3,168,4,2,690000
Nossa Senhora de Lourdes,2,79,1,2,220000
Gleba Fazenda Palhano,3,79,2,2,629000
Gleba Fazenda Palhano,2,47,1,1,279000
Vila Filipin,2,55,1,1,260000
Vila Siam,3,71,1,2,620000
Jardim Burle Marx,3,179,4,3,1300000
Gleba Fazenda Palhano,2,46,1,1,270000
Aurora,4,360,4,2,1800000
Gleba Fazenda Palhano,2,51,1,1,280000
Gleba Fazenda Palhano,3,114,2,2,1170000
Brasília,3,120,4,2,400000
Centro,3,195,2,5,740000
Gleba Fazenda Palhano,3,89,2,2,840000
Colinas,2,54,1,1,230000
Parque Jamaica,2,48,1,1,170000
Centro,3,132,1,1,550000
São Pedro,3,251,2,2,650000
Brasília,3,58,2,2,308000
Brasília,3,137,2,2,335000
Gleba Fazenda Palhano,3,72,1,2,320000
Centro,3,130,1,1,445000
Recanto do Salto,3,319,2,4,3490000
Gleba Fazenda Palhano,3,137,2,3,1620000
Santa Rosa,2,78,1,2,740000
Vila Casoni,4,130,3,2,380000
Quebec,3,240,4,3,1250000
Gleba Fazenda Palhano,3,87,1,2,860000
Jardim Presidente,3,240,3,2,1200000
Catuaí Parque Residence,2,70,1,2,755000
Centro,3,120,1,2,550000
Gleba Ribeirão Limeiro,2,52,1,1,260000
Champagnat,5,198,1,5,1300000
Santa Rosa,5,370,3,5,2500000
Conjunto Habitacional Alexandre Urbanas,3,81,2,2,399000
Brasília,3,76,1,2,529900
Jardim Morumbi,3,264,1,5,1290000
Aurora,2,51,1,1,410000
Gleba Fazenda Palhano,2,62,1,2,690000
Jardim Pérola,4,260,1,2,900000
Jardim Portal de Itamaracá,3,84,2,2,350000
Esperança,3,140,2,2,1250000
Brasília,3,136,2,4,1431000
Brasília,3,186,4,2,1120000
Terra Bonita,4,285,2,5,2180000
Gleba Fazenda Palhano,3,122,2,3,1350000
Caiçaras,3,132,2,3,1280000
Aurora,3,68,1,2,588000
Gleba Fazenda Palhano,3,68,1,2,420000
Industrial,5,202,5,3,529000
Universitário,3,297,2,4,1197000
Jardim Presidente,3,118,2,1,450000
Jardim Morumbi,2,50,1,1,300000
Dom Pedro,4,115,3,3,689530
Guanabara Parque Boulevard,3,104,2,3,1100000
Jardim Presidente,3,240,3,2,1200000
Colinas,2,65,1,2,319610
Centro,4,372,3,5,1950000
Brasília,3,180,3,1,300000
Jardim Morumbi,3,266,4,4,1750000
Colúmbia,3,109,1,2,319000
Leonor,2,45,1,1,190000
Vila Penteriche,3,84,1,2,235000
Conjunto Parigot de Souza 3,2,120,1,2,260000
Jardim Morumbi,3,60,1,1,230000
Centro,3,142,1,3,405000
Gleba Fazenda Palhano,2,62,1,2,650000
Parque Residencial Joaquim Toledo Piza,3,135,2,1,695000
Residencial Portal do Sol,3,83,1,2,320000
Califórnia,3,120,4,2,459430
Jacomo Violin,2,52,1,1,230000
Brasília,2,47,1,1,179200
Santa Rosa,3,274,3,5,3400000
Gleba Fazenda Palhano,3,130,2,4,1450000
Brasília,4,175,4,3,753000
Gleba Fazenda Palhano,3,155,2,4,1890000
Jardim Montecatini,3,72,1,1,260000
Gleba Fazenda Palhano,3,78,1,2,750000
Centro,2,80,1,2,360000
Conjunto Café,3,62,1,1,250000
Conjunto Residencial Ilha Bela,3,150,2,1,980000
Centro,3,64,1,2,280000
Centro,3,148,1,3,800000
Parque Jamaica,3,72,1,2,550000
Califórnia,4,355,4,5,890000
Guanabara,3,384,4,4,3100000
Jardim Nova Londrina,4,421,5,5,2250000
Pacaembu,3,83,1,2,349000
Conjunto Habitacional Doutor Farid Libos,2,45,1,1,106000
Centro,3,160,1,3,400000
Conjunto Habitacional Doutor Farid Libos,2,46,1,1,210000
Aragarça,3,307,3,1,372000
Jardim Neman Sahyun,3,180,2,2,350000
Brasília,3,53,1,1,175000
Messiânico,3,200,2,4,530000
Sabará I,4,213,3,3,850000
Gleba Ribeirão Limeiro,2,48,1,1,215000
Brasília,3,180,2,2,594000
Lago Parque,4,250,3,5,990000
Gleba Fazenda Palhano,3,142,2,3,1720000
Jardim Burle Marx,4,300,4,4,1200000
Colinas,2,55,1,1,80000
Centro,3,69,1,1,235000
Vitória,3,69,1,2,497000
Centro,3,164,3,4,960000
Vale dos Tucanos,3,64,1,1,190000
Jardim Tókio,3,58,1,1,155000
Jardim Morumbi,2,48,1,1,180000
Terra Bonita,3,69,1,2,495000
Jardim Higienópolis,2,77,1,2,320000
Jacomo Violin,3,106,2,2,140000
Brasília,3,80,1,2,285000
Vila Shimabokuro,2,52,1,1,190000
Gleba Simon Frazer,2,100,2,2,449470
Ideal,3,66,1,2,366000
Gleba Fazenda Palhano,2,120,2,2,1050000
Gleba Fazenda Palhano,3,78,1,2,589000
Brasília,3,96,2,2,450000
Luiz de Sá,3,123,2,2,260000
Terra Bonita,2,70,2,2,730000
Gleba Fazenda Palhano,3,220,3,5,1989000
Bela Suiça,4,651,3,3,3650000
Santa Rosa,3,115,2,2,1500000
Vila Brasil,4,193,5,3,700000
Gleba Fazenda Palhano,3,216,3,5,2300000
Centro,3,86,2,2,777000
Gleba Fazenda Palhano,3,79,2,2,750000
Pacaembu,2,162,2,2,594000
Brasília,2,60,1,1,290000
Jardim Santos Paulo,3,113,2,2,460000
Jardim Império do Sol,3,223,4,2,980000
Indústrias Leves,3,191,4,4,1190000
Parigot de Souza 2,2,45,1,1,220000
Jardim Europa,3,76,1,2,280000
Gleba Fazenda Palhano,3,189,3,3,1360000
Coliseu,3,81,1,1,430000
Vila Filipin,2,51,1,1,200000
Jardim Tókio,2,70,1,2,280000
Heimtal,3,128,2,3,650000
Centro,3,64,1,2,420000
Gleba Fazenda Palhano,3,90,2,2,839000
Centro,3,70,1,3,350000
Gleba Fazenda Palhano,2,80,1,2,530000
Guanabara Parque Boulevard,3,80,1,2,635000
Gleba Fazenda Palhano,3,183,2,5,1900000
Portal de Versalhes 1,2,51,1,1,210000
Gleba Fazenda Palhano,3,81,2,2,800000
Gleba Fazenda Palhano,3,181,3,5,2390000
Tietê,3,57,1,1,165000
Jardim Maria Celina,3,100,4,1,200000
Jardim Morumbi,2,65,1,2,465000
Aurora,3,69,1,2,450000
Jardim Continental,3,250,3,1,390000
Gleba Fazenda Palhano,3,79,2,2,590000
Brasília,3,65,2,2,234000
Petrópolis,3,78,1,2,735000
Colúmbia,2,37,3,1,170000
Veraliz,2,57,1,2,421900
Gleba Fazenda Palhano,3,114,2,3,1600000
Brasília,2,57,2,1,240000
Gleba Fazenda Palhano,3,164,2,5,1200000
Gleba Fazenda Palhano,4,340,4,5,5164000
Jardim Guararapes,3,120,5,1,420000
Brasília,2,45,1,1,178500
Esperança,3,145,3,4,1700000
Esperança,4,502,5,4,7400000
Bandeirantes,4,220,5,4,980000
Jardim Strass,3,70,2,1,290000
Heimtal,3,99,2,3,340000
Catuai,3,155,2,2,320000
Portuguesa,5,160,3,3,229000
Colúmbia,3,84,1,3,480000
Igapó,4,740,5,5,3500000
Vale dos Tucanos,3,123,2,3,700000
Vivendas do Arvoredo,4,327,4,5,5500000
Brasília,2,46,1,1,285000
Santa Rosa,3,108,2,3,1290000
Centro,2,63,1,1,320000
Bela Suiça,4,240,4,4,3290000
Aurora,3,70,1,2,500000
Centro,3,75,1,2,580000
Vila Siam,2,70,1,2,499000
Centro,3,90,1,1,440000
Waldemar Hauer,2,67,1,1,240000
Parque Jamaica,3,187,2,2,1100000
Cafezal,3,200,5,3,640000
Terras de Santana II,4,277,4,5,2500000
Jardim Shangri-la A,3,239,4,4,710000
Gleba Fazenda Palhano,3,99,2,2,1100000
Santa Rosa,3,182,2,5,2100000
Esperança,2,42,1,1,250000
Brasília,2,42,1,1,250000
Conjunto Habitacional Alexandre Urbanas,4,260,2,5,1650000
Brasília,2,63,1,1,299000
Jardim Burle Marx,4,200,4,4,1200000
Vila Larsen 1,2,57,1,2,350000
Gleba Fazenda Palhano,2,46,1,1,250000
Jardim Londrilar,3,205,3,5,1550000
Centro,4,279,2,5,1500000
Jardim Morumbi,3,230,4,3,1800000
Conjunto Habitacional Saltinho,3,85,2,2,250000
Centro,5,231,2,5,950000
Centro,2,63,1,2,270000
Guanabara Parque Boulevard,3,104,2,3,1150000
Gleba Ribeirão Limeiro,1,44,1,1,200000
Conjunto Habitacional Doutor Farid Libos,2,43,1,1,206700
Santos Dumont,2,110,5,2,450000
Gleba Fazenda Palhano,3,117,2,2,750000
Gleba Fazenda Palhano,2,59,1,1,575000
Mediterrâneo,5,400,4,5,1600000
Jardim Monte Sinai,3,137,4,3,580000
Ouro Verde,5,510,4,3,498000
Terra Bonita,3,66,2,2,380000
Taliana,4,209,3,1,280000
Centro,3,83,1,2,330000
Guanabara,4,383,4,5,6950000
Terra Bonita,3,174,2,3,560000
Jardim Sérgio Antônio,3,136,4,3,459000
Jardim do Lago,3,217,2,4,1750000
Santa Rosa,4,95,1,2,1200000
Caravelle,3,390,4,4,1400000
Centro,3,86,2,2,800000
Gleba Simon Frazer,3,255,4,4,1350000
Marumbi,3,155,2,1,447000
Jardim Jóquei Club,1,39,1,1,150000
Gleba Fazenda Palhano,3,155,2,5,1579900
Centro,3,86,2,2,880000
Olímpico,3,170,2,2,1500000
Conjunto Habitacional Alexandre Urbanas,3,81,2,1,399000
Conjunto Habitacional Doutor Farid Libos,2,46,1,1,174500
Gleba Fazenda Palhano,3,155,3,1,2250000
Guanabara Parque Boulevard,3,81,2,2,600000
Conjunto Habitacional Alexandre Urbanas,3,210,4,4,1785000
Leonor,2,46,1,1,170000
Gleba Fazenda Palhano,2,45,1,1,300000
Esperança,5,900,4,5,6200000
Jardim São Rafael,3,104,2,3,1139900
Guanabara Parque Boulevard,2,81,1,2,615000
Recanto do Salto,3,287,4,5,3400000
Ouro Verde,3,90,2,2,410000
Alpes,5,286,2,4,850000
Bela Suiça,2,69,1,1,550000
Portal de Versalhes 1,3,103,1,2,680000
Bandeirantes,5,104,3,3,640000
Jardim do Lago,4,212,2,4,1650000
Brasília,4,260,4,4,890000
Residencial Santa Clara,3,200,4,3,1250000
Brasília,3,140,1,3,650000
Gleba Fazenda Palhano,3,103,2,2,960000
Brasília,3,64,1,2,440000
Dom Bosco,4,276,3,5,1900000
Residencial Abussafe,3,120,4,2,450000
Brasília,3,88,2,2,445000
Dom Ático,4,160,3,3,699000
Parque Jamaica,3,58,1,1,135000
Conjunto Habitacional Alexandre Urbanas,3,170,2,3,550000
Heimtal,2,90,4,1,240000
Heimtal,3,75,1,1,200000
Centro,5,405,3,5,2200000
Colinas,2,54,1,1,180000
Conjunto Semiramis Barros Braga,3,170,5,2,250000
Portal de Versalhes 2,4,225,4,3,850000
Gleba Fazenda Palhano,3,195,3,5,2030000
Santa Rosa,3,182,2,5,2000000
Vivendas do Arvoredo,3,270,4,2,2850000
Parque Jamaica,3,123,2,3,991507
Andes,3,70,2,1,290000
Santa Rosa,3,245,3,5,3700000
Jardim Morumbi,3,205,4,5,1450000
Esperança,4,220,5,3,700000
Nossa Senhora de Lourdes,2,48,1,2,250000
Colúmbia,3,110,2,3,470000
Brasília,5,380,5,5,1100000
Jardim Itapoá,2,134,2,2,270000
Granville Parque Residencial,3,250,2,4,2200000
Conjunto Café,3,90,1,1,300000
São Vicente,3,120,2,1,440000
Jardim Santa Alice,2,120,2,1,68000
Andrade,3,72,1,1,530000
Jardim Belo Horizonte,3,90,2,2,470000
Vila Brasil,3,193,2,2,700000
Santa Mônica,3,150,3,3,470000
Coroados,3,189,2,4,750000
Vale dos Tucanos,4,299,5,5,2500000
Nova Olinda,2,45,1,1,145000
Nova Olinda,2,55,1,1,160000
Lago Parque,5,861,5,5,4500000
Lago Parque,4,220,1,4,820000
Judith,3,179,2,3,700000
Jardim Presidente,3,240,4,1,530000
Brasília,2,52,1,1,130000
Centro,3,65,1,2,440000
Parque Residencial Joaquim Toledo Piza,1,130,2,2,695000
Brasília,3,133,1,2,260000
Brasília,3,85,2,2,409900
Guanabara,4,378,4,5,5800000
Brasília,3,121,2,4,550000
Brasília,2,55,1,2,454000
Califórnia,3,97,3,3,389000
Conjunto Professora Hilda Mandarino,3,90,2,2,165000
Gleba Fazenda Palhano,2,54,1,1,459000
Brasília,4,160,3,3,340000
Brasília,3,190,2,3,370000
Centro,1,23,1,1,220000
Brasília,2,75,1,1,130000
Centro,3,99,1,3,530000
Brasília,2,44,1,1,180000
Gleba Fazenda Palhano,3,235,4,5,2500000
Maringá,3,68,1,2,420000
Vila Ipiranga,5,508,4,5,2200000
Califórnia,3,120,2,3,529000
Gleba Fazenda Palhano,3,146,2,3,1722000
Jardim Strass,2,45,1,1,110000
Esperança,4,224,2,5,2190000
Gleba Fazenda Palhano,3,114,2,2,1599000
Gleba Fazenda Palhano,3,79,2,2,580000
Esperança,3,268,3,5,3690000
Vale das Araucárias,3,290,4,2,790000
Esperança,5,580,5,5,3000000
Gleba Fazenda Palhano,3,173,2,5,1649540
Santa Rosa,3,108,2,3,1280000
Brasília,3,280,3,3,872000
Pinheiros,3,163,3,2,500000
Messiânico,3,80,2,2,250000
Vila Siam,3,75,1,2,500000
Centro,4,200,3,5,1200000
Residencial Verona,3,160,2,3,690000
Gleba Fazenda Palhano,4,231,3,3,1590000
Champagnat,3,58,1,1,350000
Centro,3,90,1,1,300000
Brasília,2,78,2,2,340000
Santa Rosa,3,85,2,2,860000
Recanto do Salto,4,321,3,2,4250000
Ouro Verde,4,200,3,4,550000
Centro,1,58,1,2,280000
Gleba Fazenda Palhano,3,216,4,3,2290000
Brasília,2,48,1,1,160000
Heimtal,3,51,1,1,145000
Centro,3,90,2,4,520000
Brasília,2,47,1,1,175000
Centro,3,86,1,2,350000
Conjunto Habitacional Alexandre Urbanas,3,216,2,2,1680000
Conjunto Habitacional José Giordano,3,52,3,1,190000
Brasília,2,54,1,2,369000
Brasília,2,45,1,1,223000
Jardim Burle Marx,5,201,2,5,850000
Jardim das Américas,2,65,1,1,290000
Jardim São Tomás,3,84,1,2,350000
Brasília,3,100,2,2,420000
Aeroporto,4,200,3,5,620000
Gleba Fazenda Palhano,3,181,4,3,2500000
Jardim Esperança,3,130,2,2,550000
Centro,3,92,1,2,440000
Parque Jamaica,3,127,2,3,555000
Centro,4,232,2,5,890000
Heimtal,2,55,1,1,160000
Gleba Fazenda Palhano,3,114,2,3,1060000
Recreio,4,400,4,1,1000000
Centro,4,123,2,3,589120
Aurora,2,88,1,1,420000
Conjunto Habitacional Doutor Farid Libos,2,48,1,1,190000
Gleba Fazenda Palhano,3,216,3,5,3000000
Centro,3,67,1,2,490000
Parque Residencial Joaquim Toledo Piza,3,192,5,3,650000
Conceição,3,100,1,2,390000
Loteamento Chamonix,3,80,2,1,436000
Conjunto Habitacional Alexandre Urbanas,3,175,2,1,480000
Terra Bonita,3,190,2,2,390000
Brasília,3,58,1,1,350000
Amaro,3,67,1,2,250000
Gleba Fazenda Palhano,2,46,1,1,365000
Brasília,2,104,3,2,480000
Nossa Senhora de Lourdes,2,78,1,2,318000
Vila Ipiranga,2,81,1,1,579500
Centro,4,165,2,4,990000
Alto da Boa Vista,3,136,1,2,550000
Jardim das Américas,2,44,1,1,149000
Amaro,5,238,4,5,890000
Heimtal,2,45,1,1,205000
Shangri-lá,3,106,4,2,465000
Jardim Tarumã,3,130,2,2,568000
Centro,3,92,2,3,600000
Jardim Shangri-la A,4,302,5,3,1750000
Jardim São Tomás,3,140,1,3,375000
Santa Rosa,3,114,2,3,1294000
Brasília,2,80,1,2,194000
Brasília,3,75,2,2,300000
Terra Bonita,3,69,1,2,380000
Jardim dos Estados,2,80,1,2,325000
Conjunto Café,3,155,2,2,800000
Quebec,3,283,5,5,1950000
Centro,5,404,2,5,1199650
Centro,3,283,2,4,1250000
Vila Filipin,2,55,2,1,220000
Brasília,3,70,2,1,290000
Brasília,3,120,1,2,393000
Leste Oeste,4,651,5,3,3900000
Caravelle,3,272,4,5,850000
Jardim das Américas,2,84,2,2,810000
Brasília,2,69,2,1,267500
Jardim Ilha do Mel,4,183,4,3,499000
Gleba Fazenda Palhano,3,112,2,2,1290000
Dom Pedro,3,280,2,1,1200000
Petrópolis,4,467,5,5,1800000
Parque Residencial Michael Licha,3,90,2,2,350000
Brasília,2,62,1,1,175000
Pacaembu,3,82,1,1,349000
Vila Siam,3,71,1,2,590000
Conjunto Habitacional Santiago II,2,65,1,2,270000
Jardim do Lago,3,212,2,4,1750000
Jardim Tókio,4,247,4,3,690000
Centro,3,103,2,2,590000
Colinas,2,47,1,1,220000
Jardim do Lago,4,213,2,4,1790000
Gleba Fazenda Palhano,3,79,2,2,630000
Parque Jamaica,3,147,2,3,780000
Vila Shimabokuro,2,58,1,1,140000
Esperança,4,220,4,5,2400000
Esperança,5,360,4,5,3500000
Jardim Continental,3,140,2,2,430000
Gleba Fazenda Palhano,3,127,2,3,1450000
Jardim Nações Unidas,2,46,1,1,155000
Bancários,4,182,2,4,629260
Jardim Santa Maria,3,146,2,1,240000
Gleba Fazenda Palhano,2,89,2,1,850000
Jardim Higienópolis,3,300,3,3,1390000
Gleba Fazenda Palhano,3,122,2,4,1300000
Santa Rosa,3,69,1,2,600000
Parque Residencial Joaquim Toledo Piza,4,112,2,2,370000
Olímpico,3,183,2,2,1190000
Gleba Fazenda Palhano,3,225,2,4,1300000
Brasília,3,60,1,1,260000
Conjunto Habitacional Santiago II,2,58,1,1,280000
Guanabara Parque Boulevard,3,104,2,3,1050000
Aurora,2,50,1,1,450000
Gleba Fazenda Palhano,2,62,2,2,660000
Centro,3,177,1,1,700000
Esperança,3,156,4,2,1190000
Cidade Industrial 2,2,47,2,2,255000
Vila Matarazzo,3,176,2,4,490000
Colinas,2,44,1,1,190000
Ouro Verde,3,120,1,1,430000
Vivendas do Arvoredo,4,360,4,5,4500000
Condominio Residencial Habitten Santa Regina,3,162,3,3,1199510
Gleba Simon Frazer,3,214,2,3,1690000
Vale dos Tucanos,3,75,2,1,540000
Jardim São Jorge,3,375,4,5,4500000
Terra Bonita,3,88,2,2,640000
Centro,3,158,2,4,500000
Parque Jamaica,3,75,1,2,380000
Industrial,3,59,1,1,185000
Guanabara Parque Boulevard,3,104,2,3,1100000
Campo Belo,3,207,2,3,770000
Gleba Fazenda Palhano,3,87,1,3,860000
Vila Ipiranga,1,52,1,1,220000
Parque Residencial Elizabeth,2,70,2,1,250000
Jardim dos Estados,2,46,1,1,314760
Parque Leblon,3,76,1,1,270000
Jardim Monte Sinai,3,137,5,3,580000
Gleba Simon Frazer,3,230,2,4,1600000
Centro,4,287,2,4,800000
Parque Residencial Joaquim Toledo Piza,3,135,2,2,695000
Centro,3,128,2,4,1385000
Vila Ziober,3,75,1,1,250000
Centro,1,40,1,1,175000
Parque das Indústrias,3,181,4,1,350000
Olímpico,3,135,2,2,950000
Centro,2,66,1,2,280000
Tucano,4,510,4,5,1500000
Centro,4,233,2,5,890000
Santa Rosa,3,108,2,3,1300000
Universitário,3,250,2,3,1445000
Terra Bonita,2,61,2,2,518000
Gleba Fazenda Palhano,2,47,1,2,185000
Brasília,2,46,1,1,155000
Jardim Novo Sabará,3,101,2,3,385000
Centro,2,57,1,2,453900
Conjunto Habitacional Alexandre Urbanas,3,146,4,2,1180000
Centro,2,50,1,1,175000
Vale dos Tucanos,3,64,1,1,168000
Residencial Professora Marieta,3,70,2,1,250000
Centro,4,323,5,1,1600000
Esperança,2,41,1,1,220000
Brasília,3,59,2,1,265000
Jardim São Paulo II,3,63,1,2,224250
Brasília,2,92,2,2,190000
Portuguesa,2,56,1,1,229000
Vitória,3,150,2,3,890000
Conjunto Habitacional Alexandre Urbanas,3,180,4,4,1650000
Gleba Fazenda Palhano,3,75,1,2,599000
Santa Rosa,3,183,2,4,2180000
Gleba Fazenda Palhano,3,181,4,4,2390000
Centro,3,163,1,2,760000
Califórnia,4,360,5,5,890000
Brasília,3,120,1,3,380000
Centro,3,90,2,2,445000
Gleba Fazenda Palhano,3,120,2,4,1050000
Centro,3,250,2,4,995000
Jardim Morumbi,3,199,4,4,1300000
Centro,3,204,3,5,1250000
Centro,3,183,2,1,570000
Jardim Presidente,3,71,1,2,570000
Conjunto Habitacional Doutor Farid Libos,2,48,1,1,190000
Cláudia,3,64,1,2,320000
Jardim Itatiaia 2,3,120,1,1,2700000
Lindóia,3,135,3,3,490000
Brasília,3,72,2,2,296000
Bela Suiça,3,115,2,1,1200000
Califórnia,3,240,1,1,800000
Centro,3,122,2,4,720000
Gleba Fazenda Palhano,2,75,1,1,670000
Brasília,2,45,1,1,230000
Gleba Fazenda Palhano,3,100,2,3,1150000
Ideal,3,62,1,1,250000
Bela Suiça,4,419,4,5,5200000
Conjunto Habitacional Maria Cecília Serrano de Oliveira,2,200,2,1,190000
Gleba Simon Frazer,3,270,4,5,2049000
Jardim Central Park,3,143,4,5,785000
Centro,5,420,2,2,1300000
Gávea,2,70,2,1,199000
Centro,3,123,3,1,425000
Cafezal,3,120,2,1,300000
Vale dos Tucanos,3,64,1,2,530000
Helena,3,200,4,4,650000
Ouro Branco,4,155,1,2,310000
Jardim Shangri-la A,3,400,5,3,1385000
Colúmbia,3,95,1,2,369740
Leonor,3,70,2,3,660000
Heimtal,2,119,2,1,390000
Jardim Morumbi,2,52,1,1,220000
Granville Parque Residencial,3,189,4,4,1050000
Conjunto Habitacional Doutor Farid Libos,2,46,1,1,175000
Gleba Fazenda Palhano,3,163,2,3,1200000
Brasília,3,233,4,3,1990000
Boa Vista,5,213,3,4,690000
Jardim Maria Luiza,2,45,1,1,190000
Gleba Fazenda Palhano,2,47,1,1,270000
Parque Universidade,2,45,1,1,230000
Gleba Fazenda Palhano,4,348,3,5,5500000
Giovani Lunardelli,4,133,1,1,250000
Jardim São Paulo,2,152,1,2,295000
São Vicente,2,54,1,1,240000
Gleba Simon Frazer,3,88,1,2,420000
Gleba Fazenda Palhano,3,66,1,2,500000
Gleba Fazenda Palhano,2,47,1,1,359000
Parque Residencial Joaquim Toledo Piza,5,270,5,5,1000000
Brasília,4,96,1,3,530000
Gleba Fazenda Palhano,3,87,2,2,780000
Centro,3,120,1,2,583000
Gleba Fazenda Palhano,3,221,3,3,2550000
Gleba Simon Frazer,3,110,2,2,465000
Residencial Portal do Sol,3,90,2,2,435520
Centro,4,538,2,4,1700000
Gleba Fazenda Palhano,3,215,3,5,3200000
Jardim Burle Marx,2,120,2,2,810000
Gleba Simon Frazer,3,200,4,1,1590000
Brasília,3,57,1,1,151000
Hedy,3,107,2,1,400000
Esperança,3,250,4,3,2400000
Jardim Londrilar,3,205,3,1,1550000
Gleba Fazenda Palhano,3,185,2,4,1890000
Gleba Fazenda Palhano,3,127,2,4,1400000
Gleba Fazenda Palhano,3,210,4,5,3750000
Gleba Fazenda Palhano,3,121,2,1,1100000
Jardim Maria do Carmo,2,134,1,3,360000
Mediterrâneo,3,345,4,5,3200000
Gleba Fazenda Palhano,3,185,2,4,1903000
Centro,1,30,1,1,185000
Vivendas do Arvoredo,4,320,2,5,3490000
Gleba Fazenda Palhano,3,68,1,2,490000
Aurora,3,74,1,1,540000
Conjunto Habitacional Alexandre Urbanas,3,191,4,4,1290000
Ideal,2,85,2,1,350000
Gleba Fazenda Palhano,3,79,2,2,750000
Residencial Quadra Norte,3,116,2,2,330000
Jardim Nações Unidas,3,81,2,2,450000
Industrial,2,402,5,2,530000
Leonor,2,131,5,1,460000
Gleba Fazenda Palhano,4,183,2,1,1900000
Jardim das Américas,2,44,1,1,155000
Conjunto Habitacional João Turquino,2,46,1,1,175000
Pacaembu,3,215,2,3,750000
Residencial Verona,3,85,1,2,413000
Esperança,5,255,4,5,3100000
Brasília,3,84,2,2,410000
Mediterrâneo,5,440,4,5,1550000
Conjunto Habitacional Alexandre Urbanas,2,140,4,3,890000
Centro,1,42,1,1,390000
Centro,2,64,2,2,525000
Gleba Fazenda Palhano,3,79,1,2,629000
Heimtal,2,45,1,1,155000
Industrial,2,89,2,2,520000
Centro,3,90,1,2,550000
Conjunto Habitacional João Turquino,2,45,1,1,170000
Jardim Paris,2,70,2,1,290000
Colonial,2,165,2,3,1060000
Centro,3,102,1,2,450000
Ideal,3,117,2,3,610000
Jardim Novo Sabará,3,200,4,2,1180000
Vila Larsen 1,3,75,2,1,400000
Gleba Fazenda Palhano,3,215,4,4,4000000
Conjunto Habitacional Doutor Farid Libos,2,46,1,1,150000
São Vicente,3,65,1,2,470000
Jardim Graziela,3,100,2,2,450000
Conjunto Habitacional Alexandre Urbanas,3,150,4,3,1050000
Colúmbia,3,100,2,2,453000
Centro,3,172,2,3,540000
Centro,3,101,1,2,310000
Jardim Nações Unidas,2,45,1,1,102518
Gleba Ribeirão Limeiro,2,45,1,1,215000
Santa Rosa,3,81,2,2,950000
Gleba Fazenda Palhano,2,46,1,1,330000
Vila Santa Terezinha,2,79,5,3,370000
Santa Mônica,3,140,4,3,675000
Ideal,3,250,1,2,320000
Brasília,2,100,2,2,450000
Jardim Adriana I,2,250,3,2,480000
Carnascialli,4,200,3,3,249180
Santa Rosa,2,87,1,2,920000
Terras de Santana II,4,316,2,5,2500000
Parigot de Souza 2,3,70,2,1,290000
Santa Rita 1,3,102,2,2,285000
Gleba Fazenda Palhano,2,81,2,2,670000
Santa Rosa,3,400,3,2,3000000
Jardim Burle Marx,4,278,2,5,1700000
Jardim Europa,3,97,1,2,240000
Taliana,2,47,1,1,160000
Brasília,2,70,1,2,270000
Gleba Simon Frazer,2,128,2,2,399000
Centro,2,63,1,1,330000
Franca,2,44,1,1,120000
Brasília,2,45,1,1,159000
Gleba Fazenda Palhano,3,148,2,4,1800000
Terra Bonita,4,290,2,5,1780000
Santa Rosa,3,303,2,4,2180000
Conjunto Café,2,410,2,1,750000
Judith,3,110,2,1,695000
Gleba Fazenda Palhano,3,77,2,2,710000
Terra Bonita,2,69,2,2,553000
Gleba Ribeirão Limeiro,2,44,1,1,198000
Gleba Fazenda Palhano,2,89,2,2,890000
Cafezal,2,140,2,2,470000
Bela Suiça,5,650,2,4,4250000
Jardim Continental,3,69,1,1,210000
Gleba Fazenda Palhano,2,46,1,1,340000
Colúmbia,3,56,2,1,269000
Colúmbia,2,100,1,3,450000
Pacaembu,3,82,1,1,349000
Jardim Maria Celina,2,47,1,1,105000
Jardim Jóquei Club,2,45,1,1,200000
Colinas,2,65,2,2,295000
Residencial Moradias Tibagi,3,110,3,2,365000
Terra Bonita,4,280,4,5,2350000
Bela Suiça,4,232,3,3,2590000
Residencial Professora Marieta,2,190,2,1,190000
Brasília,3,175,4,4,1300000
Residencial Abussafe,3,120,2,2,450000
Caiçaras,4,295,4,5,2700000
Chácaras Pietraróia,5,538,5,5,900000
Conjunto Habitacional José Garcia Molina,2,43,1,1,160000
Centro,4,208,2,4,778000
Brasília,1,42,1,1,170000
Brasília,2,89,2,2,520000
Brasília,3,118,4,2,550000
Jardim Maria Luiza,2,64,1,1,155000
Gleba Fazenda Palhano,3,130,2,5,1250000
Gleba Fazenda Palhano,2,58,1,2,720000
Alpes,3,307,5,3,520000
Rodocentro,3,178,2,5,2990000
Brasília,3,155,2,4,1890000
Esperança,3,300,2,3,1900000
Residencial Terra Nova,3,83,2,1,320000
Gleba Fazenda Palhano,2,54,1,1,450000
Aurora,2,64,1,2,580000
Esperança,3,300,4,5,2998000
Brasília,3,110,4,3,580000
Santa Rosa,2,69,1,2,596000
Gleba Fazenda Palhano,3,122,2,3,1350000
Vivendas do Arvoredo,3,196,4,5,2650000
Centro,3,70,2,2,610000
Ideal,3,148,4,1,300000
Centro,3,191,2,5,1100000
Vale dos Tucanos,2,128,1,1,350000
Aurora,2,71,1,2,569000
Brasília,2,46,1,1,191000
Jardim Santo Antônio,3,210,2,3,890000
Jardim São Paulo II,2,48,1,1,185000
Jardim São Jorge,3,159,2,4,1695000
Vivendas do Arvoredo,5,470,4,5,7500000
Bela Suiça,4,427,4,5,5990000
Jardim Pequena Londres,3,82,1,1,382000
Parque Jamaica,2,61,1,1,450000
Centro,3,222,1,1,500000
Centro,2,51,1,1,428000
Gleba Fazenda Palhano,3,185,2,3,1890000
Gleba Fazenda Palhano,2,51,1,1,280000
Guanabara Parque Boulevard,3,103,2,3,1000000
Conjunto Café,2,60,1,1,180000
Brasília,3,100,2,2,1050000
Jardim América,2,62,1,2,299000
Bela Suiça,4,419,5,5,5000000
Recanto do Salto,4,221,4,5,2700000
Bela Suiça,5,1000,5,5,15000000
Andrade,3,124,2,3,1250000
Vila Ipiranga,2,66,1,2,250000
Bela Suiça,4,680,4,5,3500000
Colúmbia,3,97,1,2,379750
Gleba Fazenda Palhano,2,54,1,2,450000
Maria Lúcia,3,135,2,2,410000
Centro,4,177,2,5,900000
Jardim Morumbi,3,57,1,2,225000
Brasília,3,300,4,5,2200000
Gleba Fazenda Palhano,3,69,1,2,490000
Jardim Shangri-la A,3,400,5,1,1385000
Centro,3,184,2,5,990000
Gleba Simon Frazer,3,199,4,4,1400000
Portal de Versalhes 2,4,485,5,5,1060000
Jardim Morumbi,3,57,1,2,270000
Brasília,2,46,1,1,275000
Gleba Fazenda Palhano,4,285,4,5,3100000
Gleba Fazenda Palhano,3,220,3,4,1990000
Brasília,3,80,2,2,320000
Jardim Nova Esperança,1,65,1,1,165000
Alto da Boa Vista,3,157,3,3,630000
Vivendas do Arvoredo,3,178,4,3,2990000
Centro,3,94,1,3,390000
Leonor,2,76,2,2,380000
Gleba Fazenda Palhano,3,75,2,2,650000
Jardim Prefeito Milton Menezes,3,250,2,2,590000
Eliza,4,280,1,1,320000
Industrial,3,120,4,2,290000
Centro,3,147,2,3,800000
Jardim Agari,1,56,1,2,490000
Gleba Fazenda Palhano,3,75,1,2,557000
Guanabara Parque Boulevard,3,104,2,2,1100000
Gleba Fazenda Palhano,3,216,3,5,2390000
Jardim São Francisco de Assis,3,152,5,2,485000
Vivendas do Arvoredo,4,300,4,5,3980000
Jardim Adriana I,3,69,1,2,380000
Terras de Santana II,3,160,3,3,1500000
Cidade Industrial 2,2,42,1,1,180000
Gleba Fazenda Palhano,3,136,2,4,1600000
Centro,3,147,2,3,770000
Guanabara Parque Boulevard,2,89,2,2,915000
Brasília,2,63,1,1,387000
Jardim Guararapes,3,83,1,2,400000
Centro,3,111,1,2,830000
Cidade Industrial 2,3,180,4,4,1800000
Gleba Fazenda Palhano,3,236,4,3,2500000
Colinas,3,87,1,1,357000
Jardim Kase,3,100,1,2,195000
Ouro Verde,2,45,1,1,195000
Vivendas do Arvoredo,3,196,2,5,2650000
Terra Bonita,2,84,1,2,990000
Parque Residencial Michael Licha,3,93,2,2,395000
Terra Bonita,3,92,2,3,930000
Brasília,2,61,1,1,205000
Colinas,2,86,1,1,300000
Conjunto Residencial Marajoara,2,45,1,1,150000
Recanto do Salto,3,242,4,2,2450000
Vivendas do Arvoredo,3,270,3,2,2920000
Brasília,1,33,1,1,138000
Jardim Maria Luiza,2,41,1,1,165000
Jardim Adriana II,3,157,1,1,720000
Sabará I,3,120,2,3,559000
Santa Mônica,3,150,3,3,460000
Vila Rica,3,170,2,2,360000
Jardim Maravilha,2,43,1,1,70000
Gleba Fazenda Palhano,3,220,4,5,2250000
Parque Residencial Alcântara,3,200,4,3,1180000
Jardim Santo Antônio,5,289,4,5,1300000
Granville Parque Residencial,3,200,5,4,1300000
Esperança,5,303,5,5,3190000
Brasília,3,43,3,2,175000
Gleba Fazenda Palhano,3,122,2,2,1245000
Centro,4,404,3,5,2150000
Jardim Prefeito Milton Menezes,3,90,1,1,420000
Vila Larsen 1,3,75,1,2,300000
Jardim das Américas,3,58,1,1,165000
Centro,3,108,1,3,480000
Andes,3,130,4,2,360000
Alto da Colina,4,204,4,4,1675000
Lago Igapó,4,368,1,1,950000
Coliseu,3,170,1,1,800000
Brasília,3,90,2,2,277500
Conjunto Vivi Xavier,3,44,1,1,250000
Santa Rosa,3,323,4,5,3700000
Gleba Fazenda Palhano,3,181,2,3,1950000
Aurora,3,71,1,2,405000
Gleba Fazenda Palhano,3,151,2,5,1890000
Vivendas do Arvoredo,2,54,1,1,485000
Marumbi,3,80,2,2,320000
Gleba Fazenda Palhano,2,77,2,2,690000
Califórnia,3,85,2,2,297000
Monte Belo,3,96,1,1,550000
Judith,4,213,3,3,850000
Califórnia,3,122,1,2,620000
Gleba Fazenda Palhano,3,81,2,2,760000
Parque Residencial Joaquim Toledo Piza,3,130,2,2,695000
Vila Ipiranga,1,52,1,1,225000
Gleba Fazenda Palhano,3,81,2,2,659000
Centro,3,95,1,3,360000
Coliseu,3,230,5,4,950000
Jardim Imagawa,2,45,1,1,180000
Gleba Fazenda Palhano,2,46,1,1,310000
Brasília,2,75,1,1,245000
Conjunto Habitacional José Garcia Molina,2,45,1,1,130000
Brasília,2,118,1,3,350000
Esperança,5,303,5,5,3190000
Conjunto Residencial Marajoara,3,129,3,3,390000
Centro,3,148,2,5,1150000
Vila Ipiranga,2,65,1,1,220000
Gleba Fazenda Palhano,3,165,2,4,1900000
Centro,2,86,2,2,780000
Igapó,4,330,2,2,1280000
Centro,4,240,3,5,1500000
Gleba Fazenda Palhano,3,165,2,5,1590000
Colúmbia,3,100,2,2,455900
Jardim Nações Unidas,2,52,1,1,165000
Conjunto Habitacional José Garcia Molina,2,50,1,1,155000
Lago Parque,5,696,5,2,2690000
Brasília,2,47,1,1,234000
Bela Suiça,4,419,4,5,4250000
Jardim Tókio,2,70,1,1,300000
Jardim São Francisco de Assis,3,250,2,1,450000
Jardim Sérgio Antônio,2,50,1,1,160000
Residencial José Lázaro Gouvea,3,70,1,2,480000
Jardim Itapoá,3,141,2,2,320000
Jardim Novo Sabará,3,62,1,1,260000
Bandeirantes,3,80,2,2,423000
Ideal,5,230,2,3,430000
Jardim do Lago,4,920,5,5,6500000
Vila Rica,3,93,1,2,350000
Gleba Fazenda Palhano,2,114,2,2,1150000
Gleba Fazenda Palhano,2,47,1,1,269000
Gleba Fazenda Palhano,3,181,2,4,1900000
Brasília,2,104,3,2,480000
Jardim Planalto,4,197,2,3,600000
Jardim Montecatini,3,75,1,2,380000
Brasília,4,193,5,3,700000
Esperança,3,215,3,4,2200000
Conjunto Habitacional Maria Cecília Serrano de Oliveira,3,118,2,1,240000
Gleba Fazenda Palhano,3,185,2,5,1880000
Jardim Presidente,3,71,2,2,690000
Colúmbia,3,100,2,2,453900
Santa Rosa,4,253,1,4,2200000
Centro,3,131,1,2,610000
Aragarça,4,380,4,5,1890000
Centro,3,103,1,2,350000
Parque Jamaica,2,49,1,2,351990
Gleba Fazenda Palhano,3,81,2,2,750000
Jardim Moema,2,82,2,1,270000
Heimtal,3,47,2,2,285000
Conjunto Residencial Marajoara,2,45,1,1,140000
Novo Antares,3,150,5,2,550000
Centro,4,240,2,4,800000
Jardim Tókio,3,60,1,1,260000
Brasília,2,95,1,2,330000
Brasília,2,73,1,2,270000
Gleba Fazenda Palhano,3,114,2,2,1750000
Gleba Fazenda Palhano,3,91,2,3,850000
Brasília,2,44,1,1,265000
Ouro Verde,2,48,1,1,187000
Vila Brasil,2,55,1,2,419900
Brasília,4,211,2,5,1650000
Gleba Fazenda Palhano,2,70,1,2,589000
Jardim dos Estados,2,52,1,1,280000
Andrade,3,120,2,3,1295000
Brasília,3,175,2,2,479000
Jardim Alvorada,3,197,3,4,850000
Jardim Portal de Itamaracá,3,82,1,2,360000
Ipanema,3,260,4,4,550000
Gleba Fazenda Palhano,3,167,2,1,1700000
Nova Olinda,3,81,1,2,329770
Conjunto Café,3,78,1,1,200000
Gleba Ribeirão Limeiro,2,44,1,1,185000
Centro,4,208,2,5,1300000
Gleba Fazenda Palhano,2,81,2,2,800000
Centro,4,177,1,2,810000
Gleba Fazenda Palhano,3,181,3,3,1850000
Jardim Londrilar,3,345,2,3,698000
Conjunto Habitacional Alexandre Urbanas,3,180,4,3,1490000
Alto da Boa Vista,4,150,3,2,300000
Parque Jamaica,3,70,1,2,130000
Jardim Morumbi,3,77,2,2,399000
Gleba Fazenda Palhano,1,58,1,2,650000
Gleba Fazenda Palhano,3,97,2,2,680000
Guanabara,1,150,5,2,1700000
Brasília,2,46,1,1,310000
Bandeirantes,3,140,2,2,670000
Gleba Fazenda Palhano,2,82,2,1,920000
Vila Shimabokuro,3,133,1,2,272000
Jardim Europa,3,76,1,2,280000
Jardim Império do Sol,1,98,2,2,520000
Jacomo Violin,3,123,1,1,200000
Maria Lúcia,3,84,1,2,360000
Jardim Tókio,2,70,1,2,310000
Brasília,2,46,1,1,310000
Conjunto Habitacional Alexandre Urbanas,3,187,4,1,1600000
Ideal,3,145,3,1,320000
Quebec,2,45,1,1,79500
Gleba Fazenda Palhano,3,173,2,3,1980000
Gleba Fazenda Palhano,3,137,2,4,1380000
Parque das Indústrias,3,160,3,1,380000
Leonor,4,260,2,2,950000
Santa Rosa,3,77,2,2,620000
Bela Suiça,2,69,2,2,580000
Brasília,2,72,1,1,215000
Paulista,3,190,3,3,630000
Jardim Nações Unidas,3,80,2,2,450000
Gleba Fazenda Palhano,3,103,2,3,1199000
Gleba Simon Frazer,4,229,4,4,1590000
Gleba Fazenda Palhano,3,69,1,2,440000
Brasília,3,168,2,4,650000
Centro,3,74,1,1,360000
Centro,2,78,1,2,420000
Jardim São Francisco de Assis,3,152,5,2,485000
Centro,2,67,1,1,410000
Jardim das Américas,3,82,2,2,409000
Esperança,3,313,2,2,3500000
Jardim Presidente,3,229,1,1,550000
Recanto do Salto,3,265,2,4,4000000
Igapó,2,54,1,1,180000
Gleba Fazenda Palhano,1,45,1,1,560000
Centro,3,121,2,2,780000
Gleba Fazenda Palhano,4,230,3,5,1700000
Bela Vista,3,220,3,2,950000
Jardim Shangri-la A,2,97,1,1,385000
Alto da Colina,1,26,1,1,140000
Lago Parque,3,365,5,4,2505000
Jardim Ilha do Mel,4,193,5,3,650000
Centro,3,117,2,2,1070000
Jardim Novo Sabará,3,169,2,3,490000
Olímpico,3,82,2,2,325000
Brasília,2,100,2,2,450000
Cidade Industrial 2,2,42,1,1,190000
Nova,4,240,4,3,575000
Califórnia,3,112,3,4,750000
Colúmbia,3,112,2,2,410000
Jardim Morumbi,3,64,1,2,365000
Gleba Fazenda Palhano,3,220,3,5,1989000
Jardim Morumbi,3,156,4,2,1100000
Centro,2,64,1,2,515000
Gleba Fazenda Palhano,2,82,2,3,920000
Aurora,3,66,1,2,385000
Esperança,3,140,4,1,1250000
Jardim Maria Celina,2,44,1,1,150000
Aurora,3,69,1,2,450000
Santa Rosa,2,69,1,2,600000
Jardim Santa Alice,3,210,5,3,650000
Tarobá,2,62,1,1,270000
Conjunto Habitacional Alexandre Urbanas,3,174,2,2,529490
Terra Bonita,3,316,2,5,1790000
Parque Residencial Joaquim Toledo Piza,5,380,3,4,2500000
Guanabara,3,269,4,5,3400000
Olímpico,3,200,2,4,1450000
Jardim Montecatini,2,76,1,2,315000
Jardim Palmas,3,126,2,1,235000
Bela Suiça,3,98,1,1,425000
Jardim Sabará,2,75,1,1,340000
Centro,1,36,1,1,200000
Gleba Simon Frazer,3,199,4,4,1398000
Jardim das Américas,3,90,2,2,495000
Colúmbia,3,56,2,1,264000
Gleba Fazenda Palhano,2,110,2,3,990000
Jardim Monte Cristo,2,115,3,2,285000
Centro,4,487,3,5,1600000
Judith,3,89,1,1,590000
Gleba Fazenda Palhano,3,146,2,3,1701000
Brasília,3,168,4,5,1090000
Residencial Professora Madalena Cardoso,3,63,1,1,209200
Jardim Lolata,3,81,1,1,220000
Conjunto Habitacional Doutor Farid Libos,2,43,1,1,205000
Operária,3,330,4,5,2200000
Centro,4,550,2,5,1650000
Centro,3,177,1,3,810000
Jardim São Paulo II,2,48,1,1,189000
Igapó,3,90,1,2,350000
Residencial Havana,3,190,2,2,1340000
Campo Belo,4,114,2,4,750000
Colúmbia,2,60,2,1,300000
Jardim Tókio,3,60,1,1,180000
Caravelle,3,222,3,1,720000
Andrade,3,88,1,1,380000
Brasília,3,248,4,4,560000
Conjunto Habitacional Doutor Farid Libos,2,46,1,1,186000
Jardim Shangri-la A,2,52,1,2,379000
Bancários,3,183,2,3,630000
Gleba Fazenda Palhano,3,113,2,2,980000
Califórnia,3,184,4,2,595000
Califórnia,3,123,2,1,750000
Colinas,2,45,1,1,190000
Tucano,3,1200,5,5,3200000
Centro,3,65,1,2,420000
Conjunto Residencial Marajoara,2,45,1,1,170000
Esperança,3,216,4,5,2350000
Centro,2,85,2,2,780000
Brasília,3,110,3,1,260000
Guanabara,3,103,5,1,2500000
Gleba Fazenda Palhano,2,46,1,1,290000
Centro,3,117,1,3,470000
Jardim Planalto,3,62,2,2,330000
Parque Residencial Joaquim Toledo Piza,3,130,2,1,695000
Gleba Fazenda Palhano,3,221,4,5,2500000
Gleba Fazenda Palhano,3,140,3,2,750000
Jardim Morumbi,2,45,1,1,290000
Jardim do Lago,3,217,3,5,1750000
Parque Residencial Alcântara,3,522,4,3,3500000
Residencial Professora Marieta,3,200,3,3,410000
Centro,3,88,2,1,820000
Gleba Fazenda Palhano,3,167,2,5,1900000
Gleba Fazenda Palhano,3,95,2,2,980000
Nossa Senhora de Lourdes,2,69,1,2,190000
Brasília,3,115,1,2,410000
Cláudia,4,300,4,5,2200000
Guanabara,3,269,3,5,3800000
Jardim do Sol,3,179,2,2,370000
Recanto do Salto,4,380,4,4,3970000
Brasília,2,47,1,1,190000
Jardim Shangri-la A,3,406,5,2,1750000
Centro,3,89,1,2,430000
Centro,4,405,2,5,1600000
Santa Rosa,4,370,3,5,2605000
Centro,2,51,1,1,390000
Gleba Fazenda Palhano,2,43,1,1,165000
Residencial José Lázaro Gouvea,3,322,2,5,2800000
Brasília,2,84,1,1,228000
Jardim São Paulo II,2,48,1,1,194211
Terra Bonita,2,69,2,2,530000
Brasília,2,61,1,1,205000
Terra Bonita,2,62,1,2,600000
Brasília,3,111,2,3,1166000
Gleba Simon Frazer,3,184,4,5,1800000
Conjunto Vivi Xavier,3,63,1,1,210000
Centro,2,63,1,2,270000
Conjunto Residencial Marajoara,2,48,1,1,160000
Centro,1,32,1,1,175000
Jardim Padovani,3,70,1,1,260000
Gleba Fazenda Palhano,3,152,2,4,1630000
Centro,4,487,3,4,1750000
Esperança,3,291,5,4,3200000
Gleba Fazenda Palhano,2,45,1,1,259000
Centro,1,51,1,1,430000
Brasília,2,65,2,2,330000
Conjunto Habitacional Pindorama,3,120,2,3,259000
Vale dos Tucanos,2,49,1,1,140000
Vitória,3,158,2,4,950000
Brasília,3,89,2,2,450000
Centro,3,84,2,2,690000
Jardim Londrilar,3,205,5,3,2100000
Residencial José Lázaro Gouvea,3,69,2,2,520000
Jardim Tarumã,3,148,2,3,860000
Brasília,2,44,1,1,145000
Centro,3,118,1,3,479000
Aurora,2,50,1,1,400000
Gleba Fazenda Palhano,3,126,2,4,1800000
Brasília,3,77,1,2,298000
Gleba Fazenda Palhano,3,165,3,5,1500000
Residencial Verona,2,55,1,1,230000
Cidade Industrial 2,2,41,1,1,245000
Guanabara,4,404,3,5,2150000
Jardim Colúmbia D,3,120,2,3,470000
Centro,3,405,3,5,3000000
Lago Parque,3,900,5,5,3500000
Centro,2,90,1,3,540000
Centro,3,84,2,2,550000
Esperança,4,283,4,5,3200000
Vila Zelina,3,104,2,3,1149900
Gleba Fazenda Palhano,3,80,2,2,629000
Ideal,3,90,1,2,615000
Jardim Prefeito Milton Menezes,3,90,2,2,369000
Jardim Neman Sahyun,3,160,2,3,570000
Colúmbia,2,69,1,2,280000
Colúmbia,2,70,1,1,299000
Vila Larsen 1,2,47,1,2,300000
Ernani Moura Lima,2,42,1,1,245000
Jardim do Sol,2,75,2,3,280000
Centro,3,98,1,2,410000
Gleba Fazenda Palhano,2,44,1,1,280000
Esperança,4,373,4,2,4950000
Gleba Fazenda Palhano,3,93,2,2,590000
Brasília,3,56,1,1,144000
Jardim do Lago,3,217,2,4,1900000
Vivendas do Arvoredo,3,178,4,4,2990000
Conjunto Habitacional Alexandre Urbanas,3,144,2,3,1200000
Brasília,2,42,1,1,110000
Centro,4,240,2,3,820000
Gleba Fazenda Palhano,2,63,1,1,615000
Jardim Alto do Cafezal,3,89,2,1,350000
Vila Siam,3,76,1,2,235000
Gleba Ribeirão Limeiro,2,45,1,1,250000
Heimtal,3,82,1,1,390000
Canaã,3,208,2,3,760000
Brasília,4,182,3,2,310000
Gleba Fazenda Palhano,3,83,1,2,750000
Gleba Fazenda Palhano,2,47,1,1,265000
Conjunto Habitacional Alexandre Urbanas,3,208,2,4,1500000
Gleba Fazenda Palhano,3,168,2,4,2100000
Recanto do Salto,4,330,4,5,3350000
Vila Larsen 1,3,157,2,3,598700
Terras de Santana II,4,316,4,5,2500000
Brasília,2,56,1,1,240000
Conjunto Café,2,80,1,2,300000
Jardim Portal de Itamaracá,3,138,2,2,610000
Gleba Fazenda Palhano,3,167,2,5,1900000
Jardim Império do Sol,3,189,3,3,890000
Vila Ipiranga,2,65,1,1,270000
Mediterrâneo,5,549,5,5,3500000
Taliana,2,47,1,1,169000
Conjunto Habitacional Santiago II,3,110,2,1,540000
Residencial Vila Romana,3,140,4,2,455000
Campo Belo,5,170,2,4,1272000
Centro,3,65,1,1,350000
Centro,1,57,2,2,430000
Santa Mônica,5,220,2,3,1160000
Olímpico,3,220,2,4,1300000
Gleba Fazenda Palhano,2,74,1,2,710000
Jardim Alvorada,3,87,1,1,370000
Vivendas do Arvoredo,3,178,4,5,2990000
Jardim São Paulo II,2,48,1,1,195000
Conjunto Café,3,60,1,1,200000
Conjunto Farid Libos,3,62,1,1,264330
Bela Suiça,5,536,3,5,3800000
Centro,3,65,1,2,460000
Vila Goes,3,207,1,1,400000
Colinas,3,76,1,1,280000
Antares,3,65,1,1,235000
Brasília,4,500,2,3,1287000
Brasília,2,45,1,1,135000
São Vicente,2,56,1,2,235000
Centro,4,760,5,5,3000000
Jardim Portal de Itamaracá,3,117,2,3,604890
Conjunto Habitacional Alexandre Urbanas,3,155,4,5,1150000
Cidade Industrial 2,2,53,1,1,210000
Santa Mônica,3,122,2,3,500000
Vale dos Tucanos,2,44,1,1,210000
Brasília,3,70,1,1,278000
Esperança,3,250,2,2,2750000
Heimtal,3,80,1,1,270000
Jardim Higienópolis,3,100,1,3,870000
São Vicente,2,70,1,2,450000
Brasília,2,70,1,1,276000
Guanabara Parque Boulevard,3,104,2,3,980000
Vivendas do Arvoredo,4,400,4,5,6450000
Colúmbia,3,56,2,1,280000
Jardim Sabará,3,91,2,2,600000
Gleba Fazenda Palhano,3,115,2,2,870000
Alpes,4,180,2,3,850000
Centro,3,118,2,3,720000
Centro,3,141,2,3,580000
Centro,3,147,2,3,800000
Vale dos Tucanos,2,69,1,1,195000
Jardim Nova Londrina,5,421,5,5,2250000
Brasília,3,137,4,2,580000
Gleba Fazenda Palhano,3,95,2,2,600000
Brasília,4,300,4,4,850000
Santa Rosa,3,207,3,2,2800000
Jardim Palmares,3,75,1,2,210000
Gleba Simon Frazer,3,149,4,3,1300000
Conjunto Parigot de Souza 3,3,150,2,2,380000
Gleba Fazenda Palhano,2,51,1,1,270000
Perobinha,2,44,1,1,100000
Conjunto Habitacional Alexandre Urbanas,3,181,4,5,1350000
Brasília,3,58,1,1,170000
Itamarati,5,428,5,5,2280000
Residencial Vila Romana,3,120,1,1,370000
Vitória,3,69,1,2,549900
Gleba Fazenda Palhano,3,103,2,3,1060000
Conjunto Residencial Itamaraty,3,67,1,1,180000
Califórnia,3,157,1,1,220000
Portal de Versalhes 2,4,135,2,3,480000
Jardim América,4,262,3,4,1250000
Brasília,3,165,3,5,2400000
Vale dos Tucanos,3,51,1,1,175000
Centro,3,118,2,4,1050000
Esperança,4,328,4,5,2500000
Caiçaras,4,549,5,5,4700000
Centro,4,487,3,5,1600000
Jardim Palmeiras,3,125,2,3,384680
Gleba Fazenda Palhano,3,114,2,1,1600000
Ouro Verde,3,115,2,2,410000
Residencial José Lázaro Gouvea,3,70,1,2,574130
Residencial José Lázaro Gouvea,2,69,1,2,550000
São Pedro,3,55,1,1,245000
Gleba Ribeirão Limeiro,2,43,1,1,184000
Gleba Fazenda Palhano,3,79,2,2,575000
Vale dos Tucanos,3,69,1,1,190000
Jardim Presidente,2,71,2,2,790000
Centro,3,87,1,3,380000
Parque Residencial Alcântara,5,286,2,4,1930000
Bandeirantes,3,100,1,2,550000
Jardim Paris,2,89,2,1,200000
Portal de Versalhes 1,3,170,1,3,790000
Vitória,2,75,1,1,225000
Jardim Dom Vicente,3,100,2,1,180000
Conjunto Habitacional Alexandre Urbanas,3,143,4,3,1200000
Jardim Everest,4,130,4,2,350000
Gleba Ribeirão Limeiro,2,43,1,1,200000
Vila Fujita,4,224,2,5,1280000
Hedy,1,40,1,1,220000
Conjunto Habitacional Santiago II,3,95,2,2,385000
Bandeirantes,3,100,3,2,430000
Gleba Fazenda Palhano,2,79,2,1,590000
Terras de Santana II,3,154,2,4,1250000
Centro,1,36,1,1,265000
Jardim Belo Horizonte,3,87,1,1,470000
Jardim Montecatini,2,60,1,1,265000
Gleba Fazenda Palhano,3,81,2,2,820000
Bela Suiça,4,333,4,4,4000000
Centro,3,96,1,2,500000
Colinas,2,42,1,1,170000
Jardim Vilas Boas,2,50,1,1,175000
Gleba Fazenda Palhano,4,207,3,5,2349000
Conjunto Habitacional Alexandre Urbanas,3,130,3,2,479000
Centro,1,78,1,2,345000
Jardim do Lago,3,217,2,5,1750000
Jardim Império do Sol,3,189,2,4,790000
Gleba Simon Frazer,3,197,4,4,1590000
Jardim Nações Unidas,2,47,1,1,171000
Tucano,5,410,4,5,1890000
Gleba Fazenda Palhano,3,169,2,4,1290000
Conjunto Café,3,85,1,2,295000
Brasília,3,200,2,1,230000
Gleba Fazenda Palhano,3,166,2,5,1550000
Aurora,2,64,1,2,450000
Gleba Fazenda Palhano,3,64,1,2,500000
Gleba Fazenda Palhano,3,120,2,2,1050000
Brasília,3,81,1,2,330000
Estância Santa Paula,4,441,4,5,3980000
Jardim Perobal,2,66,2,1,200000
Gleba Ribeirão Limeiro,2,44,1,1,249000
Brasília,3,117,1,2,477000
Conjunto Habitacional Maria Cecília Serrano de Oliveira,2,75,2,1,160000
Alpes,4,335,4,5,950000
Jardim Vale do Cedro,2,80,1,2,320000
Residencial Portal do Sol,2,70,1,1,235000
Centro,2,86,2,2,720000
Esperança,4,502,5,4,7400000
Pacaembu,3,200,4,3,450000
Jardim Montecatini,4,258,4,5,2100000
Brasília,2,90,1,1,265000
Mediterrâneo,5,549,5,5,3500000
Ricardo,4,290,4,4,680000
Jardim Colúmbia D,2,58,1,1,250000
Centro,3,67,1,1,260000
Centro,2,63,1,2,270000
Jardim Oguido,3,102,1,1,230000
Gleba Fazenda Palhano,1,48,1,1,467000
Estância Santa Paula,3,175,2,2,1950000
Indústrias Leves,3,183,4,3,1060000
Nova Olinda,2,45,1,1,112000
Panorama,3,66,2,2,275000
Bela Suiça,4,333,4,5,4500000
Residencial Quadra Norte,3,197,2,3,520000
Parque Residencial Joaquim Toledo Piza,1,38,1,1,155000
Paraíso,2,51,1,1,197000
Jardim Morumbi,2,67,1,2,375000
Gleba Fazenda Palhano,2,58,1,2,670000
Centro,3,112,1,2,450000
Califórnia,3,192,4,3,820000
Cafezal,2,252,1,2,505000
Bela Suiça,2,87,2,3,1085000
Ouro Verde,2,45,1,1,180000
Esperança,4,300,5,4,2990000
Jardim das Américas,3,56,1,1,185000
Centro,3,100,1,3,430000
Gleba Fazenda Palhano,3,216,3,3,2280000
Jardim Athenas,2,73,1,1,240000
Jardim Moema,2,62,1,1,237000
Coliseu,3,365,4,3,799440
Parque Jamaica,2,60,1,2,469000
Conjunto Parigot de Souza 1,3,106,2,1,185000
Jardim Palermo,3,151,1,3,415000
Bela Suiça,3,156,2,4,1700000
Tarobá,3,193,4,2,440000
Centro,4,460,2,4,1700000
Gleba Fazenda Palhano,3,180,2,4,1600000
Tucano,4,355,4,4,2200000
Esperança,3,170,4,4,1200000
Gleba Fazenda Palhano,3,181,2,4,1900000
Centro,4,210,2,4,750000
Conjunto Habitacional Saltinho,3,140,2,2,200000
Recanto do Salto,4,379,4,5,4950000
Nova Olinda,2,46,1,1,126000
Centro,4,118,1,4,490000
Jardim Tarumã,5,242,2,5,655000
Gleba Fazenda Palhano,3,82,2,2,595000
Centro,3,89,1,2,370000
Terra Bonita,3,71,1,2,420000
Lima Azevedo,5,468,5,5,1990000
Vivendas do Arvoredo,3,196,2,2,2650000
Brasília,3,155,3,2,620000
Aurora,3,70,1,2,450000
Centro,3,86,2,2,850000
Jardim Presidente,3,71,1,1,570000
Vila Fujita,3,90,1,1,460000
Conjunto Vivi Xavier,3,120,1,2,165000
Bandeirantes,3,74,2,2,360000
Ouro Verde,2,45,1,1,175000
Recanto do Salto,4,460,4,5,5300000
Conjunto Habitacional Santiago II,3,55,1,1,307000
Portal de Versalhes 1,1,208,2,3,985000
Paraíso,2,51,1,1,180000
Conjunto Habitacional Violim,4,170,2,4,380000
Gleba Ribeirão Limeiro,2,47,1,1,300000
Aragarça,3,163,4,1,1350000
Olímpico,2,45,1,1,215000
Centro,2,54,1,1,200000
Jardim Paris,2,80,3,1,250000
Jardim Belém,2,46,1,1,270000
Gleba Fazenda Palhano,3,165,2,5,1550000
Centro,3,138,2,3,650000
Jardim Neman Sahyun,3,93,1,1,270000
Jardim Alemanha,3,130,2,1,220000
Jardim Morumbi,4,207,2,4,1500000
San Remo,3,227,2,3,950000
Santa Rosa,3,69,2,2,640000
Terras de Santana II,3,160,2,3,1450000
Parque Jamaica,3,360,2,3,1280000
Jardim do Lago,3,217,2,5,2590000
Gleba Fazenda Palhano,3,79,2,2,619000
Gleba Fazenda Palhano,3,215,2,3,2400000
Gleba Fazenda Palhano,3,162,2,5,1200000
Colúmbia,2,600,2,1,160000
Bela Suiça,4,427,4,4,5990000
Jardim Santa Alice,3,81,2,2,350000
Jardim Palermo,3,127,1,2,480000
Ouro Verde,3,180,2,1,300000
Gleba Fazenda Palhano,2,64,1,2,495000
Jardim do Sol,4,170,1,2,240000
Guanabara,4,388,4,5,6950000
Califórnia,4,430,2,4,1150000
Parque Residencial Alcântara,3,512,2,4,2200000
Brasília,2,70,1,1,190000
Nikko,2,121,2,2,1280000
Santa Rita 2,2,44,1,1,110000
Jardim Presidente,3,110,2,2,300000
Cafezal,2,60,3,1,200000
Ouro Verde,2,45,1,1,399000
Alpes,3,170,2,3,400000
Dom Ático,3,160,3,1,690000
Gleba Fazenda Palhano,2,75,2,2,800000
Vila Ipiranga,2,64,1,2,420000
Gleba Fazenda Palhano,2,54,2,1,420000
Colúmbia,3,84,1,2,350000
Jardim São Tomás,2,70,2,1,230000
Vila Larsen 1,3,127,2,2,350000
Gleba Fazenda Palhano,2,60,1,2,757080
Vila Siam,3,71,1,2,510000
Brasília,3,62,1,2,390000
Vila Ipiranga,2,54,1,1,250000
Jardim Santa Cruz,2,45,1,1,135000
Parque Residencial Elizabeth,3,70,5,1,420000
Esperança,5,640,5,5,5200000
Gleba Fazenda Palhano,3,111,1,3,1350000
Ouro Verde,2,45,1,1,189900
Colúmbia,3,113,2,4,500000
Centro,2,65,2,2,430000
Esperança,3,154,2,3,1385000
Centro,3,71,1,2,250000
Gleba Ribeirão Limeiro,2,43,1,1,270000
Igapó,3,64,1,1,220000
Terra Bonita,2,92,2,2,965060
Leonor,4,250,2,3,595000
Brasília,2,47,1,1,190000
Gleba Simon Frazer,3,227,4,4,1590000
Gleba Fazenda Palhano,2,104,2,3,1350000
Gleba Fazenda Palhano,2,47,1,1,275000
Conjunto Semiramis Barros Braga,2,126,2,1,197000
Cidade Industrial 2,2,45,1,1,240000
Colinas,2,45,1,1,250000
Jardim Morumbi,3,199,4,4,1300000
Gleba Fazenda Palhano,3,100,2,2,1065000
Residencial Verona,3,91,2,2,330000
Monte Belo,3,186,4,3,1120000
Gleba Fazenda Palhano,3,103,3,3,980000
Residencial José Lázaro Gouvea,4,317,5,5,3000000
Gleba Fazenda Palhano,3,130,2,3,1100000
Jardim Higienópolis,1,45,1,1,285000
Ouro Verde,3,180,2,2,280000
Iguaçu,5,500,4,4,2300000
Ideal,4,290,2,5,2200000
Gleba Fazenda Palhano,3,124,2,3,1450000
Gleba Fazenda Palhano,2,45,1,1,239000
Gleba Fazenda Palhano,3,216,3,5,3200000
Gleba Fazenda Palhano,3,68,2,2,495000
Califórnia,3,177,2,2,240000
Gleba Fazenda Palhano,3,75,1,1,590000
Jardim Santa Alice,3,94,3,2,430000
São Pedro,2,71,1,1,280000
Centro,2,70,1,1,270000
Catuaí Parque Residence,4,333,5,4,2050000
Jardim do Lago,3,217,2,5,1670000
Gleba Fazenda Palhano,3,195,2,5,2245000
Centro,2,111,1,2,480000
Conjunto Habitacional Alexandre Urbanas,3,143,2,3,1100000
Jardim Maria Celina,2,47,1,1,134000
Parque Jamaica,2,52,1,1,175000
Igapó,2,225,4,3,1850000
Cafezal,3,175,3,2,300000
Centro,2,85,2,2,930000
Santa Rosa,3,102,2,3,1200000
Centro,3,303,1,1,800000
Alto da Boa Vista,3,143,4,4,640000
Jardim Novo Sabará,3,80,2,2,370000
Brasília,3,80,1,2,350000
Petrópolis,3,78,1,2,735000
Jardim Aliança,3,67,1,1,180000
Jardim Planalto,3,74,2,1,300000
Brasília,2,45,1,1,178500
Gleba Fazenda Palhano,2,59,1,2,670000
Vila Rica,3,170,3,2,349570
Esperança,2,42,1,1,230000
Esperança,3,270,4,3,2500000
Conjunto Habitacional Alexandre Urbanas,3,180,3,3,750000
Conjunto Habitacional Doutor Farid Libos,2,46,1,1,175000
Jardim do Lago,3,212,2,3,1900000
Gleba Fazenda Palhano,3,139,2,3,1600000
Leonor,3,160,2,3,660000
Sabará I,3,120,2,2,560000
Gleba Fazenda Palhano,3,151,2,4,1990000
Brasília,3,200,2,4,1390000
Centro,3,105,1,3,420000
Franca,2,60,1,1,140000
Residencial Professora Madalena Cardoso,2,53,1,1,139800
Gleba Fazenda Palhano,3,114,2,2,1250000
Residencial Portal do Sol,3,82,1,1,299650
Vivendas do Arvoredo,4,499,4,5,4500000
Jardim Presidente,2,79,1,1,250000
Ideal,3,80,2,2,395000
Heimtal,2,39,1,1,228000
Catuaí Parque Residence,4,333,4,4,1849900
Residencial José Lázaro Gouvea,3,330,3,5,2800000
Gleba Fazenda Palhano,4,332,5,5,4800000
Santa Mônica,3,125,2,1,350000
Jardim Shangri-la A,2,67,1,2,405000
Gleba Fazenda Palhano,3,99,2,2,920000
Centro,3,95,1,3,420000
Residencial Quadra Norte,2,271,3,1,283000
Gleba Fazenda Palhano,3,286,4,5,3100000
Gleba Fazenda Palhano,3,151,2,4,1990000
Esperança,4,380,4,5,5000000
Parque das Indústrias,3,97,2,2,380000
Lima Azevedo,5,468,5,5,2235000
Igapó,3,125,2,2,500000
Caiçaras,4,298,4,5,1600000
Jardim Maria Celina,2,45,1,1,175000
Gayon,3,171,4,3,620000
Tietê,3,45,1,1,150000
Conjunto Farid Libos,2,62,1,1,265000
Gleba Fazenda Palhano,3,76,1,2,530000
Brasília,1,110,3,3,594000
Jardim São Paulo,3,118,2,2,430000
Brasília,3,82,1,2,350000
Vila Matarazzo,5,190,4,5,588000
Brasília,4,161,3,3,730000
Lima Azevedo,5,468,5,5,1990000
Brasília,3,233,4,3,1990000
Jardim São Jorge,4,256,3,5,3290000
Jardim São Francisco de Assis,3,80,1,1,210000
Gleba Fazenda Palhano,3,82,2,2,760000
Gleba Fazenda Palhano,3,216,4,4,2350000
Gleba Fazenda Palhano,2,62,1,2,650000
Bandeirantes,3,128,4,2,850000
Marumbi,4,115,3,2,385000
Centro,4,372,3,5,1900000
Conjunto Habitacional Alexandre Urbanas,3,180,2,3,1590000
Bela Suiça,3,232,4,4,2850000
Jardim Shangri-la A,4,225,4,2,1100000
Gleba Fazenda Palhano,3,103,2,1,950000
Gleba Fazenda Palhano,2,88,2,2,890000
Centro,3,133,1,2,580000
Monte Belo,3,102,2,2,650000
Brasília,4,180,4,3,580000
Centro,4,300,2,1,900000
Aurora,2,51,1,1,350000
Califórnia,3,141,3,1,900000
Jardim São Tomás,3,82,1,1,350000
Jardim das Américas,3,58,1,1,170000
Gleba Fazenda Palhano,2,112,2,3,1320000
Jardim Jóquei Club,2,45,1,1,170000
Monte Belo,3,200,1,1,550000
Cinco Conjuntos,3,227,4,2,600000
Parque Jamaica,3,69,1,1,165000
Gávea,3,121,4,3,585000
Jardim Tarumã,3,80,1,2,385000
Jardim Central Park,3,205,2,3,1389320
Gleba Fazenda Palhano,2,81,2,2,820000
Centro,3,70,1,1,250000
Brasília,4,270,4,3,900000
Conjunto Parigot de Souza 3,5,164,1,2,500000
Aparecida,5,332,2,5,800000
Gleba Fazenda Palhano,3,78,1,1,680000
São Vicente,3,65,1,2,405000
Parque Jamaica,2,60,1,1,390000
Leonor,1,45,1,1,199200
Conjunto Habitacional Doutor Farid Libos,2,44,1,1,179000
Gleba Fazenda Palhano,3,123,3,3,1390000
Canadá,3,180,5,5,1400000
Santa Mônica,3,81,1,2,330000
Esperança,4,350,5,5,3800000
Campo Belo,3,184,5,3,1300000
Judith,3,88,2,2,470000
Residencial Vila Romana,2,76,2,1,280000
Vivendas do Arvoredo,3,240,4,5,2990000
Vila Rica,1,177,3,1,340000
Conjunto Residencial Ilha Bela,3,70,2,2,419000
Brasília,4,480,2,5,2400000
São Vicente,3,65,1,2,450000
Shangri-lá,3,106,2,3,460000
Centro,4,279,3,5,1850000
Brasília,2,38,1,1,200000
Quebec,5,586,5,5,2300000
Terra Bonita,3,130,1,2,830000
Gleba Fazenda Palhano,3,167,2,5,1990000
Santa Rosa,3,98,2,2,980000
Centro,3,127,2,4,750000
Centro,3,94,1,1,500000
Gleba Fazenda Palhano,3,181,4,5,2450000
Lago Parque,5,380,5,5,2450000
Pacaembu,4,226,3,4,1090000
Nova Olinda,2,55,1,1,170000
Gleba Fazenda Palhano,3,181,3,4,1950000
Conjunto Habitacional José Garcia Molina,3,110,4,2,450000
São Vicente,3,66,1,1,470000
Brasília,5,473,3,5,499000
Esperança,3,270,4,5,1790000
Centro,2,160,2,2,730000
Gleba Fazenda Palhano,3,79,2,2,560000
Parque Jamaica,3,227,4,4,1400000
São Vicente,2,55,1,2,245000
Gleba Fazenda Palhano,3,120,2,3,1100000
Vivendas do Arvoredo,3,370,2,2,2990000
Ideal,4,204,4,5,1590000
Gleba Fazenda Palhano,3,136,2,3,1280000
Brasília,3,75,2,2,285000
Gleba Fazenda Palhano,3,78,2,2,575000
Esperança,3,308,2,5,3800000
Jardim Planalto,1,55,3,2,180000
Jardim Império do Sol,2,90,2,2,370000
Gleba Fazenda Palhano,3,236,4,5,3500000
Jardim Morumbi,2,43,1,1,185000
Centro,4,175,2,4,816000
Jardim Shangri-la A,3,400,5,3,1385000
Gleba Fazenda Palhano,3,94,2,2,895000
Vila Ipiranga,2,65,1,2,465000
Centro,3,204,2,5,2640000
Operária,3,250,3,3,750000
Conjunto Habitacional Doutor Farid Libos,2,43,1,1,205000
Centro,1,57,1,1,270000
Colinas,2,44,1,1,210000
Conjunto Habitacional Santiago II,3,55,1,1,270000
Centro,3,130,2,1,650000
Centro,2,73,5,2,330000
Centro,3,148,2,3,800000
Conjunto Habitacional Alexandre Urbanas,4,200,4,5,1650000
Leonor,2,46,1,1,165000
Andrade,3,55,1,1,235000
Centro,2,65,1,1,320000
Jardim Alah,5,264,1,3,820000
Vila Nova,3,79,3,1,400000
Centro,3,74,1,2,600000
Jardim Palmeiras,2,110,2,1,300000
Centro,3,106,1,3,480000
Gleba Fazenda Palhano,3,110,2,4,1180000
Centro,2,66,1,1,280000
Gleba Fazenda Palhano,2,70,1,2,595000
Brasília,3,75,2,2,285000
Jardim América,2,72,1,2,488000
Aurora,3,70,1,2,450000
São Vicente,2,55,1,2,210000
Ideal,3,79,2,2,300000
Gleba Fazenda Palhano,2,74,1,2,780000
Gleba Fazenda Palhano,3,130,2,2,1140000
Parque Jamaica,3,187,4,2,1100000
Jardim Maria Celina,2,70,1,1,240000
Santa Rosa,3,87,1,2,774000
Gleba Fazenda Palhano,3,75,1,2,579000
Gleba Fazenda Palhano,3,151,2,4,2200000
Gleba Fazenda Palhano,2,76,2,2,750000
Gleba Fazenda Palhano,3,104,2,2,1170000
Conjunto Habitacional Alexandre Urbanas,3,180,2,5,1290000
Centro,4,281,4,3,1000000
Centro,4,405,2,5,1800000
Brasília,2,44,1,1,213000
Vila Fujita,3,224,2,5,1100000
São Pedro,4,288,5,1,920000
Centro,4,406,2,5,2000000
Gleba Fazenda Palhano,3,165,2,4,1500000
Franca,2,44,1,1,90000
Califórnia,3,93,2,2,400000
Residencial José Lázaro Gouvea,3,70,1,1,420000
Jardim do Sol,3,237,1,1,550000
Gleba Fazenda Palhano,3,114,2,2,1350000
Recanto do Salto,3,300,4,5,3900000
Jardim Shangri-la A,3,67,1,2,370000
Mediterrâneo,4,500,5,5,2000000
Alto da Boa Vista,3,70,1,1,265000
Jardim América,3,65,1,1,255000
Conjunto Habitacional José Garcia Molina,2,45,1,1,150000
Jardim Morumbi,2,46,2,1,315000
Califórnia,3,97,3,3,389000
Gleba Fazenda Palhano,3,95,2,2,980000
Jardim Tarumã,4,260,4,5,980000
Gleba Fazenda Palhano,3,195,3,5,2089000
Gleba Fazenda Palhano,2,63,1,2,590000
Colúmbia,2,96,1,2,420000
Centro,1,31,1,1,180000
Brasília,1,56,1,2,290000
Brasília,3,113,2,3,420000
Aurora,2,74,1,2,615000
Centro,2,60,1,2,285000
Centro,3,92,1,1,448000
Vila Fujita,3,178,2,3,698000
Judith,2,56,1,1,260000
Jardim Itatiaia 2,4,270,4,3,2200000
Terra Bonita,3,140,4,3,999000
Centro,4,205,2,3,800000
Jardim Alvorada,4,168,4,3,670000
Jardim Burle Marx,3,140,3,2,1075000
Conjunto Vivi Xavier,3,150,1,1,285000
Lago Parque,3,207,4,3,1290000
Conjunto Habitacional Doutor Farid Libos,2,46,1,1,175000
Jardim Morumbi,2,46,1,1,260000
Brasília,1,64,1,1,170000
Gleba Fazenda Palhano,2,62,1,1,670000
Gleba Fazenda Palhano,3,68,1,2,420000
Centro,3,108,1,3,700000
Gleba Fazenda Palhano,3,103,2,3,920000
Gleba Fazenda Palhano,1,48,1,1,432000
Jardim das Américas,3,101,1,1,205000
São Pedro,2,48,1,1,172000
Gleba Fazenda Palhano,2,89,2,1,840000
Gleba Fazenda Palhano,3,151,2,5,1700000
Residencial José Lázaro Gouvea,3,173,4,4,1110000
Jardim Montecatini,3,190,2,4,1670000
Gleba Fazenda Palhano,3,216,3,5,2100000
Jardim São Paulo II,3,63,1,1,220000
Jardim Morumbi,2,54,1,1,320000
Gleba Fazenda Palhano,2,62,1,2,749000
Bela Suiça,3,232,3,5,3200000
Bandeirantes,3,174,2,1,495000
Conjunto Habitacional Alexandre Urbanas,3,205,2,4,1500000
Gleba Fazenda Palhano,3,127,2,2,1650000
Esperança,5,483,4,5,6200000
Conjunto Farid Libos,2,62,1,1,265000
Conjunto Semiramis Barros Braga,1,85,1,1,145000
Vale das Araucárias,4,360,2,2,3550000
Centro,3,177,1,3,805000
Ideal,3,90,2,2,445000
Nova Olinda,3,70,2,1,285000
Jardim Presidente,3,143,2,1,400000
Gleba Fazenda Palhano,3,122,2,3,1450000
Brasília,2,101,4,1,435000
Cinco Conjuntos,3,200,2,1,199999
Gleba Fazenda Palhano,3,68,1,2,430000
Esperança,5,360,4,5,3000000
Leonor,2,46,1,1,240000
Centro,4,290,3,1,1200000
Caravelle,3,240,4,2,1290000
Jardim Nova Esperança,2,100,2,1,220000
Conjunto Habitacional Alexandre Urbanas,3,214,2,4,1890000
Jardim São Paulo II,2,44,1,1,175000
Centro,4,141,1,3,430000
Gleba Fazenda Palhano,3,71,1,2,350000
Jardim Maria Luiza,2,46,1,1,165000
Jardim Morumbi,3,210,2,5,1500000
Jardim Jóquei Club,2,45,1,1,210000
Vila Casoni,3,221,1,1,450000
Gleba Fazenda Palhano,3,139,2,5,1450000
Bela Suiça,4,119,2,2,640000
Jardim Maria Luiza,3,100,2,2,371000
Centro,4,372,3,5,1950000
Gleba Ribeirão Limeiro,2,49,1,1,250000
Jardim Alvorada,1,40,2,1,200000
Brasília,2,50,1,1,318000
Gleba Simon Frazer,3,205,4,4,1436400
Cafezal,3,80,2,1,375000
Bela Suiça,4,427,4,5,6000000
Vila Larsen 1,3,85,2,2,580000
Vila Santa Terezinha,3,64,1,2,490000
Conjunto Café,4,130,1,3,400000
Petrópolis,4,297,1,4,1500000
Heimtal,3,52,1,1,230000
Esperança,3,234,4,5,2500000
Mediterrâneo,4,500,4,4,1600000
Brasília,3,79,1,2,490000
Conjunto Habitacional Alexandre Urbanas,3,146,4,3,1180000
Campo Belo,3,55,1,1,190000
Guanabara Parque Boulevard,3,104,2,3,1100000
Tarobá,2,120,1,1,280000
Jardim Strass,2,70,2,1,247000
Jardim Planalto,2,120,2,1,440000
Gleba Fazenda Palhano,2,47,1,1,340000
Olímpico,4,186,4,4,1399010
Gleba Simon Frazer,3,181,4,4,1200000
Jardim Morumbi,3,147,2,2,1280000
Jardim Shangri-la A,3,600,4,2,1200000
Conjunto Habitacional Milton Gavetti,2,80,2,1,220000
Bandeirantes,3,121,4,2,500000
Terra Bonita,3,70,1,2,475000
Colúmbia,2,50,1,1,220000
Nova Olinda,2,47,1,1,119000
Alto da Boa Vista,3,80,1,1,250000
Brasília,3,53,1,1,350000
Gleba Fazenda Palhano,2,82,2,3,980000
Centro,3,76,2,2,636000
Califórnia,3,100,1,1,370000
Bandeirantes,3,110,2,2,680000
Brasília,2,43,1,1,244000
Centro,1,39,1,1,238000
Esperança,3,226,4,4,2200000
Centro,1,47,1,1,180000
Gleba Fazenda Palhano,3,181,3,5,2050000
Alpes,2,104,2,1,470000
Guanabara Parque Boulevard,3,104,2,3,1100000
Paraíso,2,53,1,1,180000
Esperança,3,190,4,4,2000000
Vila Nova,2,67,1,2,280000
Califórnia,3,102,2,1,250000
Jardim Presidente,2,143,1,2,290000
Centro,2,65,2,2,430000
Heimtal,3,52,1,1,230000
Esperança,4,500,4,5,3715000
Vila Rica,3,94,1,2,350000
Brasília,3,143,2,3,650000
Parque Jamaica,3,71,1,2,505000
Vivendas do Arvoredo,3,180,2,4,2990000
Conceição,3,87,1,2,420000
Centro,4,300,2,5,900000
Jardim São Jorge,3,159,2,5,1715000
Brasília,3,83,2,2,370000
Gleba Fazenda Palhano,2,44,1,1,265000
Mediterrâneo,3,350,2,4,2995000
Conjunto Habitacional Maria Cecília Serrano de Oliveira,2,75,1,2,240000
Brasília,3,90,2,2,430000
Gleba Fazenda Palhano,3,150,2,4,1080000
Brasília,3,79,2,2,795000
Colinas,3,95,2,2,580000
Brasília,4,470,4,4,644000
Cláudia,3,60,1,2,370000
Jardim Morumbi,2,46,1,1,290000
Centro,3,156,2,3,780000
Leonor,3,180,4,1,485000
Jardim das Américas,3,63,1,1,175000
Shangri-lá,3,123,4,3,599000
Centro,3,107,1,3,480000
Conjunto Habitacional João Turquino,2,45,1,1,190000
Brasília,3,66,1,2,320000
Jardim Monte Sinai,3,110,2,2,590000
Conjunto Vivi Xavier,3,95,2,2,275000
Jardim Morumbi,2,64,1,2,450000
Centro,5,405,3,5,2200000
Rodocentro,4,347,4,5,5495000
Bela Suiça,4,119,2,2,639470
Santa Rosa,3,245,5,3,3100000
Jardim União da Vitória II,2,70,1,1,130000
Gleba Fazenda Palhano,2,54,2,1,430000
Conjunto Habitacional Santiago II,2,80,1,2,390000
Conjunto Vivi Xavier,2,53,1,1,144500
Jardim Nações Unidas,3,82,2,1,450000
Aurora,2,75,1,2,595000
Centro,4,467,2,5,1700000
Gleba Fazenda Palhano,3,220,4,5,2470000
Gleba Fazenda Palhano,3,124,4,3,1620000
Conjunto Habitacional Alexandre Urbanas,3,181,4,5,1295000
Brasília,3,75,1,2,380000
Operária,4,266,4,5,1480000
Jardim Tropical,3,140,2,2,550000
Gleba Fazenda Palhano,3,216,4,5,2290000
Califórnia,3,174,3,3,590000
Brasília,4,190,2,3,393000
Heimtal,3,52,1,1,145000
Granville Parque Residencial,4,320,2,5,1830000
Brasília,4,105,1,3,320000
Gleba Fazenda Palhano,3,83,2,2,780000
San Remo,3,158,5,4,650000
Tarobá,2,65,1,1,190000
Bela Suiça,3,232,3,5,2600000
Jardim dos Estados,2,80,2,2,305000
Aurora,3,64,1,2,155000
Brasília,3,85,1,2,550000
Aurora,2,75,1,2,630000
Jardim Palermo,2,63,1,1,198000
Bandeirantes,3,128,2,2,690000
Parque Residencial Michael Licha,3,96,2,2,392000
São Pedro,2,49,1,1,180000
Santa Rosa,3,108,2,3,1240000
Colinas,2,44,1,1,65000
Gleba Fazenda Palhano,3,166,2,4,1500000
Brasília,3,58,2,1,359000
Jardim Vale do Cedro,3,127,2,2,450000
Jardim Agari,3,55,1,1,160000
Gleba Simon Frazer,3,75,1,2,385000
Jardim Presidente,2,71,2,1,765000
Jardim Nova Esperança,2,85,2,1,250000
Ernani Moura Lima,3,127,2,2,490000
Recanto do Salto,4,220,2,4,2650000
Vila Rica,3,177,3,1,340000
Residencial Vila Romana,2,81,1,1,555000
Vila Casoni,2,54,1,1,220000
Centro,3,109,1,3,435000
Jardim Viena,3,119,2,2,355000
Andrade,3,212,2,3,800000
Judith,3,99,1,3,430000
Centro,3,137,2,3,800000
Lago Parque,5,680,5,5,5500000
Champagnat,3,385,4,2,1450000
Industrial,2,46,1,1,129000
Colúmbia,1,97,1,2,380000
Califórnia,3,138,2,2,389230
Centro,3,191,2,2,950000
Caiçaras,3,131,2,2,1280000
Jardim Meton,3,170,4,3,410000
Jardim Monte Sinai,3,137,4,3,580000
Jardim Morumbi,2,41,1,1,170000
Marumbi,1,300,1,1,360000
Gleba Fazenda Palhano,2,64,1,2,600000
Esperança,5,283,4,5,3100000
Jardim Morumbi,3,210,2,5,1600000
Colúmbia,2,65,1,1,240000
Cafezal,3,130,3,3,560000
Ideal,3,130,1,3,680000
Jardim Burle Marx,3,142,2,2,1075000
Portuguesa,3,74,1,2,265000
Esperança,4,350,3,5,3800000
Jardim Vilas Boas,3,113,3,1,700000
Jardim Neman Sahyun,4,208,4,4,550000
Parque Universidade,2,86,1,1,295000
Aurora,3,66,2,2,370000
Ouro Verde,2,45,1,1,160000
Jardim Graziela,3,82,1,1,300000
Jardim Continental,3,110,2,1,300000
Centro,3,66,1,1,240000
Jardim Montecatini,4,220,4,5,2100000
Ideal,3,80,2,2,390000
Jardim São Paulo,3,130,1,2,200000
Gleba Fazenda Palhano,3,130,2,2,1100000
Lindóia,3,89,2,2,365000
Vila Larsen 1,3,327,4,1,580000
Jardim dos Estados,3,56,1,2,375000
Jardim das Américas,3,55,1,1,155000
Paulista,2,80,2,2,250000
Centro,3,64,1,1,275000
Ideal,2,43,1,1,195000
Centro,1,44,1,1,390000
Marumbi,3,58,1,1,150000
Esperança,5,283,2,5,3200000
Centro,3,227,2,4,800000
Industrial,3,161,3,2,480000
Jardim Imagawa,3,80,2,1,260000
Aurora,4,419,4,5,4850000
Nossa Senhora de Lourdes,2,56,1,2,270000
Centro,2,57,1,2,479900
Gleba Fazenda Palhano,2,46,1,1,300000
Santa Rosa,3,245,3,5,1990000
Conjunto Semiramis Barros Braga,3,111,2,1,240000
Conjunto Semiramis Barros Braga,3,200,3,3,550000
Esperança,5,360,4,5,3500000
Parque Jamaica,3,246,2,4,1600000
Jardim Shangri-la A,4,220,5,5,1200000
Andrade,4,260,4,5,1490000
Brasília,3,63,1,2,310000
Centro,3,70,1,1,320000
Caiçaras,4,263,3,5,1750000
Jardim Agari,3,56,1,1,160000
Cambezinho,3,350,3,3,715000
Centro,1,38,1,1,248000
Conjunto Semiramis Barros Braga,3,140,2,1,240000
Gleba Fazenda Palhano,2,85,1,3,950000
Santa Mônica,3,310,4,4,1090000
Dom Bosco,3,97,1,2,305000
Jardim Shangri-la A,3,67,1,2,550000
Recanto do Salto,4,335,5,5,3300000
Residencial José Lázaro Gouvea,4,300,3,5,3300000
Heimtal,3,70,1,1,350000
Brasília,3,62,1,2,350000
Centro,4,336,4,3,3300000
Jardim Montecatini,2,67,1,1,280000
Carnascialli,4,120,2,2,250000
Centro,3,87,1,3,385000
Esperança,3,302,4,5,3500000
Aparecida,4,212,3,1,505000
Leonor,2,75,2,2,365000
Bela Suiça,3,156,2,4,1699000
Gleba Fazenda Palhano,3,76,1,2,488000
Centro,3,80,1,2,680000
Gleba Fazenda Palhano,2,103,2,3,995000
Gleba Fazenda Palhano,3,69,1,2,490000
Santa Izabel,2,48,1,1,195000
Terra Bonita,2,84,1,2,900000
Residencial Santa Rita V,2,88,2,1,250000
Jardim Morumbi,3,66,1,2,350000
Brasília,2,100,1,2,285000
Centro,3,79,1,1,260000
Esperança,3,238,4,2,2300000
Cafezal,3,130,2,2,330000
Jardim Morumbi,3,199,4,4,1300000
Santa Rosa,3,245,3,5,2300000
Santa Rosa,3,245,3,5,3490000
Gleba Fazenda Palhano,3,136,2,4,1560000
Vila Ipiranga,2,56,1,1,349900
Cidade Industrial 2,2,45,1,1,240000
Boa Vista,3,210,2,3,990000
Gleba Fazenda Palhano,3,179,4,4,2200000
Jardim Nações Unidas,2,45,1,1,190000
Jardim Portal de Itamaracá,3,84,2,2,350000
Gleba Fazenda Palhano,2,89,3,3,850000
Gleba Fazenda Palhano,2,103,2,3,1400000
Jardim Alvorada,3,200,2,3,790000
Vila Siam,3,87,2,2,660000
Gleba Fazenda Palhano,2,50,1,1,380000
Brasília,3,140,3,3,1280000
Jardim Maria Celina,2,47,1,1,198000
Conjunto Residencial Itamaraty,3,72,1,2,245000
Jardim Palermo,3,127,1,2,580000
Gleba Fazenda Palhano,3,216,3,5,3200000
Jardim Portal dos Pioneiros,3,95,2,1,480000
Universitário,3,204,5,4,1090000
Gleba Fazenda Palhano,3,155,2,4,2500000
Estância Santa Paula,4,441,4,5,3980000
Brasília,4,135,2,3,450000
Jardim Tókio,3,78,2,2,330000
Ouro Branco,3,142,2,1,410000
Igapó,3,95,2,2,245000
Terra Bonita,3,245,2,2,1600000
Gleba Fazenda Palhano,3,124,2,3,1550000
Gleba Fazenda Palhano,3,183,2,3,1990000
Cidade Industrial 2,2,47,1,1,159000
Jardim Alvorada,4,300,2,3,700000
Shangri-lá,4,137,2,3,559410
Monte Belo,5,194,2,3,580000
Carlota,4,170,1,2,137000
Santa Rosa,3,245,3,5,3790000
Centro,3,130,2,2,650000
Santa Rosa,3,245,3,3,3400000
Vivendas do Arvoredo,3,277,4,5,2595000
Conjunto Café,2,60,1,1,180000
Santa Rosa,3,81,1,2,710000
Gleba Fazenda Palhano,3,185,3,4,1840000
Centro,4,283,3,5,1200000
Terras de Santana II,3,169,3,3,1500000
Olímpico,3,183,2,3,1250000
Esperança,3,268,4,4,2500000
Tucano,4,410,4,5,2000000
Santa Rita 1,3,120,1,2,305000
Parque Jamaica,3,53,1,1,180000
Brasília,3,82,1,2,350000
Gleba Fazenda Palhano,3,235,3,5,2950000
Califórnia,3,55,1,1,160000
Brasília,3,250,2,3,1442000
Colúmbia,3,65,2,1,265000
Jardim Morumbi,4,273,2,3,1495000
Conjunto Habitacional João Turquino,2,42,1,1,149000
Nova Olinda,2,45,1,1,120000
Vila Santa Terezinha,2,51,1,1,365000
Califórnia,3,138,2,2,380000
Jardim Tókio,2,100,2,1,420000
Nossa Senhora de Lourdes,3,69,1,2,270000
Kennedy,1,36,1,1,190000
Champagnat,1,58,1,1,310000
Paraíso,2,47,1,1,139000
Santa Rosa,2,81,1,2,730000
Gleba Ribeirão Limeiro,2,43,1,1,190000
Cafezal,3,100,2,3,450000
Terra Bonita,3,88,1,1,640000
Andrade,3,258,2,3,1500000
Ernani Moura Lima,3,150,3,2,375000
Residencial Verona,2,55,1,1,220000
Carnascialli,3,60,2,1,300000
Brasília,3,81,1,2,435000
Centro,4,273,3,4,1600000
Jardim das Palmeiras,2,68,1,1,244740
Vila Casoni,2,54,1,1,228000
Gleba Fazenda Palhano,2,74,1,2,690000
Residencial Verona,2,59,1,1,215000
Paraíso,3,183,2,2,450000
Centro,3,86,2,2,850000
Heimtal,2,52,1,1,195000
Esperança,5,258,2,5,3100000
Parque Residencial Joaquim Toledo Piza,3,130,2,2,695000
São Vicente,3,65,1,2,469000
Jardim Moema,2,82,2,1,270000
Terra Bonita,2,92,2,2,943900
Centro,3,98,1,2,550000
Araxá,3,367,5,5,1600000
Cafezal,3,99,2,2,380000
Alpes,3,205,4,3,1200000
Bela Suiça,2,69,2,2,550000
Santa Rosa,3,77,2,2,640000
Petrópolis,3,78,1,2,620000
Catuai,1,70,2,1,220000
Centro,3,204,2,5,1300000
Brasília,3,84,2,1,350000
Conjunto Habitacional Doutor Farid Libos,2,43,1,1,210000
Centro,3,120,1,3,550000
Monte Belo,2,90,1,2,275000
Lagoa Dourada,3,104,1,1,630000
Centro,3,90,1,1,600000
Portal de Versalhes 2,3,110,2,2,720000
Centro,4,153,2,3,800000
Sabará I,3,155,2,2,510000
Gleba Fazenda Palhano,2,55,1,1,399000
Alto da Colina,1,17,1,1,130000
Cláudia,3,70,1,2,350000
Santa Rosa,3,245,4,3,2700000
Conjunto Habitacional Alexandre Urbanas,3,143,3,2,1150000
Conjunto Habitacional Maria Cecília Serrano de Oliveira,3,68,3,1,300000
Jardim Santa Cruz,3,69,1,1,130000
Parque Residencial Michael Licha,2,81,1,1,300000
Centro,1,44,1,1,430000
Brasília,3,115,1,3,520000
Gleba Fazenda Palhano,3,137,2,4,1650000
Tietê,3,57,1,1,149000
Santa Mônica,3,125,2,1,350000
Esperança,3,168,3,4,1395000
Gleba Fazenda Palhano,3,185,3,4,1950000
Jardim Higienópolis,3,102,1,3,480000
Newton Guimarães,3,120,3,1,220000
Santa Rita 1,4,111,4,2,250000
Brasília,3,80,1,2,380000
Jardim Jóquei Club,2,42,1,1,215000
Gleba Fazenda Palhano,3,70,1,1,350000
Centro,4,257,2,5,860000
Tucano,5,747,4,5,4500000
Moradias do Cabo Frio,3,154,2,1,250000
Caiçaras,4,210,3,3,1600000
Jardim Guararapes,3,128,3,3,690000
Jardim Higienópolis,2,68,1,1,370000
Gleba Fazenda Palhano,2,64,1,1,480000
Gleba Fazenda Palhano,3,166,2,4,1450000
Champagnat,3,58,1,1,290000
Brasília,3,85,3,2,293000
Ouro Verde,2,44,1,1,150000
Jardim Jóquei Club,2,38,1,1,230000
Jardim Alvorada,3,118,2,1,390000
Cafezal,3,80,3,2,430000
Jardim do Sol,2,170,2,1,320000
Esperança,5,283,4,5,3100000
Gleba Fazenda Palhano,2,74,1,2,660000
Parque Jamaica,4,246,2,3,1500000
Califórnia,2,250,2,1,250000
Gleba Simon Frazer,3,181,4,4,1600000
Brasília,3,87,1,2,860000
Champagnat,3,58,1,1,350000
Centro,3,122,1,3,420000
Santa Rosa,3,81,1,2,750000
Gleba Ribeirão Limeiro,2,46,1,1,220000
Jardim Portal de Itamaracá,3,84,2,2,350000
Operária,3,353,4,2,1980000
Industrial,3,59,1,1,170000
Aurora,2,64,2,2,490000
Colinas,2,65,2,2,320000
Gleba Fazenda Palhano,2,46,1,1,320000
Jardim Maria Luiza,2,45,1,1,180000
Brasília,2,46,1,1,143500
Universitário,3,200,2,2,1500000
Jardim São Paulo II,2,44,1,1,205000
Tarobá,3,120,2,1,700000
Gleba Fazenda Palhano,3,104,2,2,1250000
Parque Residencial Alcântara,4,359,4,5,1750000
Centro,4,131,2,3,530000
Conjunto Parigot de Souza 3,2,74,2,1,250000
Gleba Fazenda Palhano,3,167,2,3,1990000
Brasília,3,114,1,2,275000
Paraíso,2,45,1,1,170000
Catuaí Parque Residence,3,73,1,2,520000
Vila Ipiranga,2,75,1,1,300000
Jardim Moema,3,104,2,1,340000
Santa Mônica,4,300,4,1,1600000
Conjunto Residencial Vivendas do Arvoredo,3,240,4,3,1600000
Centro,3,88,1,3,380000
Santa Rosa,2,78,1,2,740000
Jardim Itatiaia 2,2,2500,5,1,2700000
Jardim Morumbi,2,56,1,1,289590
Vila Filipin,2,48,1,1,190000
Centro,1,45,1,1,270000
Antares,3,73,1,1,210000
Terra Bonita,2,70,1,2,850000
Brasília,3,66,1,1,229000
Jardim São Paulo,3,113,1,2,399000
Centro,2,112,1,2,600000
Brasília,3,164,2,3,750000
Jardim Maria Luiza,2,45,1,1,130000
Paraíso,2,47,1,1,170000
Vivendas do Arvoredo,4,286,4,1,2800000
Santa Rosa,3,131,4,5,1400000
Jardim Tókio,2,95,1,2,298000
Nikko,5,400,5,2,4500000
Jardim do Sol,3,141,2,1,250000
Jardim Portal de Itamaracá,3,78,2,1,330000
Conjunto Habitacional Santiago II,3,55,1,1,300000
Pacaembu,3,178,4,2,680000
Centro,3,133,1,2,580000
Gleba Fazenda Palhano,2,70,2,2,535000
Centro,4,105,2,2,560000
Centro,1,25,1,1,235000
Brasília,3,80,2,2,423000
Conjunto Farid Libos,2,62,2,1,265000
Santa Rosa,3,104,2,3,1350000
Recanto do Salto,3,365,4,5,2900000
Canaã,3,264,3,2,1000000
Conjunto Habitacional Alexandre Urbanas,2,140,4,1,960000
Paraíso,2,48,1,1,150000
Jardim Maria Luiza,2,42,1,1,180000
Jardim Neman Sahyun,1,45,2,1,350000
Conjunto Habitacional Alexandre Urbanas,3,141,4,3,1100000
Santa Rosa,4,207,3,5,2400000
Ernani Moura Lima,2,138,3,2,380000
Vila Ipiranga,3,70,1,2,580000
Centro,2,64,1,2,500000
Brasília,2,48,1,1,233000
Aurora,3,71,1,2,405000
Residencial Portal do Sol,3,82,1,2,310000
Jardim Maria Celina,3,79,1,2,298000
Leonor,2,46,1,1,185000
Waldemar Hauer,2,136,2,3,460000
Jardim Higienópolis,2,77,1,2,330000
Jardim Agari,3,83,1,2,380000
Brasília,3,59,1,1,396000
Centro,3,128,2,4,1590000
Ideal,3,90,1,2,615000
Centro,3,74,1,2,580000
Veraliz,3,150,2,2,570000
Gleba Fazenda Palhano,2,75,2,2,750000
Santa Rita 1,3,300,2,2,340000
Pinheiros,4,180,3,2,750000
Brasília,3,83,1,2,350000
Centro,3,217,2,4,1100000
Cláudia,3,71,1,2,380000
Vila Larsen 1,2,56,1,1,260000
Colúmbia,2,62,2,1,250000
Terra Bonita,2,69,2,2,580000
Guanabara Parque Boulevard,2,81,1,2,650000
Vivendas do Arvoredo,3,196,4,4,2650000
Igapó,2,54,1,2,180000
Santa Rosa,3,246,3,5,3390000
Recanto do Salto,3,220,4,4,2650000
Boa Vista,5,220,2,3,750000
Centro,3,86,1,2,798000
Gleba Fazenda Palhano,3,79,2,2,650000
Gleba Fazenda Palhano,3,120,2,4,1100000
Aspen Park Residence,3,235,2,2,1600000
Industrial,4,150,3,2,500000
Parque Jamaica,3,180,2,2,780000
Jardim Presidente,3,71,2,2,730000
Heimtal,3,112,2,2,585000
Mediterrâneo,4,450,4,5,2700000
Vila Santa Terezinha,2,64,1,2,539000
Jardim Higienópolis,5,141,1,1,900000
Jardim Tarumã,3,130,2,2,550000
Gleba Ribeirão Limeiro,2,43,1,1,280000
Conjunto Habitacional João Turquino,2,42,1,1,199000
Conjunto Farid Libos,3,68,1,1,270000
Centro,3,66,1,1,245000
Bela Suiça,3,154,3,5,1700000
Vila Larsen 1,3,71,1,2,350000
Nova Olinda,3,81,1,2,330000
Jardim das Américas,3,57,1,1,210000
Cinco Conjuntos,3,90,4,1,300000
Centro,4,331,2,5,2300000
Lago Parque,4,360,3,5,1450000
Brasília,3,130,2,2,695000
Gleba Fazenda Palhano,2,75,2,2,690000
Jardim América,2,52,1,2,280000
Gleba Fazenda Palhano,2,58,1,2,719350
Quebec,4,319,4,5,1350000
Brasília,2,156,4,2,1250000
Bela Suiça,5,1000,5,5,15000000
Colinas,2,65,2,2,320000
Esperança,3,444,5,5,6700000
Brasília,2,49,1,1,197000
Gleba Fazenda Palhano,3,79,2,2,540000
Jardim São Jorge,4,283,3,5,3700000
Residencial Professora Marieta,2,116,3,1,320000
Gleba Fazenda Palhano,3,216,3,5,2200000
Gleba Fazenda Palhano,2,70,2,2,535000
Jardim Higienópolis,2,74,1,2,750000
Colúmbia,3,81,1,2,450000
Centro,3,74,1,3,560000
Gleba Fazenda Palhano,2,46,1,1,319730
Gleba Fazenda Palhano,3,67,1,2,690000
Colinas,2,47,1,1,184060
Conjunto Habitacional José Garcia Molina,1,48,3,1,180000
Jardim Tókio,3,100,1,1,170000
Vila Larsen 1,3,75,2,1,400000
Gleba Fazenda Palhano,3,114,2,2,1750000
Gleba Fazenda Palhano,3,286,4,3,3200000
Esperança,4,472,4,5,4900000
Tucano,3,600,4,3,1350000
Gleba Fazenda Palhano,2,45,1,1,290000
Condominio Residencial Habitten Santa Regina,3,160,4,3,1030000
Residencial Havana,4,190,4,4,1300000
Marumbi,3,58,1,1,150000
Santa Rita 1,1,68,1,1,270000
Brasília,2,60,1,1,230000
Jardim do Leste,3,153,2,3,670000
Jardim Adriana I,2,250,3,2,480000
San Fernando,3,67,1,1,180000
Centro,3,74,1,2,579900
Andes,3,70,2,1,290000
Vivendas do Arvoredo,4,374,4,5,4700000
Terra Bonita,3,69,1,2,350000
Jardim São Paulo II,2,48,1,1,190000
Brasília,2,55,1,2,253000
Ideal,2,156,4,1,1200000
Residencial Portal do Sol,3,82,1,2,307410
Califórnia,3,118,1,2,620000
Catuai,2,140,3,3,350000
Parque Jamaica,3,132,3,3,660000
Gleba Fazenda Palhano,3,95,2,2,910000
Centro,4,208,2,3,1200000
Nova Olinda,3,81,2,2,350000
Gleba Fazenda Palhano,2,46,1,1,280000
Brasília,3,98,2,2,460000
Santa Rosa,3,323,4,4,3850000
Gleba Fazenda Palhano,3,76,1,1,560000
Esperança,3,224,2,5,1800000
Brasília,4,102,1,2,350000
Vivendas do Arvoredo,4,284,4,5,3490000
Centro,2,46,1,1,350000
Olímpico,2,47,1,1,200000
Conjunto Parigot de Souza 3,1,100,3,1,750000
Judith,3,127,2,2,800000
Vila Santa Terezinha,2,51,1,1,382000
Colinas,2,65,2,1,248000
Brasília,2,46,1,1,265000
Parque Residencial Michael Licha,3,84,1,2,349670
Centro,2,70,1,1,245000
Vila Casoni,3,230,2,2,430000
Jardim Jerônimo Nogueira de Figueiredo,3,70,1,1,220000
Campo Belo,3,98,1,3,345000
Coliseu,2,43,1,1,140000
Terra Bonita,2,60,1,1,464000
Colinas,2,67,2,2,285000
Gleba Fazenda Palhano,3,117,2,2,740000
Jardim Morumbi,3,64,1,1,440000
Santa Rosa,4,207,3,5,2800000
Terra Bonita,3,69,2,2,580000
Lagoa Dourada,3,93,2,3,530000
Jardim Maria Celina,3,150,2,1,330000
Centro,2,57,1,2,260000
Brasília,3,110,2,2,450000
Centro,3,184,2,4,980000
Vitória,3,69,1,2,529900
Terra Bonita,3,220,2,4,1650000
Caiçaras,3,206,3,3,850000
Brasília,2,73,1,2,270000
Santa Mônica,3,220,3,1,780000
Bela Suiça,2,70,2,2,600000
Gleba Fazenda Palhano,1,51,1,1,518000
Gleba Simon Frazer,3,231,4,5,1599000
Aurora,2,55,1,2,470000
Gleba Fazenda Palhano,3,126,3,4,1490000
Centro,3,94,1,2,550000
Brasília,1,53,5,1,550000
Parque Jamaica,2,61,2,2,480000
Centro,4,290,3,5,1249060
Gleba Ribeirão Limeiro,2,42,1,1,240000
Jardim Adriana II,3,212,2,3,800000
Califórnia,3,123,2,2,639120
Granville Parque Residencial,3,230,4,3,1350000
Mediterrâneo,1,400,4,5,2000000
Conjunto Habitacional Alexandre Urbanas,3,175,4,4,1490000
Gleba Fazenda Palhano,3,170,2,4,1020000
Santa Rosa,3,205,3,5,2500000
Alto da Boa Vista,3,180,2,3,429250
Alpes,5,181,4,4,600000
Gleba Fazenda Palhano,2,62,1,2,570000
Gleba Fazenda Palhano,3,91,2,3,850000
Residencial José B Almeida,3,150,1,2,460000
Marumbi,3,63,1,1,150000
Centro,3,92,2,4,600000
Brasília,2,80,2,1,195000
Nossa Senhora de Lourdes,2,81,1,2,329000
Armindo Guazzi,3,103,2,2,420000
Centro,1,27,1,1,245000
Brasília,3,149,4,5,1330000
Residencial Vila Romana,3,120,3,2,270000
Terra Bonita,2,70,1,2,760000
Centro,3,170,2,4,755000
Gleba Fazenda Palhano,3,78,1,2,750000
Centro,2,70,1,1,355000
Santos Dumont,5,194,3,3,400000
Gleba Fazenda Palhano,3,96,2,2,629000
Centro,3,156,2,4,800000
Centro,3,64,1,2,415000
Leonor,2,46,1,1,240000
Bela Suiça,4,419,4,5,5200000
Esperança,5,381,4,5,3000000
Gleba Fazenda Palhano,3,76,1,2,550000
Jardim Shangri-la A,3,400,4,4,1385000
Centro,3,85,1,2,280000
Colinas,2,44,1,1,185000
Santa Rosa,3,245,3,5,2300000
Esperança,5,330,4,5,3000000
Brasília,1,42,1,1,170000
Jardim Continental,3,80,1,1,370000
Gleba Fazenda Palhano,3,185,4,5,2060000
Residencial Santa Clara,4,250,2,3,1290000
Terra Bonita,3,66,2,2,420000
Brasília,2,43,1,1,240000
Gleba Fazenda Palhano,2,47,1,1,385000
Gleba Fazenda Palhano,3,216,4,4,2500000
Vila Fujita,3,224,2,5,1300000
Ouro Verde,2,45,1,1,180000
Centro,3,65,1,2,480000
Gleba Fazenda Palhano,4,515,4,3,3400000
Centro,3,75,1,2,580000
Jardim Planalto,2,62,2,2,320000
Vivendas do Arvoredo,4,403,4,5,3990000
Residencial Professora Marieta,2,150,2,1,400000
Residencial Terra Nova,2,43,2,1,300000
Lagoa Dourada,2,46,1,1,139000
Centro,3,66,1,1,195000
Centro,3,86,2,2,770000
Alto da Colina,1,33,1,1,140000
Gleba Fazenda Palhano,3,76,1,2,562000
Brasília,3,56,1,1,144000
Gleba Simon Frazer,3,110,2,3,640000
Centro,2,57,1,2,460000
Mediterrâneo,5,400,4,5,1600000
Jardim Shangri-la A,2,67,1,1,430000
Centro,3,125,1,3,450000
Dom Pedro,3,140,4,3,1280000
Bela Suiça,4,419,4,1,5300000
Jardim Nova Londrina,4,421,5,5,2400000
Jardim São Vicente Palloti,2,90,2,2,389000
Terra Bonita,3,71,2,2,600000
Aurora,2,55,1,1,110000
Recanto do Salto,4,502,5,5,3700000
Jardim Planalto,3,135,3,2,395000
Universitário,3,176,3,2,990000
Jardim São Paulo II,3,60,1,1,220000
Brasília,2,46,1,1,307000
Heimtal,3,90,2,1,535000
Jardim Morumbi,2,65,1,1,341000
Gleba Fazenda Palhano,3,233,2,3,2750000
Parque Jamaica,3,65,1,2,299560
Centro,4,232,2,2,890000
Guanabara,4,668,5,5,6800000
Brasília,1,56,1,2,290000
Brasília,5,473,3,5,499000
Centro,2,72,2,2,450000
Colinas,2,71,2,2,300000
Jardim Continental,2,78,2,2,290000
Vila Ipiranga,3,67,1,1,268000
Jardim Indianápolis,5,92,1,2,230000
Coliseu,2,98,1,2,580000
Parque Jamaica,2,44,1,1,135000
Vila Siam,3,70,1,2,499000
Conjunto Habitacional Alexandre Urbanas,3,175,2,2,479000
Jardim Higienópolis,2,77,1,2,320000
Jardim do Lago,3,166,2,5,1390000
Perobinha,2,46,1,1,75000
Santa Rosa,2,69,1,2,596000
Terra Bonita,2,62,1,2,550000
Bela Suiça,3,232,4,4,2750000
Gleba Fazenda Palhano,3,81,1,2,660000
Brasília,3,160,4,3,318000
Gleba Fazenda Palhano,3,235,3,5,3300000
Gleba Fazenda Palhano,3,112,2,3,730000
Gleba Fazenda Palhano,3,69,1,1,490000
Aurora,2,69,1,1,318000
Antares,3,99,1,1,460000
Granville Parque Residencial,3,250,2,2,1349990
Califórnia,3,140,2,2,530000
Gleba Fazenda Palhano,3,235,4,5,2500000
Santa Mônica,3,164,2,3,550000
Jardim Morumbi,2,50,1,1,436170
Gleba Fazenda Palhano,3,216,4,4,2750000
Centro,3,180,1,2,500000
Brasília,3,81,2,1,244000
Conjunto Habitacional Alexandre Urbanas,3,150,4,4,990000
Brasília,3,111,4,2,530000
Califórnia,3,216,2,3,990000
Nova Olinda,2,39,1,1,150000
Bandeirantes,3,127,2,2,850000
Terra Bonita,2,51,2,1,390000
Gleba Ribeirão Limeiro,2,43,1,1,235000
Leonor,3,119,5,2,499000
Gleba Fazenda Palhano,3,110,2,1,1180000
Centro,3,270,2,4,1500000
Gleba Fazenda Palhano,3,182,2,4,2180000
Gleba Fazenda Palhano,2,122,2,3,1590000
Leonor,2,140,2,1,320000
Nova Olinda,2,52,1,1,135000
Cidade Industrial 2,2,44,1,1,190000
Gleba Fazenda Palhano,2,75,1,2,680000
Gleba Fazenda Palhano,3,215,3,5,3200000
Centro,4,206,1,5,890000
Gleba Fazenda Palhano,3,108,2,2,1280000
Gleba Fazenda Palhano,2,92,2,3,1100000
Conjunto Habitacional Alexandre Urbanas,2,95,2,1,550000
Guanabara,5,100,1,2,2500000
Brasília,2,50,1,1,220000
Gleba Fazenda Palhano,3,80,2,2,525000
Conjunto Habitacional Alexandre Urbanas,3,150,4,4,1050000
Operária,3,79,1,2,550000
Gleba Fazenda Palhano,2,122,2,3,1500000
Lagoa Dourada,3,140,1,2,590000
Vila Goes,3,112,3,2,400000
Gleba Fazenda Palhano,3,133,2,1,1450000
Brasília,3,232,3,3,850000
Centro,3,87,1,2,360000
Brasília,3,137,4,2,580000
Centro,3,94,1,3,350000
Bela Suiça,2,74,1,2,1099000
Centro,3,82,2,2,750000
Vitória,4,200,2,3,720000
Champagnat,4,226,4,2,740000
Jardim Tarumã,1,290,3,3,980000
Centro,4,168,1,3,535000
Centro,3,75,1,2,580000
Brasília,3,77,1,2,298000
Jardim Tarumã,3,164,3,1,700000
Brasília,2,70,2,2,315000
Jardim São Paulo II,2,48,1,1,195000
Gleba Simon Frazer,3,147,2,3,1090000
Vila Filipin,3,70,2,1,455000
Conjunto Professora Hilda Mandarino,3,130,2,2,220000
Jardim Alvorada,3,252,5,5,850000
Colúmbia,3,112,1,2,410000
Jardim Agari,3,94,1,2,515000
Jardim São Vicente Palloti,3,47,1,2,319000
Dom Pedro I,3,132,2,4,785000
Jardim Jóquei Club,2,45,1,1,220000
Veraliz,2,57,1,1,424900
Esperança,4,250,4,5,3200000
Centro,3,64,1,2,409000
Vila Ipiranga,2,80,1,1,600000
Residencial José Lázaro Gouvea,3,70,1,2,545000
Carnascialli,3,118,4,1,230000
Leonor,1,110,4,2,450000
Vivendas do Arvoredo,4,720,4,5,13500000
Vila Siam,3,71,1,2,615000
Aurora,3,70,1,2,450000
Esperança,4,250,4,4,2800000
Cidade Industrial 2,2,51,1,1,200000
Brasília,2,75,2,2,365000
Vila Santa Terezinha,2,64,1,2,410000
Brasília,2,82,1,2,414000
Vila Brasil,2,55,1,2,358000
Recanto do Salto,3,300,4,4,3200000
Universitário,3,250,2,1,1450000
Gleba Fazenda Palhano,3,163,2,5,1200000
Jardim Agari,2,56,1,2,495000
Gleba Fazenda Palhano,3,120,2,4,1230000
Parque Residencial Alcântara,3,300,4,5,2200000
Parque Jamaica,2,73,1,1,495000
Jardim Morumbi,3,80,1,1,249000
Brasília,3,94,1,2,709000
Gleba Fazenda Palhano,3,185,2,4,2115000
Jardim das Palmeiras,2,55,1,1,220000
Recanto do Salto,3,335,4,4,3590000
Gleba Fazenda Palhano,2,64,1,1,470000
Áurea,3,87,1,3,395000
Centro,3,196,2,4,990000
Jardim Higienópolis,3,173,3,4,1250000
Brasília,2,45,1,1,205000
Esperança,3,270,4,3,2500000
Gleba Fazenda Palhano,3,87,1,2,799000
Conjunto Semiramis Barros Braga,3,172,3,2,265000
Brasília,3,125,1,1,277500
Andrade,3,124,2,3,1250000
Gleba Fazenda Palhano,2,103,3,4,1410000
Terra Bonita,3,70,1,2,520000
Conjunto Habitacional Alexandre Urbanas,3,180,2,2,1350000
Conjunto Habitacional Milton Gavetti,4,70,1,1,100000
Centro,3,76,1,2,560000
Leonor,2,80,1,1,330000
Cafezal,3,120,2,1,300000
Campo Belo,3,230,4,2,850000
Colinas,2,43,1,1,230000
Centro,4,209,2,2,850000
Esperança,4,313,4,5,3400000
Residencial José Lázaro Gouvea,3,70,1,2,545000
Esperança,3,202,4,4,2000000
Gleba Fazenda Palhano,3,173,2,2,1790000
Aurora,2,64,1,2,550000
Santa Mônica,3,204,4,3,715000
Conjunto Habitacional Santiago II,2,55,1,2,275000
Rodocentro,2,48,1,1,150000
Conjunto Habitacional Doutor Farid Libos,2,44,1,1,200000
Centro,3,179,2,1,750000
Vila Rodrigues,4,282,3,2,450000
Tarobá,2,62,1,1,270000
Centro,1,119,1,1,200000
Conjunto Professora Hilda Mandarino,2,59,2,1,220000
Santa Rosa,3,82,2,2,950000
Colinas,3,126,2,3,945000
Terras de Santana II,3,360,4,3,2700000
Terra Bonita,3,70,1,2,378000
Conjunto Habitacional Doutor Farid Libos,2,45,1,1,187000
Jardim Nápoles,5,396,5,5,1350000
Bandeirantes,3,192,2,3,550000
Centro,4,298,2,4,900000
Colúmbia,3,92,2,1,390000
Esperança,3,360,4,5,4000000
Jardim Morumbi,3,64,1,2,349000
Centro,3,113,1,3,600000
Conjunto Habitacional Alexandre Urbanas,3,180,4,4,1650000
Bela Suiça,3,115,2,3,1290000
Colúmbia,3,100,2,2,454000
Vila Larsen 1,2,80,1,1,315000
Gleba Fazenda Palhano,3,236,4,5,2790000
Brasília,3,73,1,2,445000
Gleba Fazenda Palhano,3,162,2,3,1390000
Olímpico,3,131,2,2,380000
Jardim Nações Unidas,3,64,1,1,240000
Jardim Nova Esperança,2,35,1,1,90000
Andrade,4,166,2,3,800000
Jardim Adriana I,3,69,1,2,380000
Gleba Fazenda Palhano,3,91,2,3,890000
Jardim Nações Unidas,2,47,1,1,195000
Jardim Nações Unidas,2,46,1,1,175000
Parque Jamaica,2,49,1,1,121900
Esperança,4,288,4,5,3980000
Esperança,3,220,4,4,2500000
Brasília,2,55,1,1,120000
Jardim Morumbi,3,57,1,1,240777
Centro,3,80,2,3,770000
Bandeirantes,3,172,4,3,1100000
Jardim América,2,52,1,2,280000
Áurea,3,109,3,3,499000
Gleba Fazenda Palhano,3,130,2,3,1100000
Jardim dos Estados,2,53,1,1,285000
Califórnia,3,55,1,1,165000
Gleba Fazenda Palhano,3,103,2,2,930000
Jardim Continental,3,75,1,1,300000
Ouro Verde,2,45,1,1,223000
Brasília,3,120,3,3,2700000
Amaro,3,160,3,2,600000
Gleba Fazenda Palhano,3,100,2,1,595000
Gleba Fazenda Palhano,3,114,2,3,1695000
Santa Rosa,3,87,2,2,800000
Jardim Lolata,5,412,5,3,700000
Jardim São Paulo II,2,47,1,1,200000
Centro,2,109,1,3,380000
Centro,4,368,5,4,950000
Gleba Fazenda Palhano,3,216,3,5,2390000
Jardim do Lago,3,80,2,2,700000
Conjunto Habitacional Alexandre Urbanas,3,214,2,4,1690000
Brasília,3,128,2,3,1145000
Jatobá,3,63,3,1,350000
Estância Santa Paula,4,476,4,5,4200000
Brasília,3,92,2,2,850000
Jardim Agari,3,125,2,3,490000
Gleba Fazenda Palhano,3,125,2,3,1160000
Residencial Vila Romana,2,125,1,2,555000
Conjunto Habitacional Doutor Farid Libos,2,45,1,1,150000
Conjunto Habitacional Doutor Farid Libos,2,48,1,1,200000
Gleba Fazenda Palhano,3,125,2,2,1200000
Parque Residencial Joaquim Toledo Piza,3,112,1,1,300000
Aurora,3,71,1,2,520000
Brasília,2,54,1,1,244000
Granville Parque Residencial,3,157,2,2,1229000
Conjunto Habitacional Alexandre Urbanas,2,70,2,1,250000
Recanto do Salto,3,453,2,4,3800000
Brasília,3,83,2,2,347000
Jardim Tarobá I,3,130,2,1,200000
São Pedro,2,54,1,1,175000
Gleba Fazenda Palhano,3,133,2,3,1474000
Gleba Fazenda Palhano,3,81,2,2,570000
Esperança,4,351,5,5,3500000
Jardim Nova Esperança,2,73,1,1,139000
Centro,3,64,1,2,470000
Ideal,1,71,2,1,230000
Vivendas do Arvoredo,5,500,4,5,4000000
Gleba Fazenda Palhano,2,45,1,1,270000
Jardim Nações Unidas,2,43,1,1,170000
Jardim São Jorge,4,283,3,5,3900000
Bandeirantes,3,220,2,2,1200000
Vivendas do Arvoredo,2,81,1,2,595000
Antares,3,86,1,2,630000
Jardim Morumbi,2,41,1,1,194000
Brasília,3,96,2,2,450000
Centro,1,33,1,1,200000
Centro,3,86,2,2,800000
Andrade,3,259,4,3,1290000
Jardim do Lago,3,217,2,3,2780000
Centro,3,70,2,1,595000
Igapó,4,93,2,1,180000
Brasília,2,70,2,1,335000
Terras de Santana II,3,287,4,3,3199000
Esperança,3,270,4,4,1790000
Centro,3,117,1,2,550000
Conjunto Residencial Marajoara,2,45,1,1,150000
Califórnia,3,102,4,1,270000
Jardim do Lago,3,80,1,2,680000
Jardim Tókio,3,78,2,2,330000
Centro,4,323,5,5,1600000
Parque Residencial Joaquim Toledo Piza,1,40,5,1,170000
Leonor,2,135,1,2,270000
Vila Brasil,3,66,1,2,410000
Gleba Fazenda Palhano,3,131,2,4,1400000
Santa Rosa,3,81,2,2,750000
Parque Jamaica,2,45,1,1,160000
Antares,3,70,1,1,295000
Jardim da Luz,3,150,2,2,490000
Condomínio Vale do Arvoredo,4,257,2,3,1690000
Parque Residencial Alcântara,4,360,4,5,3380000
Leonor,3,310,4,2,390000
Jardim Alvorada,3,257,5,5,950000
Aurora,3,75,1,2,570000
Jardim São Jorge,3,159,2,4,1855000
Vila Larsen 1,3,157,2,4,650000
Residencial José Lázaro Gouvea,3,69,1,2,520000
Gleba Fazenda Palhano,3,195,2,5,2307000
Jardim Alto do Cafezal,2,90,1,1,330000
Gleba Fazenda Palhano,3,134,1,2,1570000
Conjunto Habitacional Alexandre Urbanas,3,175,2,2,479000
Estância Santa Paula,4,600,5,5,4200000
Bela Suiça,3,106,1,3,599000
Vila Larsen 1,3,140,3,2,700000
Conjunto Habitacional Violim,2,43,1,1,55000
Gleba Fazenda Palhano,3,122,2,3,1400000
Bandeirantes,1,80,2,2,425000
Bancários,3,125,4,3,585000
Conjunto Habitacional Doutor Farid Libos,2,44,1,1,179000
Centro,1,29,1,1,240000
São Vicente,3,66,1,2,435000
Centro,3,80,1,1,320000
Vitória Régia,3,56,1,1,200000
Centro,3,116,2,4,1070000
Vila Filipin,3,68,2,1,380000
Santa Rita 1,3,368,5,3,750000
Santa Mônica,3,200,2,3,640000
Brasília,2,60,1,1,230000
Parque Jamaica,5,300,4,4,1250000
Dom Pedro,3,140,2,3,1280000
Petrópolis,3,78,1,2,735000
Conjunto Café,3,79,1,2,339000
Jardim Planalto,3,112,4,2,480000
Santa Rosa,3,104,2,2,1250000
Andes,3,70,2,1,290000
Jardim Higienópolis,4,127,2,2,575000
Gleba Fazenda Palhano,2,51,1,1,430000
Brasília,3,220,2,4,1480000
Aragarça,4,170,4,2,320000
Esperança,4,280,4,5,2400000
Conjunto Habitacional Santiago II,3,55,1,1,300000
Gleba Fazenda Palhano,3,75,1,2,750000
Esperança,4,433,5,5,6350000
Jardim Shangri-la A,3,400,3,2,1310000
São Vicente,3,65,1,1,400000
Centro,3,148,2,3,800000
Bela Suiça,4,119,2,2,685000
Bela Vista,3,220,2,3,991000
Jardim Presidente,5,330,4,4,945000
Conjunto Habitacional Alexandre Urbanas,3,145,2,2,1100000
Vila Larsen 1,3,70,1,2,260000
Terra Bonita,4,333,4,2,1890000
João Paz,3,90,3,3,360000
Esperança,4,312,4,2,3500000
Parque Residencial Alcântara,3,280,4,4,2200000
Centro,3,178,2,4,650000
Aurora,3,72,1,2,405000
Gleba Ribeirão Limeiro,2,43,1,1,215000
Aurora,3,70,1,2,470000
Gleba Fazenda Palhano,3,103,2,3,930000
Champagnat,3,447,2,4,1600000
Conjunto Habitacional Doutor Farid Libos,2,47,1,1,245000
Vila Ziober,2,61,1,1,150000
Mediterrâneo,5,550,5,5,3500000
Jardim Presidente,3,71,2,2,620000
Gleba Fazenda Palhano,3,233,2,3,2861000
Jardim Esperança,3,130,1,3,555000
Centro,1,45,1,1,185000
Jardim das Américas,2,44,1,1,155000
Vila Ipiranga,2,60,2,2,480000
Terra Bonita,3,70,1,2,480000
Andes,3,175,4,4,960000
Vila Larsen 1,3,90,3,1,550000
Jardim Morumbi,2,53,1,1,315000
Jardim São Paulo II,3,60,1,1,240000
Gleba Fazenda Palhano,3,233,2,2,2762100
Conjunto Habitacional Santiago II,3,55,1,1,270000
Gleba Fazenda Palhano,3,110,3,3,1100000
Nossa Senhora de Lourdes,2,80,1,1,250000
Centro,3,86,2,2,800000
Esperança,3,175,4,3,1980000
Cafezal,3,100,2,2,495000
Conjunto Habitacional Alexandre Urbanas,3,197,4,4,1590000
Itamarati,4,204,3,4,780000
Recanto do Salto,5,467,5,5,4400000
Santa Rosa,2,87,1,2,915000
Aurora,4,419,4,5,5000000
Conjunto Habitacional Alexandre Urbanas,4,214,4,5,1550000
Parque Residencial Joaquim Toledo Piza,5,240,3,5,650000
Centro,3,122,1,3,380000
Vivendas do Arvoredo,2,54,1,1,490000
Jardim Belo Horizonte,3,87,2,1,470000
Jardim Agari,2,58,2,1,285000
Gleba Fazenda Palhano,3,75,2,2,765000
Paraíso,3,98,1,2,350000
Bela Suiça,4,232,4,5,2850000
Brasília,3,81,1,2,400000
Jardim Tókio,5,176,2,3,240000
Maria Lúcia,3,200,2,2,450000
Jardim Nações Unidas,2,52,1,1,180000
Cláudia,2,48,1,1,245000
Gleba Fazenda Palhano,3,173,3,5,1990000
Antares,3,160,2,3,550000
Tietê,2,42,1,1,135000
Santa Rosa,3,122,2,1,1100000
Jardim das Américas,3,58,1,1,170000
Residencial José Lázaro Gouvea,2,70,1,2,500000
Guanabara,3,269,3,5,3380000
Gleba Ribeirão Limeiro,2,43,1,1,210000
Gleba Fazenda Palhano,2,50,1,1,250000
Vale dos Tucanos,1,37,1,1,135000
Gleba Simon Frazer,4,154,5,4,800000
Gleba Fazenda Palhano,2,103,2,3,900000
Jardim Adriana II,3,73,1,1,380000
Centro,1,45,1,1,320000
Jardim São Jorge,3,159,2,4,1880000
Jardim São Jorge,2,25,1,1,50000
Quebec,5,1498,4,5,4000000
Centro,3,178,1,2,810000
Brasília,4,80,2,2,225000
Gleba Fazenda Palhano,3,75,1,2,873400
Gleba Fazenda Palhano,3,122,2,1,1450000
Conjunto Habitacional Alexandre Urbanas,3,190,4,4,1490000
Jardim Continental,3,60,2,1,280000
Esperança,3,270,4,3,2500000
Centro,1,30,1,1,220000
Centro,2,66,1,2,350000
Aparecida,5,585,1,4,350000
Esperança,4,365,4,5,3500000
Lago Parque,3,268,2,4,780000
Esperança,4,640,4,5,5200000
Olímpico,3,125,2,3,910000
Centro,4,171,2,4,870000
Centro,3,125,1,2,450000
Mediterrâneo,4,350,5,5,1700000
Centro,1,24,1,1,310000
Gleba Fazenda Palhano,3,179,2,4,1980000
Brasília,3,72,1,3,319000
Esperança,3,315,3,4,3950000
Centro,4,333,2,4,1200000
Centro,3,67,1,2,250000
Cafezal,3,200,5,3,640000
Gleba Fazenda Palhano,3,114,2,3,1300000
Centro,3,74,1,2,350000
Tarobá,5,192,3,3,420000
Centro,4,428,2,2,1200000
Gleba Fazenda Palhano,3,110,2,3,1060000
Gleba Fazenda Palhano,2,47,1,1,255000
Gleba Fazenda Palhano,3,95,2,2,950000
Vila Ipiranga,2,61,1,2,400000
Jardim Guararapes,3,175,2,2,550000
Gleba Fazenda Palhano,3,75,1,2,590000
Conjunto Habitacional Mister Thomas,4,134,1,2,198000
Gleba Fazenda Palhano,3,93,2,2,550000
Aurora,2,75,1,2,599000
Bela Suiça,3,74,1,2,490000
Gleba Fazenda Palhano,3,124,2,3,1200000
Alpes,3,80,3,1,350000
Vila Larsen 1,3,71,1,2,330000
Gleba Fazenda Palhano,2,64,1,2,480000
Gleba Fazenda Palhano,2,133,3,1,1451316
Jardim Montecatini,3,145,4,1,1175000
Alto da Boa Vista,3,180,2,1,430000
Conjunto Habitacional Santiago II,2,47,1,1,200000
Ideal,3,70,2,2,264000
Conjunto Habitacional José Garcia Molina,1,81,1,2,320000
Esperança,5,298,5,2,2850000
Brasília,3,95,2,2,490000
Brasília,3,86,1,3,350000
Gleba Fazenda Palhano,3,214,3,4,2900000
Centro,2,80,1,1,390000
Gleba Fazenda Palhano,5,330,4,5,3000000
Gávea,3,220,4,3,480000
Alpes,3,260,5,1,710000
Jardim Alvorada,4,280,2,2,780000
Conjunto Residencial Marajoara,3,90,2,3,378000
Brasília,2,65,2,2,330000
Andrade,3,72,1,2,500000
Jardim Londrilar,2,72,1,2,270000
Gleba Fazenda Palhano,3,183,2,5,1800000
Petrópolis,3,72,2,2,689000
Jardim Maria Luiza,3,126,2,3,439000
Aeroporto,4,250,3,5,898000
Colúmbia,3,110,2,2,380000
Operária,4,180,4,4,475000
Jardim Portal dos Pioneiros,2,140,3,2,710000
Nova Olinda,2,50,1,1,140000
Gleba Fazenda Palhano,2,62,1,2,685000
Santa Rosa,4,274,3,5,4200000
Califórnia,2,61,2,2,285000
Industrial,5,202,5,3,530000
Brasília,3,104,2,3,1100000
Jardim Oriente,4,160,4,3,620000
Ideal,3,130,4,1,260000
Jardim Morumbi,3,235,2,4,1600000
Bela Suiça,4,419,4,5,5000000
Santa Rosa,3,103,2,3,950000
Centro,3,168,2,1,600000
Brasília,3,98,2,2,480000
San Fernando,2,52,1,1,160000
Aquilles Sthengel,2,160,2,1,205000
Califórnia,3,240,3,5,1150000
Parque Jamaica,2,54,1,1,160000
Califórnia,3,123,2,4,750000
Terras de Santana II,3,272,1,3,860374
Recanto do Salto,2,227,5,4,3990000
Gleba Fazenda Palhano,3,123,3,5,1320000
Gleba Fazenda Palhano,3,323,4,5,3850000
Jardim São Paulo II,1,44,1,1,155000
Brasília,2,63,1,2,472230
Brasília,3,199,2,4,1400000
Jardim Santa Cruz,2,44,1,1,130000
Gleba Fazenda Palhano,3,195,2,5,2209000
Jardim Paraná,3,205,2,1,430000
Jardim Santa Cruz,3,70,1,1,155000
Gleba Fazenda Palhano,2,54,2,1,430000
Gleba Fazenda Palhano,2,45,1,1,290000
Gleba Ribeirão Limeiro,2,55,1,1,220000
Conjunto Habitacional José Garcia Molina,3,98,2,1,350000
Jardim Honda 2,3,100,2,3,280000
Jardim São Jorge,4,283,3,4,3800000
Brasília,3,115,2,2,315000
Leonor,2,46,1,1,240000
Brasília,3,71,1,2,570000
Gleba Fazenda Palhano,3,162,2,5,1300000
Jardim Strass,3,82,1,2,349650
Vivendas do Arvoredo,3,280,2,4,4200000
Guanabara Parque Boulevard,3,81,1,2,584999
Vila Ipiranga,3,130,2,2,420000
Conjunto Habitacional José Garcia Molina,2,45,1,1,138000
Brasília,2,50,1,1,150000
Gleba Fazenda Palhano,3,181,3,4,2150000
Vila Casoni,3,209,1,1,500000
Gleba Fazenda Palhano,3,149,2,3,1590000
Jardim Morumbi,3,60,1,1,230000
Tucano,5,688,1,5,4800000
Vale dos Tucanos,2,46,1,1,199000
Esperança,5,283,2,5,3100000
Colúmbia,3,80,1,2,375000
Cidade Industrial 2,2,44,1,1,179000
Cafezal,3,128,2,2,690000
Andrade,2,61,1,1,230000
Ernani Moura Lima,3,60,2,1,190000
Esperança,3,267,4,5,2990000
Parque Jamaica,2,60,2,2,450000
Gleba Fazenda Palhano,3,122,2,2,1245000
Jardim Barra Forrest,2,160,2,1,450000
Gleba Fazenda Palhano,3,155,2,4,1780000
Antares,3,65,1,1,235000
Gleba Fazenda Palhano,2,85,1,1,950000
Colinas,2,80,1,2,368000
Jardim Império do Sol,5,351,4,3,1670000
Brasília,3,96,2,2,680000
Residencial José Lázaro Gouvea,4,300,4,5,3000000
Luiz de Sá,2,150,4,3,380000
Terra Bonita,3,71,1,1,360000
Califórnia,2,48,1,1,260000
Jardim São Francisco de Assis,3,70,2,2,200000
Esperança,2,131,2,2,1700000
Jardim Morumbi,4,140,4,4,849000
Residencial Portal de Piza,3,151,1,1,480000
Conjunto Habitacional Doutor Farid Libos,2,48,1,1,190000
Centro,1,54,1,1,413000
Ouro Verde,2,45,1,1,165000
Centro,1,29,1,1,265000
Terra Bonita,3,97,1,2,952800
Gleba Fazenda Palhano,1,58,2,2,700000
Gleba Fazenda Palhano,3,75,1,2,750000
Gleba Fazenda Palhano,3,254,2,5,1500000
Brasília,3,55,1,1,295020
Antares,5,140,3,3,440000
Brasília,2,46,1,1,202000
Antares,3,142,2,2,599000
Conjunto Café,3,90,4,2,480000
Brasília,3,81,1,2,400000
Bela Suiça,3,156,2,3,1700000
Hedy,2,65,5,1,420000
Colinas,3,116,1,2,380000
Brasília,2,68,1,2,390000
Conjunto Café,4,100,3,2,410000
Conjunto Habitacional Alexandre Urbanas,3,210,4,4,1570000
Conjunto Habitacional Maria Cecília Serrano de Oliveira,2,60,3,1,300000
Leonor,2,75,1,1,255000
Gleba Fazenda Palhano,3,139,2,5,1550000
Caiçaras,4,549,5,5,4700000
Jardim Higienópolis,3,102,1,2,550000
Esperança,5,426,4,5,5300000
Brasília,3,71,1,2,549000
Brasília,3,58,1,1,327000
Olímpico,3,135,2,1,950000
Jardim Esperança,3,132,1,1,430000
Portuguesa,2,56,1,1,229000
Centro,3,94,1,3,590000
Estância Santa Paula,4,250,5,4,1980000
Jardim Tarumã,3,148,4,3,850000
Brasília,3,83,2,2,347000
Vitória,3,69,1,2,490000
Nikko,3,198,2,4,2250000
Bela Suiça,3,95,1,1,580000
Gleba Fazenda Palhano,3,80,2,2,580000
Alpes,3,91,1,1,290000
Monte Belo,4,224,3,3,895000
Operária,5,317,4,4,1790000
Brasília,3,175,2,3,560000
Portuguesa,3,91,4,2,390000
Brasília,2,81,1,2,595000
Aeroporto,3,135,1,1,400000
Terra Bonita,3,69,1,2,370000
Gleba Fazenda Palhano,3,151,2,5,2300000
Ernani Moura Lima,3,120,1,1,400000
Santa Rosa,2,75,2,1,790000
Jardim Higienópolis,1,51,1,1,370000
Heimtal,3,129,2,3,630000
Tucano,5,747,5,5,4500000
Vila Brasil,1,45,1,1,175000
Gleba Fazenda Palhano,3,80,2,2,588500
Residencial José Lázaro Gouvea,3,70,1,2,585000
Vivendas do Arvoredo,5,470,4,5,7500000
Centro,3,120,1,3,550000
Brasília,3,140,3,2,695000
Parque Jamaica,2,46,1,1,197000
Industrial,3,60,1,1,180000
Brasília,2,45,1,1,215000
Brasília,4,400,3,3,1385000
Esperança,2,43,1,1,230000
Gleba Fazenda Palhano,2,89,2,2,850000
Jardim Vilas Boas,3,65,1,1,179000
Jardim Morumbi,3,260,2,3,300000
Antares,3,55,1,1,235000
Jardim Morumbi,2,64,1,1,330000
Centro,3,65,1,2,429000
Jardim São Paulo,1,87,1,2,371000
Residencial Abussafe,2,90,2,1,430000
Parque Residencial Joaquim Toledo Piza,2,115,1,2,398000
Esperança,4,220,4,4,2650000
Jardim São Paulo II,3,64,1,1,268000
Residencial Loris Sahyun,2,66,2,2,240000
Centro,3,87,1,3,375000
Gleba Fazenda Palhano,3,123,2,4,1300000
Santa Rosa,2,69,1,2,600000
Gleba Fazenda Palhano,3,236,3,5,3250000
Jardim Higienópolis,3,101,1,2,480000
Esperança,5,560,5,5,5800000
Vila Ipiranga,3,96,1,2,330000
Brasília,1,26,1,1,245000
Esperança,5,283,4,5,3200000
Jardim Montecatini,3,76,1,1,320000
Andes,3,97,1,2,411540
Leonor,1,322,5,2,460000
Centro,4,211,2,5,905000
Esperança,3,181,4,4,1970000
Vale dos Tucanos,2,46,1,1,199000
Gleba Fazenda Palhano,2,45,1,1,330000
Gleba Fazenda Palhano,3,70,1,2,490000
Aurora,2,55,1,1,380000
Vivendas do Arvoredo,3,178,4,5,2990000
Gleba Fazenda Palhano,3,122,2,2,1297500
Jardim Higienópolis,3,102,1,1,600000
Gleba Fazenda Palhano,3,167,2,5,1900000
Brasília,3,81,1,2,310000
Brasília,3,74,2,2,350000
Jardim Santa Cruz,2,44,1,1,125000
Gleba Fazenda Palhano,3,69,1,2,520000
Jardim Neman Sahyun,1,55,2,1,170000
Parque Jamaica,4,205,4,3,1150000
Centro,3,80,1,1,350000
Parque Jamaica,2,45,1,1,160000
Brasília,3,117,2,2,650000
Vivendas do Arvoredo,3,70,2,2,630000
Gleba Fazenda Palhano,2,76,2,2,600000
Aurora,3,64,1,2,525000
Jardim Agari,3,93,1,3,350000
Jardim Moema,3,75,1,1,288000
Brasília,2,65,2,2,535000
Gleba Fazenda Palhano,3,122,2,4,1350000
Centro,4,282,3,5,1360000
Brasília,3,76,3,2,320000
Vale dos Tucanos,2,44,1,1,219990
Jardim Montecatini,3,78,1,1,395000
Gleba Fazenda Palhano,2,46,1,1,270000
Aurora,3,74,1,2,580000
Santa Rosa,2,98,2,1,990000
Petrópolis,3,215,3,2,1300000
Centro,3,132,1,2,750000
Brasília,2,50,1,1,223000
Centro,1,47,2,1,460000
Vale dos Tucanos,3,55,1,1,200000
Jardim Primavera,3,110,3,1,220000
Gleba Fazenda Palhano,3,95,2,2,980000
Gleba Fazenda Palhano,3,200,2,5,1900000
Brasília,3,83,2,2,370000
Centro,3,95,1,2,250000
Recanto do Salto,5,559,1,5,4700000
Jardim Morumbi,3,57,1,1,230000
Aurora,3,300,4,3,1600000
Centro,3,204,2,4,2500000
Jardim Tarumã,3,130,2,3,595000
Alto da Colina,1,44,1,1,140000
Vale dos Tucanos,2,105,1,3,360000
Parque Residencial Porto Serguro 2,2,91,1,1,150000
Jardim Agari,4,137,2,3,698000
Jardim Itatiaia 1,4,380,4,4,1800000
Vila Filipin,2,74,1,2,445000
Gleba Fazenda Palhano,3,70,2,2,450000
Pinheiros,3,170,3,3,680000
Terras de Santana II,3,185,4,4,1579999
Jardim Alto do Cafezal,3,70,2,1,140000
Esperança,3,297,5,4,2990000
Jardim das Américas,2,58,1,1,230000
Vivendas do Arvoredo,3,170,2,3,2400000
Vila Rica,3,177,3,1,339760
Centro,2,54,1,1,412420
Campo Belo,3,122,1,2,380000
Terra Bonita,3,230,4,4,1650000
Residencial Portal do Sol,3,82,1,2,298000
Conjunto Vivi Xavier,2,100,2,1,260000
Quebec,3,400,4,3,1590000
Jardim Portal de Itamaracá,3,82,2,1,330000
Bela Suiça,4,419,4,5,5200000
Jardim Laranjeiras,2,70,5,1,269280
Recanto do Salto,4,319,2,5,3890000
Gleba Ribeirão Limeiro,2,47,1,1,270000
Gleba Fazenda Palhano,3,186,3,5,3070000
Brasília,3,62,1,2,390000
Colina Verde,4,302,4,3,1650000
Bela Suiça,4,409,4,5,5590000
Parque Jamaica,1,60,1,1,480000
Gleba Fazenda Palhano,3,240,3,5,2900000
Brasília,3,82,1,2,305000
Centro,4,277,2,5,960000
Sabará I,4,159,3,3,850000
Aurora,3,74,1,2,559000
Vale dos Tucanos,1,56,1,2,229000
Gleba Fazenda Palhano,2,46,2,1,310000
Gleba Fazenda Palhano,3,80,2,2,619000
Santa Rosa,3,181,2,5,1890000
Centro,4,232,2,5,890000
Centro,3,86,2,2,830000
Bela Suiça,3,73,1,2,550000
Coliseu,3,80,1,2,430000
Colúmbia,4,220,4,3,789100
Cidade Industrial 2,2,45,1,1,175000
Jardim Agari,3,75,1,2,240000
Nikko,3,121,2,2,1280000
Champagnat,3,58,1,1,350000
Conjunto Habitacional Santiago II,2,94,2,2,390000
Quebec,4,359,4,1,1600000
Cafezal,3,115,4,2,450000
Brasília,3,130,2,4,1600000
Jardim Montecatini,2,67,1,1,280000
Vila Ipiranga,1,70,1,1,160000
Jardim Nações Unidas,2,52,1,1,191000
Lagoa Dourada,3,45,1,1,149000
Jardim das Américas,3,58,1,1,160000
Brasília,2,45,1,1,191000
Jardim Primavera,3,170,2,1,320000
Nikko,3,121,2,3,1280000
Centro,3,71,2,1,630000
Terra Bonita,3,92,2,1,890000
Conjunto Habitacional Doutor Farid Libos,2,43,1,1,200000
Maria Lúcia,3,220,4,2,450000
Jardim Higienópolis,2,73,2,1,700000
Brasília,2,55,1,2,253000
Jardim Jerônimo Nogueira de Figueiredo,3,125,3,1,350000
Brasília,3,168,4,5,1090000
Gleba Fazenda Palhano,2,75,1,2,770000
Jardim Maria Celina,2,47,1,1,197420
Santa Rosa,2,81,1,2,730000
Conjunto Habitacional Jamile Dequech,2,100,1,2,160000
Gleba Fazenda Palhano,2,73,1,2,720000
Gleba Fazenda Palhano,3,181,2,5,2790000
Parque Jamaica,3,256,2,4,1450000
Recreio,2,104,2,1,250000
Jardim Maria Celina,1,79,2,2,300000
Esperança,3,211,2,2,1890000
Gleba Fazenda Palhano,2,90,1,2,1020000
Conjunto Professora Hilda Mandarino,4,175,2,3,590000
Gleba Fazenda Palhano,3,167,2,5,1900000
San Fernando,2,45,1,1,250000
Catuai,3,81,1,1,290000
Brasília,3,94,1,3,290000
Jardim São Jorge,4,286,3,5,3982000
Brasília,2,68,1,1,245000
Gleba Fazenda Palhano,3,151,2,5,2300000
Jardim do Lago,4,212,2,5,1649000
Gleba Fazenda Palhano,3,180,3,4,1099000
Operária,3,1000,3,5,2100000
Conjunto Habitacional Alexandre Urbanas,3,180,4,4,1290000
Gleba Fazenda Palhano,3,163,2,4,1200000
Brasília,2,70,1,1,220000
Centro,2,85,1,2,340000
Aurora,3,68,1,2,585200
Rodocentro,4,415,5,2,4200000
Parque Residencial Alcântara,3,70,1,2,350000
Tucano,1,510,4,5,1500000
Aurora,3,70,1,2,365000
Santa Rosa,3,100,2,3,1150000
Conjunto Habitacional Alexandre Urbanas,3,195,4,4,1550000
Vila Ipiranga,1,38,1,1,180000
Gleba Fazenda Palhano,3,180,2,4,2990000
Gleba Fazenda Palhano,3,75,1,2,670000
Bela Suiça,1,119,2,2,640000
Jardim ltaparica,3,140,4,2,670000
Waldemar Hauer,3,99,3,3,460000
Cafezal,3,130,3,2,380000
Jardim Maria Luiza,2,42,1,1,170000
Portal de Versalhes 1,2,55,1,1,230000
Ouro Verde,2,45,1,1,170000
Brasília,3,174,2,2,480000
Veraliz,2,57,1,2,424900
Brasília,2,44,1,1,125000
Santa Joana,5,250,2,2,230000
São Pedro,3,108,2,2,430000
Aurora,2,68,1,2,488600
Ideal,3,82,1,1,310000
Vivendas do Arvoredo,5,725,5,5,7500000
Brasília,4,260,4,4,820000
Centro,3,158,2,5,1000000
Jardim Maria Celina,2,47,1,1,180000
Gleba Fazenda Palhano,3,122,2,4,1290000
Califórnia,3,150,4,1,680000
Vila Brasil,3,66,1,1,514900
Gleba Fazenda Palhano,3,68,1,2,500000
Brasília,2,44,1,1,145000
Andes,3,97,1,2,435000
San Fernando,2,55,1,1,148110
Colúmbia,3,80,1,2,350000
Vitória,3,69,1,2,490000
Gleba Fazenda Palhano,2,44,1,1,330000
Centro,2,66,1,2,350000
Jardim Oriente,3,198,4,4,730000
Gleba Fazenda Palhano,2,76,2,2,690000
Santa Rosa,3,108,2,3,1290000
Recanto do Salto,5,347,3,5,2990000
Waldemar Hauer,5,189,2,3,550000
Centro,3,203,2,4,800000
Cafezal,3,150,5,2,410000
Vivendas do Arvoredo,3,178,2,3,2990000
Parque Jamaica,3,72,1,2,368000
Nossa Senhora de Lourdes,3,70,1,2,250000
Centro,3,66,1,2,470000
Alpes,4,220,4,5,755000
Centro,3,160,5,3,800000
Gleba Fazenda Palhano,3,64,2,2,509000
Ricardo,2,64,1,1,261000
Gleba Fazenda Palhano,2,46,1,1,270000
Vila Brasil,2,55,1,2,400000
Gleba Fazenda Palhano,2,93,2,2,850000
Centro,1,55,1,2,459000
Centro,5,303,3,3,1050000
Conjunto Habitacional Alexandre Urbanas,3,104,3,1,450000
Jardim Palermo,2,60,1,2,245000
Jardim Santa Alice,3,156,2,2,679570
Gleba Fazenda Palhano,3,108,2,2,1300000
Brasília,2,65,1,1,260000
Terra Bonita,2,69,1,2,580000
Paraíso,2,47,1,1,150000
Vila Ipiranga,4,262,3,3,1228000
Universitário,3,170,4,3,1350000
Bandeirantes,3,60,3,1,270000
Conjunto Habitacional Doutor Farid Libos,2,53,1,1,180000
Conjunto Residencial Marajoara,2,54,1,1,150000
Eucaliptos,3,106,3,2,320000
Jardim Paris,2,140,3,1,300000
Centro,3,75,1,2,320000
Operária,4,265,4,2,1490000
Centro,5,290,3,3,3200000
Vila Larsen 1,3,86,1,2,280000
Jardim Santa Cruz,3,58,1,1,149000
Jardim Jerônimo Nogueira de Figueiredo,2,40,1,1,135000
Vila Santa Terezinha,2,49,1,1,95000
Brasília,2,45,1,1,170000
Centro,2,75,1,2,690000
Jardim Higienópolis,2,50,1,1,300000
Jardim Morumbi,3,152,4,5,1220000
Gleba Fazenda Palhano,3,78,2,2,570000
Terra Bonita,4,190,3,3,720000
Conjunto Habitacional Maria Cecília Serrano de Oliveira,3,153,2,1,250000
Centro,4,295,2,5,900000
Centro,2,65,1,1,210000
Jardim das Américas,3,84,2,2,449000
Parque Jamaica,2,60,1,2,439000
Residencial Portal do Sol,3,82,1,2,350000
Leonor,3,200,2,3,850000
Gleba Fazenda Palhano,2,46,1,1,327000
Colúmbia,3,87,1,2,357000
Gleba Fazenda Palhano,3,137,2,3,1600000
Centro,2,56,1,2,445000
Conjunto Habitacional Alexandre Urbanas,3,140,2,2,759999
Centro,4,255,2,5,800000
São Cristóvão,3,152,2,2,680000
Santa Rosa,3,103,2,2,1180000
Monte Belo,5,230,4,3,740000
Gleba Fazenda Palhano,3,71,1,2,350000
Parque Residencial Joaquim Toledo Piza,4,160,2,2,370000
Parque Residencial Joaquim Toledo Piza,3,130,2,1,695000
Vale dos Tucanos,3,70,1,2,329000
Centro,4,372,3,5,1950000
Conjunto Habitacional Alexandre Urbanas,4,120,1,1,380000
Gleba Fazenda Palhano,3,155,3,3,1680000
Santa Mônica,3,150,3,3,460000
Parque Jamaica,3,226,2,2,1400000
Terra Bonita,4,310,4,4,1985000
Brasília,3,100,3,2,350000
Gleba Fazenda Palhano,3,165,2,2,1550000
Petrópolis,3,78,1,1,620000
Parque Residencial Joaquim Toledo Piza,3,79,2,2,380000
Parque Leblon,3,100,2,1,260000
Igapó,4,740,5,5,3500000
Parque Residencial Joaquim Toledo Piza,3,130,2,2,420000
Mediterrâneo,5,549,5,5,3500000
Santa Rosa,3,103,2,3,1180000
Leonor,2,76,1,2,380000
Vale dos Tucanos,2,94,1,1,279000
Jardim Maria Luiza,2,45,1,1,154530
Centro,3,160,1,3,400000
Brasília,3,75,2,2,400000
Leonor,3,94,3,1,390000
Jardim Santa Alice,3,145,2,3,570000
Residencial Moradias Tibagi,3,104,3,2,390000
Jardim Higienópolis,3,77,1,2,300000
Jardim Higienópolis,1,52,1,1,320000
Santa Rosa,3,245,3,2,3390000
Jardim Mairá,2,140,1,1,180000
Centro,3,117,1,3,480000
Maria Lúcia,3,165,2,3,660000
Parque Jamaica,3,70,1,2,560000
Centro,3,76,1,2,560000
Centro,3,124,2,4,480000
Jardim União da Vitória,1,63,1,1,145000
Bandeirantes,3,74,2,2,335000
Conjunto Parigot de Souza 1,1,200,1,1,125000
Portuguesa,3,220,5,3,650000
Gleba Ribeirão Limeiro,2,46,1,1,240000
Jardim Jóquei Club,1,35,1,1,181000
Leonor,2,80,1,1,170000
Jardim Belo Horizonte,3,87,1,2,400000
Gleba Fazenda Palhano,3,195,1,4,2089000
Gleba Fazenda Palhano,3,124,2,3,1316000
Brasília,3,102,1,2,380000
Gleba Fazenda Palhano,3,146,3,3,1670000
Vila Siam,2,71,1,2,680000
Brasília,2,125,1,2,555000
Bancários,3,259,4,4,1290000
Centro,3,139,1,3,395000
Nossa Senhora de Lourdes,3,65,1,1,235000
Taliana,2,47,1,1,165000
Conjunto Residencial Itamaraty,3,72,1,2,222000
Gleba Simon Frazer,3,231,4,4,1599000
Ouro Verde,2,48,1,1,187000
Centro,3,86,2,2,830000
Jardim Central Park,3,144,4,3,750000
Jardim São Jorge,4,283,4,5,4400000
Petrópolis,3,78,2,2,600000
Centro,3,66,2,2,530000
Jardim Maria Luiza,2,45,1,1,175000
Bela Suiça,3,115,2,2,1200000
Jardim Jerônimo Nogueira de Figueiredo,3,120,2,2,299000
Brasília,2,63,1,2,472230
Aurora,2,64,1,2,485000
Conjunto Habitacional Alexandre Urbanas,3,215,4,5,1650000
Jardim União da Vitória II,2,126,1,1,195000
Brasília,3,202,4,4,1800000
Esperança,3,320,2,3,2990000
Gleba Fazenda Palhano,3,76,1,2,539000
Jardim Morumbi,2,48,1,1,250000
Cidade Industrial 2,2,41,1,1,220000
Gleba Fazenda Palhano,3,181,3,4,2050000
Gleba Fazenda Palhano,3,87,1,1,860000
Gleba Fazenda Palhano,3,122,2,4,1350000
Granville Parque Residencial,3,250,2,3,1600000
Parque Jamaica,3,250,4,4,1450000
Gleba Fazenda Palhano,2,92,1,2,1100000
Jardim Higienópolis,1,47,1,1,180000
Catuai,2,67,1,1,300000
Residencial Abussafe,3,86,1,2,351000
Gleba Simon Frazer,3,110,2,3,640000
Brasília,3,93,2,2,510000
Conjunto Habitacional Jesualdo Garcia Pessoa,2,85,1,1,240000
Jardim São Paulo,2,64,4,1,390000
Recanto do Salto,2,260,2,3,3200000
Vila Ipiranga,1,50,1,1,160000
Jardim Shangri-la A,3,92,1,3,400000
Jardim do Lago,3,217,3,5,1750000
Conjunto Habitacional Violim,3,120,2,1,245000
Gleba Fazenda Palhano,3,338,4,4,5208000
Centro,4,323,2,5,1200000
Parque Jamaica,3,66,1,2,365000
Bela Suiça,3,115,2,2,1200000
Gleba Fazenda Palhano,3,120,2,4,1200000
Brasília,2,68,1,2,330000
Centro,3,90,2,4,550000
Quebec,3,400,4,3,1590000
Gleba Fazenda Palhano,2,47,1,1,250000
Centro,2,64,1,1,350000
Terras de Santana II,4,370,4,4,1590000
Jardim Tarumã,4,260,4,5,980000
Recanto do Salto,3,3200,2,5,4000000
Gávea,3,122,2,2,580000
Vila Ipiranga,2,67,1,1,450000
Marumbi,3,57,1,1,215000
Colúmbia,3,97,2,2,380000
Gleba Fazenda Palhano,3,83,2,2,650000
Caiçaras,4,549,5,5,5700000
Jardim Morumbi,3,243,4,4,1500000
Veraliz,3,70,1,2,450000
Esperança,4,400,4,4,3250000
Maria Lúcia,3,165,4,2,650000
Ouro Verde,3,115,2,2,410000
Esperança,3,313,4,4,3500000
Vila Ipiranga,2,43,1,1,170000
Santa Mônica,4,480,4,4,780000
Bandeirantes,3,80,2,2,430000
Jardim Morumbi,2,43,1,1,300000
Gleba Fazenda Palhano,3,198,4,5,2650000
Brasília,3,98,2,2,585000
Jardim Presidente,2,150,2,1,590000
Santa Rosa,3,127,2,5,1350000
Vivendas do Arvoredo,4,504,5,5,8500000
Conjunto Residencial Marajoara,2,48,1,1,175000
Vila Ipiranga,2,62,1,1,290000
Residencial Portal do Sol,3,70,2,1,270000
Gleba Fazenda Palhano,3,181,3,4,2150000
Colúmbia,2,117,2,1,295000
Andrade,3,56,1,1,250000
Santa Rosa,2,77,2,2,720000
Vila Siam,3,110,1,3,295000
Parque Jamaica,2,46,1,1,160000
Centro,3,96,1,2,410000
Lago Parque,3,548,4,4,1600000
Residencial Portal de Piza,3,151,1,2,520000
Parque Jamaica,3,249,4,4,1490000
Brasília,3,115,2,2,490000
Brasília,3,105,2,2,660000
Gleba Simon Frazer,3,199,2,2,1400000
Paraíso,2,41,1,1,160000
Caravelle,3,270,4,4,1200000
Bela Suiça,4,333,4,5,4000000
Centro,3,90,1,3,550000
Terra Bonita,2,79,1,3,770000
Gleba Fazenda Palhano,3,75,2,2,620000
Vale dos Tucanos,3,64,1,1,169000
Centro,3,86,1,2,798000
Esperança,3,312,4,4,3500000
Centro,3,128,2,4,1300000
Colúmbia,2,50,1,1,220000
Parque Jamaica,1,70,1,1,210000
Industrial,3,150,3,3,395000
Gleba Fazenda Palhano,2,46,1,1,339170
Gleba Fazenda Palhano,3,139,2,3,1590000
Jardim Maria Celina,3,71,1,1,285000
Jardim Pequena Londres,3,78,1,2,339000
Gleba Fazenda Palhano,3,181,2,3,2790000
Centro,4,404,3,5,1950000
Conjunto Residencial Marajoara,2,45,1,1,175000
Campo Belo,3,187,3,2,480000
Paraíso,2,51,1,1,175000
Jardim Burle Marx,3,179,4,3,1060000
Jardim Agari,2,45,1,1,130000
Brasília,2,51,1,1,365000
Colúmbia,2,65,2,1,240000
Parigot de Souza 2,3,90,3,2,165000
Condomínio Vale do Arvoredo,3,297,4,4,2200000
Vila Larsen 1,4,140,3,2,700000
Jardim Tropical,3,100,2,2,330000
Vila Santa Terezinha,2,51,1,1,470000
Conjunto Habitacional Doutor Farid Libos,2,46,1,1,180000
Gleba Fazenda Palhano,3,90,2,2,848000
Jardim do Lago,1,212,2,4,1750000
Santa Rosa,3,127,2,3,1370000
Pacaembu,3,116,2,2,465000
Residencial José Lázaro Gouvea,3,234,4,5,2600000
Terra Bonita,3,140,2,4,899000
Gleba Fazenda Palhano,3,82,2,2,800000
Jardim Agari,3,250,3,4,610000
Esperança,3,268,3,5,3690000
Eucaliptos,3,108,2,1,210000
Gleba Fazenda Palhano,3,136,2,5,1280000
Conjunto Habitacional Alexandre Urbanas,3,169,2,4,1280000
Parque Jamaica,3,57,1,1,180000
Brasília,2,74,2,2,750000
Antares,3,76,1,2,230000
Gleba Fazenda Palhano,3,113,2,2,900000
Conjunto Residencial Marajoara,2,47,1,1,140000
Parque Jamaica,2,44,1,1,160000
Jardim Santa Alice,3,166,2,4,850000
Santa Rosa,3,132,2,5,1350000
Centro,1,40,1,1,190000
San Fernando,2,55,1,1,148400
Jardim Vale Verde,3,80,1,2,269740
Jardim do Lago,3,81,1,2,650000
Gleba Fazenda Palhano,2,47,1,1,290000
Ouro Verde,2,45,1,1,189000
Terra Bonita,3,100,2,2,749000
Jardim Ilha do Mel,1,125,2,1,265000
Brasília,4,250,4,3,995000
Jardim Maria Celina,3,240,2,1,350000
Gleba Fazenda Palhano,3,114,2,3,980000
Brasília,3,84,2,3,490000
Bela Suiça,2,69,2,2,565000
Terras de Santana II,2,92,2,2,500000
Gleba Fazenda Palhano,3,75,1,2,557000
Ideal,2,45,1,1,220000
Cafezal,3,88,2,1,270000
Residencial Quadra Norte,1,250,1,1,200000
São Vicente,3,66,1,2,480000
Parque Jamaica,3,187,3,3,1100000
Aragarça,4,190,2,4,1300000
Centro,3,87,1,3,380000
Marabá,3,165,5,1,485000
Gleba Fazenda Palhano,3,124,2,4,1350000
Centro,4,284,2,1,850000
Jardim Strass,2,44,1,1,118000
Parque Residencial Alcântara,3,265,2,1,2200000
Gleba Fazenda Palhano,2,103,3,3,1300000
Califórnia,3,182,1,1,750000
Colúmbia,2,63,1,1,245000
Brasília,3,120,2,3,1200000
Cidade Industrial 2,2,70,1,1,210000
Esperança,3,225,4,4,1900000
Jardim Império do Sol,3,144,2,3,510520
Centro,3,127,2,2,750000
Jardim da Luz,3,65,1,2,315000
Brasília,3,83,2,2,435000
Bela Suiça,2,69,1,2,550000
Gleba Fazenda Palhano,2,43,1,1,280000
Vila Nova,5,271,4,5,880000
Pacaembu,3,250,3,3,699150
Olímpico,2,42,1,1,220000
Aurora,2,50,1,1,410000
Loteamento Chamonix,3,142,2,4,680000
Newton Guimarães,2,150,2,2,390000
Centro,4,417,2,5,1700000
Brasília,2,125,2,1,347000
Ideal,4,201,3,3,640000
Jardim Jóquei Club,1,39,1,1,150000
Jardim Planalto,3,79,2,2,300000
Brasília,1,35,1,1,204000
Jardim do Lago,3,81,1,2,680000
Gleba Fazenda Palhano,3,99,2,2,1050000
Brasília,3,65,1,1,297000
Centro,3,103,1,3,495000
Jardim Shangri-la A,4,445,5,4,1300000
Jardim Higienópolis,2,77,1,2,350000
Brasília,2,70,1,1,276000
Olímpico,3,135,2,3,950000
Aurora,2,63,1,2,590000
Aurora,3,75,1,2,630000
Parigot de Souza 2,3,82,1,2,280000
Leonor,3,120,1,1,310000
Judith,3,87,1,3,527000
Jardim São Jorge,4,256,3,5,3290000
San Remo,4,216,4,3,680000
Conjunto Café,3,83,1,1,240000
Cláudia,3,55,1,1,260000
Aurora,2,74,1,2,580000
Bela Vista,3,80,1,2,350000
Portal de Versalhes 2,3,130,2,3,450000
Centro,2,65,1,2,260000
Vivendas do Arvoredo,4,275,4,5,3500000
Terras de Santana II,3,415,4,4,1580000
Terra Bonita,3,73,2,2,450000
Jardim Santa Cruz,2,50,1,1,149000
Brasília,2,47,1,1,158400
Colinas,3,100,1,2,400000
Santa Mônica,3,60,1,1,250000
Residencial José B Almeida,2,77,1,2,295000
Brasília,3,127,2,4,644000
Conjunto Habitacional Doutor Farid Libos,2,45,1,1,189000
Gleba Fazenda Palhano,1,62,1,1,630000
Jardim América,2,52,1,1,290000
Centro,3,138,2,4,650000
Quebec,4,360,3,5,1650000
Lagoa Dourada,3,93,2,3,530000
Waldemar Hauer,2,136,2,3,460000
Conjunto Habitacional Santiago II,3,120,2,3,400000
Jardim Itatiaia 2,3,120,2,3,2700000
Bandeirantes,3,127,4,1,800000
Gleba Fazenda Palhano,3,130,2,2,1190000
Ouro Branco,4,237,4,3,1200000
Brasília,3,125,2,2,350000
Jardim Burle Marx,4,300,5,4,1680000
Conjunto Café,3,161,1,2,450000
Jardim Nações Unidas,3,83,2,2,450000
Gleba Fazenda Palhano,2,89,2,3,780000
Jardim Higienópolis,3,102,1,2,550000
Jardim São Paulo,3,87,2,2,371000
Centro,3,172,2,3,540000
Monte Belo,3,180,2,3,730000
Jardim Adriana II,3,157,1,1,720000
Sabará I,3,250,4,3,525000
Conjunto Habitacional Doutor Farid Libos,2,45,1,1,270000
Jardim Strass,2,50,1,1,120000
Colúmbia,3,113,2,2,410000
Jardim Maria Celina,3,142,4,1,360000
Conjunto Habitacional Santiago II,2,47,1,1,200000
Terra Bonita,2,70,1,2,620000
Brasília,2,41,1,1,170000
Caiçaras,3,131,1,3,1280000
Centro,3,87,1,2,375000
Brasília,3,125,2,2,385000
Gleba Simon Frazer,3,247,4,4,1990000
Jardim São Jorge,3,159,2,5,1990000
Giovani Lunardelli,3,149,2,2,250000
Lagoa Dourada,3,62,1,1,149900
Brasília,2,110,1,1,370000
Gleba Fazenda Palhano,3,92,2,3,850000
Operária,3,370,4,3,1800000
Jardim Shangri-la A,3,400,5,4,1385000
Jardim Santa Cruz,3,58,1,1,148000
Califórnia,4,410,4,1,650000
Gleba Fazenda Palhano,3,10,2,2,830000
Ideal,2,100,2,1,280000
Vila Siam,3,69,1,2,500000
Brasília,2,45,1,1,233000
Colinas,3,83,2,2,349090
San Fernando,4,153,1,2,650000
Nova Olinda,2,70,1,1,230000
Brasília,2,47,1,1,250000
Jardim Morumbi,3,56,1,1,220000
Andes,3,79,2,2,350000
Aurora,3,75,1,2,580000
Parque Leblon,3,72,2,1,330000
Gleba Fazenda Palhano,3,78,2,2,615000
Gleba Fazenda Palhano,3,68,1,2,380000
Santa Rosa,3,108,2,3,1200000
Jardim Morumbi,3,152,4,3,970000
Jardim Planalto,3,96,2,2,339200
Jardim Jóquei Club,2,41,1,1,175000
Coliseu,3,77,2,1,320000
Espanha,1,70,4,1,310000
Parque Residencial Alcântara,2,54,1,1,420000
Centro,3,202,2,3,990000
Gleba Fazenda Palhano,3,216,3,4,2500000
Centro,3,131,1,2,360000
Centro,2,67,1,1,200000
Conjunto Parigot de Souza 3,3,117,2,2,460000
Brasília,2,57,1,1,185000
Parque Jamaica,2,40,1,1,130000
Industrial,2,71,2,1,260000
Conjunto Habitacional Doutor Farid Libos,2,43,1,1,170000
Santa Rosa,3,323,4,4,3850000
Jardim Santos Paulo,3,187,2,2,800000
Jardim Pequena Londres,2,47,1,1,150000
Antares,3,56,1,1,250000
Centro,2,64,1,2,485000
Colúmbia,4,180,3,2,380000
Monte Belo,5,220,2,2,690000
Gleba Fazenda Palhano,3,162,2,4,1390000
Conjunto Semiramis Barros Braga,2,70,2,1,180000
Bela Vista,3,78,1,2,310000
Jardim das Américas,2,70,1,1,169000
Esperança,4,310,4,5,3500000
Aurora,3,70,1,2,450000
Granville Parque Residencial,3,201,2,2,1500000
Conjunto Residencial Vivendas do Arvoredo,4,280,2,2,855000
Conjunto Semiramis Barros Braga,4,128,5,2,420000
Judith,3,79,1,2,650000
Gleba Fazenda Palhano,4,231,3,3,1700000
Alto da Colina,1,17,1,1,140000
Centro,3,88,1,2,580000
Gleba Fazenda Palhano,3,165,2,5,1495000
Santa Rosa,3,245,3,5,2190000
Olímpico,2,47,1,1,230000
Terra Bonita,2,84,2,2,760000
Jardim Presidente,2,71,1,2,680000
Parque Residencial Alcântara,3,265,4,3,2200000
Jardim Agari,3,93,1,3,350000
Ernani Moura Lima,3,150,5,4,390000
Brasília,3,160,4,3,318000
Jardim Shangri-la A,2,67,1,2,575000
Brasília,3,110,3,2,450000
Granville Parque Residencial,3,215,2,3,1550000
Centro,3,70,2,2,595000
Leonor,3,98,1,1,390000
Andrade,3,254,2,3,1195000
Esperança,4,189,2,4,1800000
Marumbi,3,158,2,1,1150000
Judith,2,47,1,1,320000
Ouro Verde,3,70,1,2,310000
Conjunto Habitacional Alexandre Urbanas,3,236,2,4,1650000
Jardim do Sol,2,324,1,1,250000
Brasília,3,178,2,5,2990000
Residencial Abussafe,2,144,4,1,429000
Gleba Fazenda Palhano,3,114,2,3,980000
Esperança,3,270,4,5,1790000
Aurora,3,75,1,2,660000
Centro,4,211,2,5,1000000
Jardim Alemanha,2,136,2,2,290000
Gleba Fazenda Palhano,3,155,2,5,1950000
Brasília,4,116,5,2,410000
Gleba Fazenda Palhano,3,110,3,2,1475000
Veraliz,2,57,1,2,390000
Jardim Tókio,3,116,2,4,529000
Esperança,3,238,4,2,2300000
Jardim Morumbi,2,46,1,1,305000
São Pedro,2,54,1,1,170000
Parque Residencial Alcântara,4,320,4,5,3000000
Jardim Londrilar,3,146,2,2,850000
Brasília,2,100,3,2,320000
Brasília,3,88,2,2,420000
Brasília,2,75,1,1,130000
Olímpico,3,170,1,1,300000
Vila Siam,3,71,1,2,580000
Santa Mônica,4,480,4,4,780000
Gleba Fazenda Palhano,2,73,1,1,340000
Aurora,3,75,1,2,580000
Guanabara,3,140,1,1,1625000
Jardim Tarumã,5,182,5,3,570000
Alpes,2,120,2,2,449100
Jardim Jóquei Club,2,38,1,1,230000
Esperança,3,313,4,5,3500000
Centro,5,507,4,4,3200000
Jardim Presidente,3,71,2,1,780000
Conjunto Habitacional Alexandre Urbanas,3,150,4,4,999000
Centro,4,279,3,5,1600000
Heimtal,3,52,1,2,200000
Gleba Fazenda Palhano,3,166,2,5,1550000
Alto da Colina,1,25,1,1,140000
Jardim Higienópolis,3,102,1,1,480000
Vivendas do Arvoredo,1,500,4,5,3990000
Conjunto Habitacional Doutor Farid Libos,2,48,1,1,170000
Brasília,2,70,2,2,315000
Bela Suiça,3,113,2,2,750000
Ideal,4,170,4,1,850000
Jardim Portal dos Pioneiros,3,95,2,2,479440
Gleba Fazenda Palhano,3,70,1,2,650000
Vivendas do Arvoredo,3,104,2,3,980000
Gleba Fazenda Palhano,3,108,2,3,1190000
Brasília,2,170,2,2,380000
Cafezal,3,199,4,3,690000
Paraíso,2,47,1,1,180000
Gleba Fazenda Palhano,3,185,3,5,1899000
Jardim Ilha do Mel,3,140,2,2,380000
Vila Nova,2,54,1,2,260000
Jardim Shangri-la A,3,400,5,4,1385000
Jardim Morumbi,1,139,5,3,930000
Brasília,3,166,2,3,850000
San Remo,3,496,5,3,550000
Operária,3,79,1,1,550000
Recanto do Salto,4,380,4,4,3990000
Conjunto Habitacional Alexandre Urbanas,3,183,4,5,1800000
Residencial Abussafe,3,86,1,2,351000
Santa Mônica,3,200,2,3,600000
Gleba Fazenda Palhano,2,71,1,2,399000
Santa Rosa,3,127,2,5,1320000
Bandeirantes,3,60,3,1,330000
Monte Belo,3,100,2,1,330000
Taliana,2,47,1,1,170000
Canaã,3,320,2,3,1020000
Jardim América,2,62,1,2,290000
Gleba Fazenda Palhano,3,95,2,2,950000
Caiçaras,3,131,2,3,1280000
Gleba Fazenda Palhano,3,125,2,2,970000
Alpes,4,220,4,5,755000
Esperança,5,450,4,5,4850000
Brasília,3,191,4,4,1166000
Dom Bosco,3,85,1,3,330000
Gleba Fazenda Palhano,3,95,2,2,930000
Aurora,3,71,1,2,410000
Jardim Morumbi,3,144,2,3,1130000
Centro,3,129,2,3,670000
Ouro Verde,2,45,1,1,170000
Bandeirantes,3,80,2,2,430000
Brasília,2,70,1,1,250000
Centro,3,173,2,4,550000
Terra Bonita,3,234,2,5,2100000
Esperança,4,1009,5,5,16500000
Esperança,3,270,4,5,1890000
Jardim Novo Sabará,3,370,2,3,800000
Califórnia,2,111,4,1,250000
Gleba Fazenda Palhano,5,500,5,5,4300000
Gleba Fazenda Palhano,2,58,1,2,670000
Gleba Fazenda Palhano,3,124,2,2,1490000
Aurora,3,70,1,2,370000
Gleba Fazenda Palhano,3,137,2,4,1800000
Parque Residencial Porto Serguro 2,2,95,2,1,200000
Gleba Fazenda Palhano,2,80,2,1,590000
Parque ABC 2,3,111,5,3,700000
Brasília,3,360,3,2,600000
Vitória,2,69,2,1,599000
Gleba Fazenda Palhano,2,54,1,1,425000
Parque Jamaica,2,60,1,2,430000
Jardim do Leste,3,160,2,2,595000
Loteamento Chamonix,3,115,1,1,870000
Waldemar Hauer,3,105,1,1,230000
Gleba Ribeirão Limeiro,2,54,1,1,270000
Brasília,3,114,4,3,380000
Colúmbia,3,113,2,4,500000
Gleba Fazenda Palhano,1,52,1,2,585000
Leonor,3,90,2,2,500000
Centro,1,29,1,1,230000
Jardim Maria do Carmo,2,90,2,1,350000
Esperança,3,157,4,3,1390000
Gleba Fazenda Palhano,2,78,1,2,850000
Jardim Honda 2,3,85,2,2,340000
Esperança,3,150,2,4,1395000
Califórnia,3,59,1,1,170000
Brasília,3,112,1,2,410000
Gleba Fazenda Palhano,3,165,2,5,1450000
Jardim Sumaré,4,220,3,5,1200000
Jardim São Paulo II,3,59,1,1,250000
Jardim Adriana I,4,348,2,4,870000
Gleba Fazenda Palhano,3,185,3,5,2100000
Brasília,3,74,2,2,360000
Gleba Fazenda Palhano,3,215,3,5,2500000
Residencial Professora Madalena Cardoso,2,53,1,1,170000
Condomínio Vale do Arvoredo,4,220,4,5,1468000
Santa Mônica,5,400,3,4,1200000
Espanha,3,132,4,2,415000
Conjunto Habitacional Violim,3,91,1,2,329850
Bandeirantes,5,150,2,3,495000
Residencial José Lázaro Gouvea,3,340,5,5,3500000
Itamarati,5,360,4,5,3900000
Centro,3,148,2,4,1390000
Jardim Imagawa,3,139,4,3,765000
Bela Suiça,5,1000,4,1,17000000
Santa Rosa,3,183,2,5,1990000
Centro,3,139,2,3,550000
Colúmbia,3,115,2,2,400000
Centro,3,261,2,3,650000
Jardim Morumbi,3,155,1,1,300000
Gleba Fazenda Palhano,3,207,3,5,2800000
Colinas,2,41,1,1,170000
Jardim São Paulo II,2,48,1,1,230000
Jardim das Américas,3,59,1,1,230000
Brasília,2,75,1,2,658000
Centro,3,70,1,2,500000
Gleba Fazenda Palhano,2,81,1,2,710000
Centro,3,70,2,2,610000
Brasília,2,50,1,1,110000
Santa Rosa,3,86,2,1,890000
Gleba Fazenda Palhano,2,69,2,2,560000
Parque Residencial Alcântara,4,370,4,5,3200000
Gleba Fazenda Palhano,3,75,2,2,790000
Centro,4,367,4,4,2200000
Esperança,3,219,4,3,1800000
Ouro Verde,3,115,2,2,410000
Centro,3,90,2,4,480000
Centro,4,136,1,2,340000
Aurora,3,63,1,2,445000
Jardim Santo Antônio,5,330,3,3,1050000
Centro,3,163,2,5,1100000
Vivendas do Arvoredo,2,70,1,2,570000
Gleba Ribeirão Limeiro,2,52,1,1,260000
Colinas,2,41,1,1,185000
Vila Fujita,2,77,1,2,340000
Gleba Fazenda Palhano,3,207,3,4,2800000
Jardim Roma,3,145,4,2,450000
Centro,3,74,1,2,580000
Vale dos Tucanos,3,56,1,1,163000
Jardim Planalto,3,120,1,1,350000
Tucano,3,330,4,4,1350000
Colúmbia,2,150,1,1,550000
Gleba Fazenda Palhano,3,114,2,2,1400000
Santa Rita 1,2,130,5,1,380000
Centro,5,236,1,4,1500000
Gleba Fazenda Palhano,3,83,2,2,550000
Terra Bonita,3,73,1,2,550000
Panorama,2,42,1,1,150000
Jardim Maria Celina,3,79,2,2,299200
Conjunto Parigot de Souza 1,3,72,1,2,210000
Gleba Fazenda Palhano,3,120,2,2,1250000
Residencial José B Almeida,3,150,1,2,460000
Bela Suiça,3,87,2,2,590000
Gleba Fazenda Palhano,3,87,1,2,910000
Brasília,3,73,1,2,434000
Dom Pedro,3,127,4,2,1280000
Brasília,3,55,1,1,163000
Conjunto Habitacional Doutor Farid Libos,2,44,1,1,199000
Jardim São Paulo,3,87,1,2,380000
Jardim Santa Cruz,2,53,1,1,135000
Bela Suiça,3,115,2,2,1200000
Esperança,3,229,5,5,2400000
Califórnia,3,335,2,5,890000
Centro,1,45,1,1,175000
Residencial Abussafe,3,84,2,2,437000
Cafezal,3,115,4,1,450000
Santa Rosa,3,323,4,4,3850000
Centro,3,90,1,1,490000
Jardim Morumbi,2,53,1,1,220000
Cafezal,3,156,5,2,700000
Leonor,3,100,1,1,290000
Gleba Fazenda Palhano,2,103,2,2,920000
Vila Balarotti,3,660,3,3,2800000
Gleba Fazenda Palhano,1,74,1,2,779000
Centro,3,63,1,1,250000
Jardim Tarumã,3,225,4,3,850000
Portal de Versalhes 1,1,98,5,1,389740
Centro,3,160,2,1,545000
Judith,3,88,1,3,350000
Terra Bonita,2,70,1,2,500000
Conjunto Santa Rita 6,3,150,4,2,700000
Mediterrâneo,5,549,5,5,3500000
Brasília,2,53,2,1,255000
Centro,3,137,2,1,780000
Conjunto Habitacional José Garcia Molina,2,105,2,2,290000
Erotildes,5,250,2,1,750000
Jardim Pérola,3,115,2,2,650000
Santa Rosa,3,127,2,5,1380000
Esperança,3,300,4,4,1780000
Jardim Maria Celina,3,144,3,1,350000
Conjunto Habitacional Doutor Farid Libos,2,47,1,1,170000
Gleba Fazenda Palhano,2,82,2,1,800000
Centro,3,128,2,2,620000
Centro,4,300,2,5,950000
Jardim Monções,2,64,1,1,500000
São Pedro,2,48,1,1,180000
Paulista,3,120,2,2,210000
Brasília,3,125,2,2,285000
Parque Jamaica,4,147,2,3,800000
Jardim Burle Marx,3,118,2,5,780000
Taliana,2,47,1,1,160000
Heimtal,3,126,4,3,580000
Jardim Higienópolis,2,77,1,1,330000
Gleba Fazenda Palhano,4,231,3,5,1900000
Jardim Guararapes,3,73,1,2,400000
Parque Jamaica,3,52,1,1,160000
Jardim Esperança,3,160,1,1,430000
Gleba Fazenda Palhano,2,48,1,1,310000
Bela Suiça,2,70,2,1,595000
Brasília,3,72,2,1,600000
Terra Bonita,3,66,2,1,420000
Santa Rosa,3,82,1,2,770000
Marumbi,3,250,1,2,296800
Vila Fujita,3,224,2,5,1300000
Granville Parque Residencial,4,515,4,5,2150000
Vila Siam,4,174,4,3,800000
Centro,3,171,1,3,450000
Aurora,3,69,1,2,480000
Santa Mônica,3,89,2,2,330000
Jardim Maria Celina,2,36,1,1,203500
Brasília,3,136,4,2,750000
Centro,3,123,1,2,590000
Guanabara Parque Boulevard,3,89,2,1,880000
Marumbi,3,250,3,2,280000
Jardim Morumbi,3,57,1,1,200000
Brasília,3,81,2,2,435000
Esperança,3,94,2,2,700000
Parque Jamaica,2,49,1,1,290000
Coliseu,2,41,1,1,104297
Jardim Anaterra,3,270,4,2,250000
Gleba Fazenda Palhano,3,130,2,4,1550000
Aurora,3,69,1,2,450000
Brasília,3,79,1,1,285000
Residencial Vila Romana,3,160,2,3,450000
Jardim Morumbi,3,232,4,4,1790000
Brasília,4,190,2,5,850000
Jardim Nações Unidas,2,47,1,1,170000
Aeroporto,3,93,1,2,298000
Brasília,3,116,1,2,390000
Gleba Fazenda Palhano,2,44,1,1,265000
Guanabara,4,378,4,5,5900000
Condomínio Royal Golf Residence,4,658,4,5,15000000
Residencial José Lázaro Gouvea,3,70,1,2,490000
Centro,3,86,2,2,735000
Gleba Fazenda Palhano,3,70,1,1,485000
Colúmbia,3,98,2,1,380000
Brasília,3,121,2,4,550000
Jardim Higienópolis,2,58,1,2,370000
Jardim Morumbi,3,64,1,1,325000
Jardim Belém,1,90,3,1,180000
Gleba Fazenda Palhano,2,46,1,1,320000
Jardim Morumbi,4,164,4,3,360000
Gleba Fazenda Palhano,3,235,3,5,2950000
Quebec,3,450,5,3,1950000
Jardim Portal de Itamaracá,3,117,2,2,610000
Conjunto Residencial Itamaraty,3,200,1,2,380000
Petrópolis,3,78,1,2,735000
Centro,3,111,2,3,649900
Centro,3,399,3,4,1100000
Jardim Tókio,2,80,1,2,260000
Califórnia,3,246,5,4,930000
Centro,4,182,5,2,1200000
Califórnia,2,43,1,1,250000
Brasília,5,500,1,5,3990000
Vila Siam,2,69,1,2,480000
Centro,3,98,1,2,530000
Veraliz,2,57,1,2,390000
Gleba Fazenda Palhano,2,103,2,3,950000
Gleba Fazenda Palhano,3,168,2,5,1870000
Centro,4,177,2,4,870000
Caiçaras,3,132,2,3,1200000
Centro,3,86,1,3,400000
Centro,3,118,2,3,720000
Alto da Boa Vista,3,180,2,1,300000
São Vicente,3,67,1,2,485000
Coliseu,3,286,5,4,800000
Brasília,3,115,1,2,410000
Dom Pedro,3,450,5,2,1180000
Centro,1,58,1,2,320000
Colúmbia,2,90,2,1,450000
Ideal,3,249,2,1,220000
Colúmbia,3,113,2,4,500000
Vila Ipiranga,3,79,1,2,310000
Jardim Morumbi,3,205,4,5,1450000
Universitário,3,235,2,4,550000
Conjunto Cafezal 1,1,48,2,1,160000
Vila Santa Terezinha,3,64,1,2,410000
Jardim Império do Sol,3,140,1,2,600000
Santa Rosa,4,207,3,1,2450000
Colonial,4,750,4,5,5000000
Nossa Senhora de Lourdes,2,45,1,1,250000
Monte Belo,4,232,2,4,895000
Jardim Higienópolis,3,300,3,2,1250000
Conjunto Farid Libos,2,62,2,1,265000
Gleba Fazenda Palhano,3,216,4,5,3390000
Jardim São Jorge,5,600,5,5,6000000
Guanabara Parque Boulevard,3,80,1,2,650000
Caravelle,5,430,3,2,800000
Gleba Fazenda Palhano,2,46,1,1,310000
Cafezal,3,101,3,1,440000
Brasília,3,98,2,2,495000
Gleba Fazenda Palhano,3,181,2,3,2700000
Califórnia,3,119,4,2,640000
Marumbi,2,57,1,1,135000
Brasília,2,90,2,2,390000
Centro,3,65,1,2,460000
Jardim Shangri-la A,3,265,5,3,695000
Gleba Fazenda Palhano,2,55,1,1,730000
Residencial José Lázaro Gouvea,3,70,1,2,510000
Jardim Tarumã,3,148,3,3,795000
Lindóia,3,200,5,2,630000
Brasília,2,68,1,2,330000
Sabará I,3,78,2,2,410000
Brasília,4,157,2,3,680000
Centro,4,550,2,5,1515000
Residencial Portal do Sol,3,81,2,1,279880
Tietê,3,49,1,1,150000
Recanto do Salto,3,365,4,5,2900000
Jardim Morumbi,3,196,2,5,1500000
Conjunto Habitacional Alexandre Urbanas,3,143,4,3,1300000
Cafezal,3,110,1,2,389000
Jardim do Leste,3,160,2,2,595000
Gleba Fazenda Palhano,3,195,2,4,2283000
Paraíso,2,49,1,1,196100
Jardim do Leste,3,290,4,4,999000
Guanabara Parque Boulevard,3,104,2,2,1100000
Roseira,2,70,4,1,250000
Brasília,2,100,4,1,450000
Vivendas do Arvoredo,4,314,2,5,3495000
Gleba Fazenda Palhano,2,82,2,2,910000
Santa Rosa,3,207,3,5,2800000
Jerumenha,3,77,1,2,385000
Heimtal,3,110,2,1,550000
Brasília,2,46,1,1,265000
Gleba Fazenda Palhano,3,151,2,4,1800000
Jardim do Lago,3,212,2,5,1750000
Vitória Régia,3,64,1,1,220000
Gleba Fazenda Palhano,3,185,2,5,1942000
Champagnat,4,223,4,5,700000
Vivendas do Arvoredo,3,250,4,4,3290000
Santa Rosa,3,103,3,3,980000
Bela Suiça,3,111,2,2,629000
Conjunto Cafezal 1,3,200,2,2,250000
Jardim Neman Sahyun,3,93,4,2,270000
Rodocentro,3,200,4,3,1200000
Gleba Fazenda Palhano,3,87,1,2,827760
Quebec,3,615,5,4,1950000
Centro,2,55,1,1,290000
Brasília,3,100,1,2,430000
Vivendas do Arvoredo,3,181,4,5,2870000
Gleba Simon Frazer,3,235,2,4,1750000
Jardim Morumbi,3,196,2,5,1500000
Brasília,2,112,2,2,270000
Centro,2,50,1,1,129900
Residencial Abussafe,3,147,2,3,650000
Centro,3,168,1,3,490000
Gleba Fazenda Palhano,3,148,3,4,1650000
Gleba Fazenda Palhano,2,75,1,2,670000
Brasília,2,100,1,2,285000
Vivendas do Arvoredo,5,530,5,5,8500000
Brasília,3,97,1,2,250000
Jardim Oscavo Santos,3,104,2,2,580000
Centro,3,70,2,2,620000
Bandeirantes,3,100,1,2,235000
Brasília,3,70,1,1,278000
Terra Bonita,2,70,1,2,650000
Conjunto Habitacional Alexandre Urbanas,5,318,2,5,2799000
Centro,3,64,1,2,415000
Coliseu,3,190,5,3,600000
Dom Ático,3,194,4,3,1850000
Conjunto Vivi Xavier,3,96,1,2,275000
Conjunto Habitacional Alexandre Urbanas,3,144,4,3,1150000
Colúmbia,3,112,1,2,265000
Jardim Shangri-la A,5,500,4,5,1200000
Gleba Fazenda Palhano,2,75,1,2,829000
Centro,3,75,1,3,360000
Andes,3,97,1,2,430000
Centro,3,210,2,4,990000
Jardim Morumbi,2,44,2,1,225000
Centro,3,150,2,2,565000
Mediterrâneo,4,350,4,4,1700000
Jardim São Jorge,3,159,2,5,2180000
Santa Rosa,3,122,3,3,1160000
Paraíso,2,47,1,1,170000
Vila Brasil,4,193,5,4,700000
Bela Suiça,4,419,4,5,5000000
Vila Ipiranga,2,60,1,1,300000
Chácaras Pietraróia,3,310,3,3,550000
Brasília,3,144,4,4,1175000
Colina Verde,4,350,5,5,2800000
Gleba Simon Frazer,3,144,2,2,595000
Vila Ipiranga,4,117,2,3,700000
Brasília,3,70,2,2,600000
Vila Shimabokuro,1,35,1,1,149000
Gleba Fazenda Palhano,3,103,2,3,1250000
Esperança,4,280,4,4,2400000
Lago Igapó,5,313,1,4,700000
Brasília,3,104,2,3,1100000
Gleba Fazenda Palhano,3,130,2,2,1090000
Paraíso,2,48,1,1,160000
Cafezal,3,250,4,2,700000
Parque Residencial Joaquim Toledo Piza,3,130,2,2,695000
Gleba Fazenda Palhano,3,115,2,1,650000
Andrade,3,72,1,2,530000
Brasília,4,145,2,4,430000
Parque Jamaica,3,71,1,2,490000
Gleba Fazenda Palhano,2,74,1,2,790000
Conjunto Habitacional Maria Cecília Serrano de Oliveira,3,110,1,2,229000
Vitória,3,69,1,2,510000
Conjunto Habitacional Maria Cecília Serrano de Oliveira,2,120,2,1,265000
Esperança,3,267,2,5,2990000
Gleba Simon Frazer,3,205,4,4,1290000
Centro,3,136,1,3,250000
Brasília,3,64,1,1,260000
Gleba Fazenda Palhano,3,185,2,5,1680000
Brasília,3,81,2,2,690000
Gleba Fazenda Palhano,2,78,2,2,890000
Centro,3,200,1,1,410000
Roseira,4,166,1,2,250000
Paulista,4,10,3,2,400000
Gleba Fazenda Palhano,3,110,4,4,1170000
Brasília,3,79,1,2,550000
Gleba Fazenda Palhano,4,207,3,5,2350000
Jardim Maria Luiza,2,45,1,1,155000
Vila Larsen 1,3,70,1,2,330000
Gleba Fazenda Palhano,2,44,1,1,260000
Parque Jamaica,3,75,1,1,620000
Parque das Indústrias,2,80,2,1,250000
Centro,3,89,1,2,350000
Esperança,3,262,4,5,3500000
Vale dos Tucanos,2,55,1,2,230000
Pacaembu,2,220,2,1,600000
Jardim São Paulo II,3,60,1,1,220000
Brasília,3,89,3,2,580000
Brasília,2,47,1,1,202000
Brasília,3,84,1,2,299900
Gleba Ribeirão Limeiro,2,42,1,1,225000
Gleba Fazenda Palhano,3,216,4,4,2500000
Centro,3,173,2,2,550000
Conjunto Habitacional Violim,2,70,3,1,190000
Ouro Verde,3,115,2,2,415000
Vila Ipiranga,1,40,1,1,160000
Parque Jamaica,2,49,1,1,375000
Jardim Maria Luiza,2,46,1,1,180000
Lago Parque,4,250,3,5,990000
Jardim Santa Cruz,3,58,1,1,170000
Gleba Fazenda Palhano,2,74,1,1,698000
Jardim Palermo,3,127,1,3,480000
Gleba Fazenda Palhano,1,52,1,2,580000
San Fernando,3,55,1,1,179000
Centro,3,106,1,3,380000
Gleba Fazenda Palhano,3,185,3,4,1850000
Gleba Fazenda Palhano,3,346,4,5,4940000
Centro,3,74,1,2,340000
Jardim das Américas,2,44,1,1,150000
Jardim do Sol,3,97,2,3,600000
Gleba Ribeirão Limeiro,2,43,1,1,240000
Vila Filipin,2,47,1,1,179360
Gleba Fazenda Palhano,3,181,3,5,1950000
Jardim Colúmbia D,3,130,2,2,430000
Gleba Fazenda Palhano,3,87,1,2,860000
Brasília,2,53,1,1,128000
Jardim Morumbi,2,46,1,1,240000
Jardim Shangri-la A,2,52,1,2,370000
Gleba Fazenda Palhano,3,87,1,2,840000
Gleba Fazenda Palhano,3,79,2,2,580000
Gleba Fazenda Palhano,2,104,2,3,1120000
Quebec,5,405,4,4,1500000
Jardim Montecatini,3,76,1,1,320000
Parque Jamaica,3,57,1,1,150000
Brasília,3,184,4,3,625000
Gleba Fazenda Palhano,3,111,2,3,1320000
Santa Rosa,3,69,2,2,595000
Colinas,2,44,1,1,199000
Califórnia,3,123,2,1,690000
Shangri-lá,3,106,3,2,459040
Jardim dos Estados,2,80,1,1,335000
Tietê,3,57,1,1,150000
Califórnia,3,123,3,2,749000
Jardim Moema,3,70,1,1,290000
Ouro Verde,2,45,1,1,180000
Paraíso,2,48,1,1,160000
Centro,4,178,1,3,650000
Monte Belo,3,105,2,2,680000
Gleba Fazenda Palhano,3,216,3,5,2150000
Jardim Vale Azul,3,85,3,2,490000
Jardim Alvorada,3,300,2,2,380000
Nikko,3,154,2,4,1600000
Esperança,4,295,4,5,2990000
Residencial Veneza,2,62,1,1,190000
Jardim Palmas,4,151,4,2,350000
Gleba Simon Frazer,3,140,2,4,1150000
Conjunto Habitacional Alexandre Urbanas,3,183,4,4,1480000
Gleba Fazenda Palhano,2,75,1,2,660000
Centro,3,149,2,3,415000
Jardim Montecatini,3,92,1,1,365000
Esperança,3,270,4,3,1790000
Gleba Fazenda Palhano,3,111,1,3,1348200
Conjunto Café,3,65,1,2,235000
Gleba Fazenda Palhano,2,122,2,4,1450000
Gleba Fazenda Palhano,3,78,2,2,629000
Terra Bonita,5,330,4,5,1950000
Olímpico,3,57,1,1,310000
Centro,3,320,2,4,1100000
San Fernando,3,112,2,2,700000
Andrade,3,88,1,3,380000
Santa Rosa,3,323,4,5,3850000
Centro,3,138,2,3,530000
Cafezal,3,129,2,1,330000
Vila Fujita,3,178,2,1,698000
Centro,3,75,1,3,350000
Centro,3,128,2,3,1370000
Califórnia,3,103,2,1,270000
Gleba Fazenda Palhano,2,60,1,2,719000
Jardim São Paulo,3,82,2,2,270000
Brasília,2,284,2,1,300000
Brasília,3,90,2,2,365000
Brasília,3,227,5,3,680000
Centro,3,71,1,2,500000
Portal de Versalhes 2,2,152,2,2,690000
Gleba Fazenda Palhano,2,46,1,1,350000
Jardim Maria Luiza,2,42,1,1,180000
Centro,3,86,2,2,850000
Terra Bonita,3,73,1,1,490000
Guanabara Parque Boulevard,3,104,2,2,1100000
Jardim Maria Luiza,2,45,1,1,205000
Gleba Simon Frazer,4,225,4,2,1650000
Esperança,3,131,2,3,1580000
Quebec,5,1500,5,5,4499260
Gleba Fazenda Palhano,2,133,2,3,1590000
Bancários,3,270,2,5,1550000
Gleba Fazenda Palhano,3,114,2,2,860000
Gleba Fazenda Palhano,2,81,2,2,750000
Centro,2,57,2,2,420000
Santa Rosa,2,77,1,2,740000
Gleba Simon Frazer,3,140,4,1,1150000
Vila Matarazzo,5,134,4,2,450000
Conjunto Habitacional Violim,3,199,4,2,530000
Residencial José Lázaro Gouvea,3,70,1,2,490000
Jardim América,3,96,1,2,380000
Jardim dos Estados,3,190,5,3,390000
Antares,3,150,2,3,480000
Conjunto Habitacional Doutor Farid Libos,2,43,1,1,168000
Ideal,3,65,1,1,270000
Esperança,4,283,4,3,3200000
Aurora,2,64,2,1,480000
Cidade Industrial 2,2,47,1,1,265000
Jardim do Leste,4,220,2,3,580000
Jardim Moema,2,70,1,1,260000
Conjunto Novo Amparo,2,63,2,2,112000
Jardim Maria Luiza,2,42,1,1,180000
Cidade Industrial 2,2,40,1,1,170000
Jardim Agari,2,48,1,1,125000
Gleba Simon Frazer,4,153,5,3,800000
Parigot de Souza 2,3,120,2,2,290000
Brasília,3,200,2,3,495000
Jardim Tókio,3,58,1,1,220000
Conjunto Cafezal 1,5,100,2,2,265000
Leonor,2,64,3,2,250000
Jardim Morumbi,1,72,1,2,385000
São Pedro,3,89,3,2,520000
Jardim América,2,50,1,1,210000
Jardim Santa Alice,3,90,2,2,440000
Jardim Athenas,3,133,2,1,350000
Gleba Simon Frazer,3,78,2,2,450000
Centro,3,128,3,3,1400000
Gleba Fazenda Palhano,2,89,3,3,850000
Aurora,2,70,1,2,420000
Gleba Simon Frazer,3,107,2,2,640000
Aquilles Sthengel,2,65,1,1,90000
Bela Suiça,2,70,2,2,480000
Santa Rosa,3,323,4,5,3850000
Centro,3,128,2,3,600000
Aurora,2,64,1,2,610000
Iguaçu,4,253,4,2,1500000
Jardim das Américas,3,82,2,2,400000
Centro,3,253,2,5,1600000
Gleba Simon Frazer,3,140,2,2,1249140
Jardim Shangri-la A,3,225,5,1,850000
Jardim São Jorge,4,256,4,5,3200000
Campo Belo,4,187,1,3,480000
Pacaembu,3,185,2,2,699030
Jardim do Lago,3,217,2,5,1850000
Mediterrâneo,5,467,2,5,2850000
Jardim Higienópolis,1,55,1,1,309000
Jardim Maria Luiza,2,46,1,1,145000
Esperança,4,433,5,5,3750000
Gleba Fazenda Palhano,3,222,2,2,1910000
Conjunto Habitacional José Garcia Molina,2,51,1,1,165000
Bela Suiça,4,119,2,1,640000
Jardim Londrilar,3,205,3,4,1550000
Brasília,3,300,4,2,260000
São Pedro,4,209,4,3,1200000
Centro,3,64,2,2,498000
Lago Parque,3,204,4,3,990000
Gleba Fazenda Palhano,2,58,1,2,575000
Conjunto Habitacional João Turquino,2,42,2,1,149000
Santa Rosa,3,207,3,5,2335000
Jardim dos Estados,2,80,1,2,350000
Gleba Fazenda Palhano,4,211,4,4,1200000
Gleba Fazenda Palhano,3,200,3,5,1950000
Gleba Fazenda Palhano,3,68,1,2,450000
Recanto do Salto,4,356,4,5,4550000
Ouro Verde,3,115,2,2,410000
Vale de San Izidro,3,162,2,2,870000
Leonor,3,140,2,2,320000
Terra Bonita,2,84,1,2,742850
Andes,3,86,2,2,414470
Aurora,3,69,1,2,500000
Ideal,2,81,2,2,280000
Parque Residencial Joaquim Toledo Piza,2,55,1,1,180000
Gleba Fazenda Palhano,3,78,1,2,600000
Jardim Graziela,3,80,1,2,450000
Bandeirantes,3,127,4,3,850000
Conjunto Habitacional Alexandre Urbanas,3,208,4,4,1700000
Colinas,2,45,1,1,192000
Jardim Higienópolis,3,230,3,3,1250000
Gleba Fazenda Palhano,3,87,2,2,870000
Gleba Fazenda Palhano,3,79,2,2,650000
Caravelle,3,240,4,3,1190000
Gleba Fazenda Palhano,3,124,2,3,1449000
Gleba Fazenda Palhano,3,133,2,3,1600000
Jardim Novo Sabará,2,39,1,1,119000
Tucano,3,330,5,4,1350000
Paraíso,2,66,3,1,190000
Santa Rosa,2,77,1,2,760000
Colúmbia,3,98,2,2,620000
Vila Rica,3,300,1,1,340000
Jardim Tókio,2,109,1,1,220000
Paraíso,2,52,1,1,155000
Colúmbia,3,90,1,1,329000
Brasília,3,110,1,2,297000
Hedy,4,280,3,4,1500000
Centro,3,73,1,2,400000
Jardim Maria Celina,3,80,1,2,220000
Brasília,2,75,2,2,385000
Califórnia,3,55,1,1,170000
Jardim Continental,2,68,1,1,280000
Brasília,3,70,1,2,315880
Vivendas do Arvoredo,5,330,3,5,5000000
Mediterrâneo,5,400,4,5,1600000
Quebec,5,460,4,5,3200000
Jardim Honda 2,2,112,2,2,400000
Gleba Fazenda Palhano,2,103,2,3,980000
Jardim do Lago,4,217,2,5,1650000
Jardim Itatiaia 1,4,574,4,5,2800000
Santa Rosa,3,108,2,2,1240000
Gleba Fazenda Palhano,2,58,1,1,290000
Olímpico,2,50,1,1,139500
Brasília,3,60,1,1,230000
Brasília,2,46,1,1,192000
Ernani Moura Lima,3,70,2,2,199000
Terra Bonita,2,69,1,2,639000
Jardim Santa Alice,3,85,2,2,350000
Nikko,3,121,2,3,1280000
Centro,4,314,2,3,850000
Nossa Senhora de Lourdes,2,48,1,2,280000
Jardim Tókio,3,129,2,1,410000
Santa Rosa,3,108,2,3,1200000
Gleba Fazenda Palhano,3,216,3,5,2300000
Leonor,2,91,4,1,420000
Cidade Industrial 2,2,47,1,1,240000
Residencial Portal do Sol,2,67,1,1,229000
Conjunto Habitacional José Garcia Molina,2,45,1,1,160000
Esperança,4,700,2,1,9900000
Esperança,4,600,5,5,9900000
Aurora,3,75,2,2,590000
Aeroporto,4,199,4,3,495000
Santa Rosa,2,70,1,2,595000
Centro,3,90,2,1,540000
Perobinha,2,49,1,1,150000
Petrópolis,3,103,2,2,1057900
Jardim Paris,3,68,1,1,225000
Monte Carlo,3,400,3,2,650000
Gleba Ribeirão Limeiro,2,43,1,1,200000
Conjunto Habitacional Alexandre Urbanas,3,145,4,2,1200000
Colúmbia,3,87,1,2,357000
Leonor,1,160,1,3,660000
Jardim Neman Sahyun,3,115,1,1,290000
Brasília,2,86,2,3,933000
Centro,1,35,1,1,170000
Jardim São Jorge,4,283,4,5,3700000
Parque Residencial Alcântara,4,546,4,5,3500000
Brasília,3,72,2,1,600000
Centro,3,204,2,4,2930000
Vale dos Tucanos,2,44,1,1,199700
Recanto do Salto,4,224,2,5,2300000
Guanabara Parque Boulevard,3,104,2,3,1150000
Jardim Tarumã,5,181,5,3,720000
Aurora,3,70,1,2,500000
Vale dos Tucanos,3,64,1,1,195000
Gleba Fazenda Palhano,2,92,2,3,1100000
Gleba Fazenda Palhano,3,130,2,2,1200000
Jardim Shangri-la A,3,200,5,3,690000
Bela Suiça,2,115,2,3,1200000
Luiz de Sá,4,250,4,4,1500000
Gleba Fazenda Palhano,3,139,2,4,1650000
Gleba Fazenda Palhano,3,79,2,2,550000
Conjunto Habitacional José Garcia Molina,2,87,5,1,240000
Centro,2,64,1,1,250000
Califórnia,2,85,2,2,297000
Jardim Palmeiras,3,99,1,1,170000
Gleba Fazenda Palhano,3,181,3,4,1950000
Gleba Fazenda Palhano,3,173,2,5,1990000
Alto da Boa Vista,3,90,1,1,265000
São Lourenço,2,61,1,1,250000
Tucano,4,547,5,5,4600000
Jardim Nova Esperança,1,50,4,1,130000
Champagnat,3,447,3,5,1600000
Jardim Londrilar,3,205,3,5,2100000
Catuai,2,166,3,1,250000
Ouro Verde,2,45,1,1,140000
Cláudia,3,55,1,1,290000
Bela Suiça,4,419,5,5,4750000
Vila Filipin,2,48,1,1,200000
Jardim Montecatini,3,145,4,3,1175000
Conjunto Residencial Itamaraty,3,74,1,2,230000
Jardim Imagawa,3,250,3,2,245000
Esperança,4,313,4,5,3500000
Gleba Fazenda Palhano,2,85,1,3,950000
Carnascialli,3,70,2,2,230000
Campo Belo,3,98,1,2,350000
Judith,3,89,1,2,520000
Vivendas do Arvoredo,3,260,4,5,4200000
Gleba Fazenda Palhano,3,181,2,5,1950000
Cidade Industrial 2,2,44,1,1,220000
Petrópolis,4,241,3,1,1300000
Quebec,4,461,4,2,4000000
Centro,3,86,1,1,398000
Jardim Morumbi,2,64,1,1,440000
Esperança,3,221,4,5,2500000
Jardim Shangri-la A,2,67,1,1,380000
Jardim São Jorge,4,283,3,5,3890000
Lindóia,2,150,2,2,455000
Jardim Império do Sol,3,65,1,1,180000
Terra Bonita,2,70,1,2,762600
Alto da Colina,1,17,1,1,140000
Gleba Fazenda Palhano,3,80,1,1,770000
Jardim Santa Cruz,3,58,1,1,150000
Alto da Colina,1,17,1,1,135000
Aurora,3,70,1,2,450000
Alto da Boa Vista,3,76,1,1,350000
Jardim Maria Luiza,2,124,2,2,350000
Gleba Fazenda Palhano,2,50,1,1,280000
São Pedro,2,40,1,1,150000
Champagnat,3,58,2,1,398000
Brasília,3,157,2,3,1480000
Parque Jamaica,3,69,1,3,420000
Esperança,1,220,4,2,1680000
Bela Suiça,3,232,4,5,2850000
Centro,3,74,1,3,350000
Lagoa Dourada,2,40,1,1,130000
Terra Bonita,5,333,4,4,1850000
Esperança,5,283,4,5,3200000
Gleba Fazenda Palhano,3,185,3,5,2000000
Gleba Fazenda Palhano,3,181,3,5,1950000
Centro,3,109,1,1,435000
Gleba Fazenda Palhano,3,82,2,2,730000
Brasília,3,120,2,2,545000
Hedy,3,263,4,4,1650000
Conjunto Residencial Marajoara,2,45,1,1,155000
Brasília,3,160,4,2,500000
Bandeirantes,2,60,2,2,380000
Jardim Burle Marx,3,145,3,4,750000
Ideal,2,110,2,2,395000
Brasília,3,87,2,2,429000
Conjunto Café,2,80,1,2,300000
Aurora,2,52,1,1,450000
Iguaçu,4,540,4,3,2250000
Gleba Fazenda Palhano,2,66,1,1,318000
Gleba Simon Frazer,3,140,2,4,1150000
Coliseu,2,45,1,1,169000
Parque Residencial Michael Licha,3,78,1,1,250000
Jardim Guararapes,5,200,2,5,690000
Jardim Esperança,3,130,1,1,590000
Lindóia,2,197,2,2,450000
Esperança,5,315,4,5,3800000
Gleba Fazenda Palhano,2,45,1,1,275000
Jardim Morumbi,3,67,1,1,288000
Tietê,2,55,1,1,145000
Antares,3,360,3,3,1650000
Centro,4,209,2,4,1150000
Catuai,2,140,3,3,350000
Industrial,3,59,1,1,260000
Paulista,3,115,2,2,410000
Gleba Ribeirão Limeiro,2,45,1,1,230000
Perobinha,2,46,1,1,110000
Conjunto Habitacional Doutor Farid Libos,2,64,2,2,120000
Jardim Adriana I,4,300,5,1,795000
Quebec,5,460,4,5,3500000
Brasília,2,41,1,1,220000
Jardim América,3,88,2,2,440000
Alto da Colina,1,26,1,1,150000
Parque Jamaica,3,72,1,2,479000
Leonor,3,110,2,2,390000
Residencial Vila Romana,3,160,2,3,450000
Gleba Fazenda Palhano,3,122,2,2,1450000
Gleba Fazenda Palhano,1,48,1,1,478000
Aeroporto,3,79,2,2,490000
Vila Ipiranga,2,50,1,1,195000
Gleba Fazenda Palhano,2,89,2,2,899000
Kennedy,1,45,1,1,200000
Centro,2,66,1,2,270000
Vale dos Tucanos,4,125,1,3,650000
Parque Jamaica,2,47,1,1,160000
Gleba Fazenda Palhano,2,122,2,4,1500000
Ideal,2,100,1,2,320000
Judith,4,179,2,4,700000
Centro,3,75,1,2,580000
Vila Filipin,2,51,1,2,180000
Gleba Fazenda Palhano,3,155,3,5,1600000
Colúmbia,2,57,1,1,250000
Nossa Senhora de Lourdes,4,324,1,3,700000
Santa Mônica,3,260,5,4,885000
Guanabara,3,269,3,5,3380000
Vitória,3,96,2,2,290000
Terra Bonita,4,285,2,5,1980000
Centro,3,86,2,2,750000
Centro,3,74,2,2,602000
Jardim Maria Luiza,2,47,1,1,148000
Jardim Agari,3,75,1,2,260000
Gleba Fazenda Palhano,3,165,2,3,1550000
Nova Olinda,2,51,1,1,140000
Esperança,5,260,5,5,3100000
Recanto do Salto,5,347,5,5,3200000
Gleba Fazenda Palhano,3,344,4,4,5478000
Portal de Versalhes 1,3,260,2,5,940000
Colúmbia,2,100,2,2,450000
Centro,2,66,1,2,350000
Brasília,4,160,5,2,356500
Gleba Fazenda Palhano,2,89,1,2,950000
Jardim Moema,3,80,1,1,288000
Ideal,2,45,1,1,175000
Ernani Moura Lima,2,40,1,1,230000
Aeroporto,3,77,1,2,421300
Conjunto Residencial Marajoara,2,48,1,1,150000
Parque Jamaica,3,71,1,2,355000
Brasília,3,177,1,2,795000
Ideal,3,125,1,1,299000
Parque Jamaica,2,41,1,1,160000
Gleba Fazenda Palhano,3,195,2,5,2260000
Residencial José Lázaro Gouvea,3,70,1,2,515000
Gleba Fazenda Palhano,3,111,2,3,1460000
Parigot de Souza 2,3,128,1,2,160000
Olímpico,2,45,1,1,200000
Petrópolis,2,78,2,2,670000
Brasília,3,57,1,1,144000
Brasília,3,63,1,1,150000
Brasília,2,83,1,2,299900
Santa Rosa,3,98,2,2,980000
Brasília,2,46,1,1,270000
Jardim Agari,2,92,1,3,390000
Vivendas do Arvoredo,3,400,4,5,6450000
Terra Bonita,2,62,1,2,580000
Califórnia,1,50,1,4,1200000
Gleba Fazenda Palhano,3,139,2,5,1550000
Centro,3,81,1,2,240000
Parigot de Souza 2,3,120,4,2,269000
Jardim do Lago,3,80,1,2,680000
Brasília,4,130,2,2,290000
Judith,3,280,2,2,850000
Brasília,2,45,1,1,165000
Bela Suiça,3,456,4,5,5500000
Bela Suiça,4,333,4,5,4000000
Brasília,3,118,1,2,290000
Gleba Fazenda Palhano,2,89,2,3,810000
Guanabara,3,101,1,2,480000
Jardim Morumbi,3,179,2,3,1590000
Centro,2,57,1,2,399000
Paulista,2,58,1,1,220000
Gleba Fazenda Palhano,3,94,2,2,895000
Gleba Fazenda Palhano,3,167,2,5,2300000
São Pedro,1,36,1,1,180000
Conjunto Semiramis Barros Braga,4,170,2,2,460000
Vila Siam,2,69,2,2,599800
Conjunto Habitacional Alexandre Urbanas,3,210,4,5,1650000
Centro,3,87,1,2,384000
Residencial Abussafe,3,118,2,2,550000
Califórnia,2,100,1,3,419000
Leonor,3,215,2,2,590000
Esperança,4,328,4,5,2500000
Heimtal,3,80,1,2,230000
Conjunto Semiramis Barros Braga,2,100,4,1,130000
Terras de Santana II,4,400,5,5,4500000
Jardim Portal de Itamaracá,3,84,2,2,350000
Tucano,4,226,2,5,1350000
Tarobá,2,80,1,1,250000
Centro,4,299,3,3,1400000
Marumbi,4,191,4,4,1990000
Brasília,2,56,1,1,160000
Olímpico,2,55,1,1,280000
Jardim Império do Sol,3,120,3,1,235000
Jardim União da Vitória,5,150,2,2,200000
Terra Bonita,3,70,2,2,570000
Jardim Burle Marx,3,142,1,2,1090000
Jardim Morumbi,2,50,1,1,300000
Gleba Fazenda Palhano,3,114,2,2,1599000
Vila Filipin,2,56,2,1,185000
Jardim Imagawa,4,450,5,5,1600000
Conjunto Café,3,135,2,3,450000
Gleba Fazenda Palhano,3,79,1,1,340000
Ipanema,3,158,3,2,745000
Jardim Shangri-la A,3,67,1,2,499000
Jardim Santa Cruz,3,60,1,1,135000
Centro,4,404,3,5,1950000
Gleba Fazenda Palhano,2,70,1,2,630000
Gleba Fazenda Palhano,3,207,2,5,2000000
Conjunto Habitacional José Garcia Molina,2,45,1,1,168000
Centro,5,303,3,5,1200000
Gleba Fazenda Palhano,2,69,2,2,550000
Gleba Fazenda Palhano,3,122,2,3,1280000
Antares,3,129,1,3,550000
Centro,3,66,2,2,320000
Waldemar Hauer,5,950,5,5,14500000
Judith,3,127,2,2,950000
Jerumenha,3,77,1,2,385000
Vila Larsen 1,2,63,2,2,480000
Gleba Fazenda Palhano,2,47,1,1,193000
Jardim Monções,3,275,5,5,1200000
Colina Verde,4,850,5,5,3850000
Maria Lúcia,3,130,2,1,440000
Alpes,3,230,4,4,850000
Jardim Pequena Londres,3,75,1,2,290000
Gleba Fazenda Palhano,2,70,1,2,640000
Centro,4,314,2,4,870000
Jardim Vale Verde,3,85,2,2,290000
Vitória,2,150,5,1,950000
Terra Bonita,2,79,2,2,890600
Santa Rita 1,2,103,2,1,250000
Bela Suiça,2,70,2,2,550000
Brasília,3,82,1,2,400000
Vila Larsen 1,3,70,1,1,330000
Terra Bonita,2,91,3,1,560000
Brasília,2,140,3,1,340000
Vila Fujita,3,224,2,5,1300000
Gleba Fazenda Palhano,3,95,2,2,965000
Gleba Fazenda Palhano,3,181,4,5,1950000
Amaro,3,126,3,1,400000
Gleba Fazenda Palhano,3,108,2,3,1250000
Centro,3,118,2,2,680000
Cafezal,3,99,1,1,450000
Esperança,2,41,1,1,250000
Jardim Morumbi,4,212,2,5,1625000
Esperança,3,266,3,5,2990000
Terra Bonita,3,140,2,3,899000
Gleba Fazenda Palhano,3,77,2,2,655000
Centro,3,140,1,3,380000
Lago Parque,4,322,2,2,1000000
Gleba Fazenda Palhano,3,97,2,2,680000
Centro,3,123,2,4,580000
Pacaembu,5,140,3,3,570000
Parque Leblon,3,135,2,1,420000
Conjunto Habitacional Alexandre Urbanas,3,196,2,5,1700000
Vitória,3,69,1,2,590000
Santa Mônica,3,145,3,3,670000
Gleba Fazenda Palhano,3,130,2,5,1600000
Jardim Presidente,4,458,5,5,2095000
Champagnat,3,60,1,1,220000
Gleba Fazenda Palhano,3,99,2,2,920000
Conjunto Habitacional Alexandre Urbanas,4,193,2,5,1650000
Colúmbia,2,96,2,2,450000
Jardim Higienópolis,3,203,2,3,550000
Sabará III,2,112,2,1,320000
Gleba Fazenda Palhano,3,79,2,2,670000
Vila Filipin,2,47,1,1,195000
Leonor,3,173,3,2,365000
Vale dos Tucanos,2,55,1,3,300000
Jardim Planalto,3,250,5,1,320000
Gleba Fazenda Palhano,3,87,3,2,1090000
Jardim São Paulo II,3,64,1,1,220000
Gleba Fazenda Palhano,3,62,1,2,722450
Gleba Fazenda Palhano,3,79,2,2,560000
Petrópolis,4,360,4,3,1600000
Conjunto Semiramis Barros Braga,2,133,2,1,180000
Centro,3,156,2,4,750000
Gleba Ribeirão Limeiro,2,45,2,1,260000
Loteamento Chamonix,3,142,2,4,680000
Gleba Fazenda Palhano,3,94,2,2,850000
Jardim Nações Unidas,2,60,1,1,165000
Universitário,3,113,1,2,650000
Gleba Fazenda Palhano,3,73,1,2,550000
Conjunto Parigot de Souza 3,2,65,1,1,280000
Brasília,3,80,3,2,435000
Jardim Império do Sol,3,106,2,3,475000
Olímpico,3,82,2,2,315000
Vila Larsen 1,2,100,2,1,400000
Gleba Fazenda Palhano,3,68,1,2,480000
Esperança,2,48,1,1,250000
Jardim Presidente,3,71,1,2,570000
Jerumenha,3,77,1,2,370000
Centro,3,73,1,2,440000
Jardim Jóquei Club,2,45,1,1,179000
Tucano,4,543,5,5,3895000
Portuguesa,5,160,3,3,229000
Loteamento Chamonix,3,161,3,3,780000
Lindóia,3,110,2,2,235000
Jardim dos Estados,2,80,1,2,320000
São Vicente,3,64,1,2,450000
Vivendas do Arvoredo,3,172,4,5,2989000
Vila Brasil,3,66,1,2,469900
Gleba Fazenda Palhano,4,340,4,5,6500000
Santa Rosa,3,245,3,4,2790000
Lagoa Dourada,3,39,1,1,160000
Califórnia,4,280,5,4,1100000
Carnascialli,3,90,1,1,200000
Conjunto Semiramis Barros Braga,2,43,1,1,130000
Gleba Fazenda Palhano,2,46,1,1,340000
Gleba Fazenda Palhano,3,76,2,2,655000
Vitória,2,59,1,1,270000
Esperança,3,266,2,4,2100000
Jardim Montecatini,1,76,2,2,340000
Luiz de Sá,2,90,2,1,185000
Vila Casoni,5,170,4,4,430000
Conjunto Habitacional Alexandre Urbanas,3,150,4,4,1050000
Conjunto Habitacional José Garcia Molina,3,170,4,3,650000
Leonor,3,68,1,1,270000
Jardim São Tomás,3,184,1,2,350000
Jardim Guararapes,3,128,3,2,712000
Gleba Fazenda Palhano,3,75,2,2,650000
Paulista,3,120,2,2,210000
Centro,3,95,2,3,550000
Jardim Maria Luiza,2,56,1,1,190000
Centro,3,90,1,3,550000
Jardim Maria Celina,2,48,1,1,139000
Parque Residencial Alcântara,3,500,2,3,1620000
Gleba Fazenda Palhano,3,392,4,5,4990000
São Vicente,3,76,1,2,480000
Jardim Portal dos Pioneiros,3,85,2,2,350000
Vila Ipiranga,2,74,1,2,300000
Brasília,3,68,1,2,530000
Gleba Fazenda Palhano,3,114,2,2,1200000
Gleba Fazenda Palhano,2,58,1,2,720000
Jardim São Paulo,2,67,1,1,210000
Centro,3,90,1,2,565000
Guanabara,3,269,3,5,3380000
Jardim Alto do Cafezal,2,130,2,1,380000
Champagnat,5,271,2,4,1099560
Esperança,4,426,4,5,4800000
Perobinha,1,49,1,1,128000
Gleba Fazenda Palhano,3,130,2,3,1050000
Conjunto Habitacional Santiago II,2,46,1,1,239000
Jardim Nações Unidas,2,51,1,1,145000
Conjunto Habitacional Doutor Farid Libos,2,47,1,1,100000
Vila Larsen 1,3,70,1,1,349000
Olímpico,3,209,2,5,1450000
Conjunto Cafezal 1,4,163,3,3,490000
Campo Belo,3,200,2,2,900000
Centro,5,470,5,5,2890000
Carnascialli,3,250,3,2,300000
Gleba Fazenda Palhano,3,155,3,5,1650000
Gleba Fazenda Palhano,3,100,2,3,920000
Jardim Pioneiros,3,185,2,3,750000
Conjunto Habitacional Alexandre Urbanas,3,146,4,2,1180000
Terra Bonita,3,63,1,2,475000
Gleba Fazenda Palhano,3,181,3,4,2150000
Brasília,3,120,3,3,2700000
Champagnat,3,253,4,4,700000
Centro,3,123,2,3,590000
Guanabara,4,388,4,5,6950000
Esperança,2,42,1,1,200000
Conjunto Parigot de Souza 1,3,122,3,2,300000
Nossa Senhora de Lourdes,2,68,1,2,220000
Jardim do Leste,3,201,1,1,420000
Luiz de Sá,3,50,3,1,190000
Jardim Pérola,3,227,4,3,780000
Jardim Nova Aliança,2,56,2,1,280000
Centro,3,127,2,2,850000
Residencial José Lázaro Gouvea,3,70,1,2,495000
Residencial José B Almeida,3,82,2,2,300000
Iguaçu,4,540,5,5,2250000
Gleba Fazenda Palhano,3,120,1,3,1100000
Residencial José B Almeida,3,80,1,2,380000
Terra Bonita,3,73,1,2,450000
Jardim Londrilar,4,136,1,2,340000
Brasília,2,44,1,1,165000
Jardim ltaparica,3,120,2,1,320000
Cidade Industrial 2,2,45,1,1,175000
Vitória,2,96,2,1,290000
Vila Fujita,4,313,5,4,1400000
Vivendas do Arvoredo,3,360,4,5,3690000
Vila Larsen 1,1,59,1,2,520000
Jardim do Leste,3,153,2,2,670000
Alpes,5,243,1,2,420000
Ideal,3,187,2,1,270000
Bela Suiça,4,427,4,5,8500000
Santa Rosa,3,108,1,2,1290000
Leonor,1,142,3,2,550000
Coliseu,3,212,2,2,750000
Ideal,3,87,1,1,371000
Brasília,3,81,1,2,330000
Vila Siam,3,69,1,2,569840
Conjunto Habitacional José Garcia Molina,2,45,1,1,180000
Conjunto Farid Libos,2,62,1,1,265000
Jardim Montecatini,3,92,1,1,365000
Gleba Fazenda Palhano,3,181,4,5,2400000
Gleba Simon Frazer,3,199,2,4,1400000
Alto da Boa Vista,3,102,3,1,390000
Gleba Fazenda Palhano,3,78,2,1,580000
Universitário,3,203,5,4,1290000
Centro,2,66,1,2,259000
Gleba Fazenda Palhano,3,122,2,4,1300000
Gleba Fazenda Palhano,2,47,1,1,280000
Jardim Planalto,3,170,3,2,350000
Jardim Morumbi,2,47,1,1,260000
Gleba Fazenda Palhano,3,301,4,5,3000000
Nossa Senhora de Lourdes,2,52,1,2,220000
Centro,4,287,2,5,1400000
Brasília,2,47,1,1,165000
Caravelle,3,390,4,4,1400000
Conjunto Habitacional Alexandre Urbanas,3,230,2,3,1570000
Dom Bosco,3,85,1,2,280000
Vila Larsen 1,2,57,1,2,300000
Jardim Império do Sol,4,255,5,4,890000
Fraternidade,3,200,1,1,450000
Santa Mônica,3,156,3,3,520000
Jardim das Américas,2,44,1,1,145000
Gleba Fazenda Palhano,3,238,3,4,2950000
Centro,3,79,1,1,470000
Centro,3,77,1,2,270000
Jardim Presidente,5,180,4,3,660000
Residencial Vila Romana,2,125,1,2,555000
Gleba Fazenda Palhano,1,52,1,2,559000
Conjunto Habitacional Jamile Dequech,2,100,1,1,239000
Gleba Fazenda Palhano,3,122,2,2,1275000
Heimtal,3,157,2,2,1430000
Gleba Fazenda Palhano,3,114,2,3,1250000
Conjunto Habitacional José Garcia Molina,2,45,1,1,139000
Marumbi,3,250,2,3,995000
Centro,3,107,1,3,380000
Gleba Fazenda Palhano,3,236,3,5,3250000
Centro,1,60,1,1,260000
Recanto do Salto,5,358,5,5,2980000
Loteamento Chamonix,3,85,2,2,440000
Centro,3,81,2,2,700000
Centro,4,382,3,5,2300000
Jardim Sabará,2,43,1,1,210000
Portal de Versalhes 1,3,128,2,3,780000
Ideal,2,124,2,1,320000
Jardim Planalto,4,120,1,2,250000
Brasília,2,54,1,1,150000
Nossa Senhora de Lourdes,3,47,1,2,220000
Ouro Verde,3,115,1,2,410000
Mediterrâneo,5,549,5,5,3500000
Jardim América,1,70,1,2,450000
Itapoã,2,149,1,1,200000
Jardim Morumbi,2,53,1,1,165000
Centro,1,26,1,1,245000
Gleba Fazenda Palhano,2,112,2,2,1350000
Gleba Fazenda Palhano,2,133,2,3,1550000
Califórnia,3,125,4,1,290000
Cláudia,2,47,1,2,250000
Jardim Tókio,3,246,4,4,698850
Vale dos Tucanos,2,49,1,1,275000
Conjunto Parigot de Souza 1,2,87,1,1,215000
Maringá,3,200,2,2,950000
Vila Fujita,3,108,2,3,700000
Jardim Paraná,3,66,1,1,300000
Parigot de Souza 2,3,120,3,1,180000
Centro,2,66,1,2,349000
Vila Filipin,3,72,1,2,395000
Ouro Verde,2,46,1,1,179000
Gleba Fazenda Palhano,3,221,4,4,2490000
Centro,1,45,1,1,270000
Marabá,1,63,2,1,220000
Andrade,2,65,1,1,250000
Vitória,3,112,1,2,530000
Marabá,2,76,2,1,240000
Jardim Jerônimo Nogueira de Figueiredo,1,81,2,2,210000
Recanto do Salto,3,160,4,2,3000000
Santos Dumont,4,197,4,3,720000
Centro,3,253,2,4,1600000
Jardim Maria Celina,3,153,2,2,259000
Gleba Fazenda Palhano,2,112,2,2,1350000
Gleba Fazenda Palhano,1,87,1,2,950000
Aurora,2,75,1,2,605000
Gleba Ribeirão Limeiro,2,44,1,1,185000
Centro,3,84,2,2,600000
Vale dos Tucanos,3,64,1,2,499000
Parque Jamaica,2,62,1,1,150000
Maria Lúcia,4,125,5,2,350000
Centro,3,73,1,3,300000
Recanto do Salto,5,360,5,5,3500000
Vila Fujita,4,224,2,5,850000
Cláudia,3,76,1,3,328000
Jardim Tarumã,3,137,4,3,650000
Vivendas do Arvoredo,4,264,4,5,3300000
Jardim São Jorge,4,672,4,5,6000000
Jardim Colúmbia D,3,70,1,1,300000
Esperança,3,803,5,3,3300000
Vila Nova,2,53,1,1,330000
Jardim Burle Marx,4,205,3,4,1200000
Santa Rosa,3,77,2,2,636000
Brasília,3,130,2,5,1395000
Brasília,3,79,1,1,285000
Recanto do Salto,4,244,4,4,2450000
Jardim Higienópolis,1,51,1,1,370000
Jardim Shangri-la A,3,400,5,3,1385000
Sabará I,3,78,1,2,400000
Centro,4,164,3,5,1400000
Gleba Fazenda Palhano,3,205,2,2,1200000
Centro,3,84,3,2,680000
Conjunto Habitacional Santiago II,2,70,1,2,310000
Santa Mônica,3,310,2,3,1090000
Aurora,2,56,1,1,350000
Colinas,2,44,1,1,200000
Gleba Fazenda Palhano,3,236,4,3,2390000
Ouro Verde,3,120,2,2,390000
Centro,3,117,2,2,1000000
Terra Bonita,2,70,1,2,747000
Santa Rosa,3,207,3,4,2200000
Jardim Santa Cruz,3,65,1,1,150000
Aurora,3,70,2,2,460000
Brasília,2,48,1,1,135000
Gleba Fazenda Palhano,2,67,1,2,525000
Jardim Ok,3,132,5,2,450000
Gleba Fazenda Palhano,3,165,2,3,1500000
Gleba Fazenda Palhano,3,114,2,3,1600000
Jardim Santa Cruz,3,165,2,3,625000
Centro,3,90,1,2,560000
Bela Suiça,2,70,2,2,565000
Jardim Oguido,3,65,1,1,250000
Jardim Adriana I,3,69,1,1,380000
Gleba Fazenda Palhano,3,155,2,5,1890000
Gleba Fazenda Palhano,3,277,3,3,1750000
Nova Olinda,2,45,1,1,100000
